{"data": [{"advertiser": {"id": "27493644", "description": "Aldi Stores"}, "area": "Bayside & South Eastern Suburbs", "areaId": 5070, "areaWhereValue": "Bayside & South Eastern Suburbs Melbourne VIC", "automaticInclusion": false, "bulletPoints": [], "classification": {"id": "6043", "description": "Retail & Consumer Products"}, "companyName": "ALDI", "companyProfileStructuredDataId": 5197, "displayType": "standard", "listingDateDisplay": "20d ago", "location": "Melbourne", "locationId": 1002, "locationWhereValue": "All Melbourne VIC", "id": 59547454, "isPremium": false, "isStandOut": false, "jobLocation": {"label": "Endeavour Hills, Melbourne VIC", "countryCode": "AU", "seoHierarchy": [{"contextualName": "Endeavour Hills VIC 3802"}, {"contextualName": "All Melbourne VIC"}]}, "listingDate": "2022-12-21T23:29:30Z", "logo": {"id": "", "description": null}, "roleId": "store-manager", "salary": "", "solMetadata": {"searchRequestToken": "f3463c9f-6e5c-45d4-b34f-0a83cd2d8c8d", "token": "0~f3463c9f-6e5c-45d4-b34f-0a83cd2d8c8d", "jobId": "59547454", "section": "MAIN", "sectionRank": 361, "jobAdType": "ORGANIC", "tags": {"mordor__flights": "mordor_123"}}, "subClassification": {"id": "6047", "description": "Management - Store"}, "suburb": "Endeavour Hills", "suburbId": 20070, "suburbWhereValue": "Endeavour Hills VIC 3802", "teaser": "From driving sales and controlling costs, to serving customers & training staff, our Duty Store Managers always lead from the front.", "title": "CC- Duty Store Manager Endeavour Hills", "tracking": "ewogICJ0b2tlbiI6ICJlOWI4YzE0OS0zMDNhLTllYTItYmNiNS0zNWFmMmE1MzQyZTBfMSIKfQ==", "workType": "Part Time", "isPrivateAdvertiser": false}, {"advertiser": {"id": "27493644", "description": "Aldi Stores"}, "area": "Bayside & South Eastern Suburbs", "areaId": 5070, "areaWhereValue": "Bayside & South Eastern Suburbs Melbourne VIC", "automaticInclusion": false, "bulletPoints": [], "classification": {"id": "6043", "description": "Retail & Consumer Products"}, "companyName": "ALDI", "companyProfileStructuredDataId": 5197, "displayType": "standard", "listingDateDisplay": "20d ago", "location": "Melbourne", "locationId": 1002, "locationWhereValue": "All Melbourne VIC", "id": 59545902, "isPremium": false, "isStandOut": false, "jobLocation": {"label": "Lyndhurst, Melbourne VIC", "countryCode": "AU", "seoHierarchy": [{"contextualName": "Lyndhurst VIC 3975"}, {"contextualName": "All Melbourne VIC"}]}, "listingDate": "2022-12-21T22:01:01Z", "logo": {"id": "", "description": null}, "roleId": "store-manager", "salary": "", "solMetadata": {"searchRequestToken": "f3463c9f-6e5c-45d4-b34f-0a83cd2d8c8d", "token": "0~f3463c9f-6e5c-45d4-b34f-0a83cd2d8c8d", "jobId": "59545902", "section": "MAIN", "sectionRank": 362, "jobAdType": "ORGANIC", "tags": {"mordor__flights": "mordor_123"}}, "subClassification": {"id": "6047", "description": "Management - Store"}, "suburb": "Lyndhurst", "suburbId": 14019, "suburbWhereValue": "Lyndhurst VIC 3975", "teaser": "From driving sales and controlling costs, to serving customers & training staff, our Duty Store Managers always lead from the front.", "title": "Duty Store Manager - Lyndhurst, Cranbourne, Clyde North", "tracking": "ewogICJ0b2tlbiI6ICJlOWI4YzE0OS0zMDNhLTllYTItYmNiNS0zNWFmMmE1MzQyZTBfMiIKfQ==", "workType": "Part Time", "isPrivateAdvertiser": false}, {"advertiser": {"id": "27493644", "description": "Aldi Stores"}, "area": "CBD, Inner West & Eastern Suburbs", "areaId": 5027, "areaWhereValue": "Sydney CBD, Inner West & Eastern Suburbs Sydney NSW", "automaticInclusion": false, "bulletPoints": [], "classification": {"id": "6043", "description": "Retail & Consumer Products"}, "companyName": "ALDI", "companyProfileStructuredDataId": 5197, "displayType": "standard", "listingDateDisplay": "27d ago", "location": "Sydney", "locationId": 1000, "locationWhereValue": "All Sydney NSW", "id": 59497807, "isPremium": false, "isStandOut": false, "jobLocation": {"label": "Edgecliff, Sydney NSW", "countryCode": "AU", "seoHierarchy": [{"contextualName": "Edgecliff NSW 2027"}, {"contextualName": "All Sydney NSW"}]}, "listingDate": "2022-12-15T04:24:24Z", "logo": {"id": "", "description": null}, "roleId": "assistant-store-manager", "salary": "", "solMetadata": {"searchRequestToken": "f3463c9f-6e5c-45d4-b34f-0a83cd2d8c8d", "token": "0~f3463c9f-6e5c-45d4-b34f-0a83cd2d8c8d", "jobId": "59497807", "section": "MAIN", "sectionRank": 363, "jobAdType": "ORGANIC", "tags": {"mordor__flights": "mordor_123"}}, "subClassification": {"id": "6047", "description": "Management - Store"}, "suburb": "Edgecliff", "suburbId": 19935, "suburbWhereValue": "Edgecliff NSW 2027", "teaser": "Whether it\u2019s managing rosters or cleaning up a spill in aisle 3, our Assistant Store Managers always lead from the front.", "title": "Assistant Store Manager - Darlinghurst", "tracking": "ewogICJ0b2tlbiI6ICJlOWI4YzE0OS0zMDNhLTllYTItYmNiNS0zNWFmMmE1MzQyZTBfMyIKfQ==", "workType": "Full Time", "isPrivateAdvertiser": false}, {"advertiser": {"id": "27493644", "description": "Aldi Stores"}, "area": "Eastern Suburbs", "areaId": 5071, "areaWhereValue": "Eastern Suburbs Melbourne VIC", "automaticInclusion": false, "bulletPoints": [], "classification": {"id": "6043", "description": "Retail & Consumer Products"}, "companyName": "ALDI", "companyProfileStructuredDataId": 5197, "displayType": "standard", "listingDateDisplay": "22d ago", "location": "Melbourne", "locationId": 1002, "locationWhereValue": "All Melbourne VIC", "id": 59532068, "isPremium": false, "isStandOut": false, "jobLocation": {"label": "Burwood East, Melbourne VIC", "countryCode": "AU", "seoHierarchy": [{"contextualName": "Burwood East VIC 3151"}, {"contextualName": "All Melbourne VIC"}]}, "listingDate": "2022-12-20T05:58:45Z", "logo": {"id": "", "description": null}, "roleId": "store-manager", "salary": "", "solMetadata": {"searchRequestToken": "f3463c9f-6e5c-45d4-b34f-0a83cd2d8c8d", "token": "0~f3463c9f-6e5c-45d4-b34f-0a83cd2d8c8d", "jobId": "59532068", "section": "MAIN", "sectionRank": 364, "jobAdType": "ORGANIC", "tags": {"mordor__flights": "mordor_123"}}, "subClassification": {"id": "6047", "description": "Management - Store"}, "suburb": "Burwood East", "suburbId": 22299, "suburbWhereValue": "Burwood East VIC 3151", "teaser": "From driving sales and controlling costs, to serving customers & training staff, our Duty Store Managers always lead from the front.", "title": "Duty Store Manager - Box Hill/ Surrounding suburbs - 35hrs p/w", "tracking": "ewogICJ0b2tlbiI6ICJlOWI4YzE0OS0zMDNhLTllYTItYmNiNS0zNWFmMmE1MzQyZTBfNCIKfQ==", "workType": "Part Time", "isPrivateAdvertiser": false}, {"advertiser": {"id": "27493644", "description": "Aldi Stores"}, "area": "CBD, Inner West & Eastern Suburbs", "areaId": 5027, "areaWhereValue": "Sydney CBD, Inner West & Eastern Suburbs Sydney NSW", "automaticInclusion": false, "bulletPoints": [], "classification": {"id": "6043", "description": "Retail & Consumer Products"}, "companyName": "ALDI", "companyProfileStructuredDataId": 5197, "displayType": "standard", "listingDateDisplay": "27d ago", "location": "Sydney", "locationId": 1000, "locationWhereValue": "All Sydney NSW", "id": 59498867, "isPremium": false, "isStandOut": false, "jobLocation": {"label": "Bondi Junction, Sydney NSW", "countryCode": "AU", "seoHierarchy": [{"contextualName": "Bondi Junction NSW 2022"}, {"contextualName": "All Sydney NSW"}]}, "listingDate": "2022-12-15T05:42:18Z", "logo": {"id": "", "description": null}, "roleId": "assistant-store-manager", "salary": "", "solMetadata": {"searchRequestToken": "f3463c9f-6e5c-45d4-b34f-0a83cd2d8c8d", "token": "0~f3463c9f-6e5c-45d4-b34f-0a83cd2d8c8d", "jobId": "59498867", "section": "MAIN", "sectionRank": 365, "jobAdType": "ORGANIC", "tags": {"mordor__flights": "mordor_123"}}, "subClassification": {"id": "6047", "description": "Management - Store"}, "suburb": "Bondi Junction", "suburbId": 17777, "suburbWhereValue": "Bondi Junction NSW 2022", "teaser": "Whether it\u2019s managing rosters or cleaning up a spill in aisle 3, our Assistant Store Managers always lead from the front.", "title": "Assistant Store Manager - Bondi Junction", "tracking": "ewogICJ0b2tlbiI6ICJlOWI4YzE0OS0zMDNhLTllYTItYmNiNS0zNWFmMmE1MzQyZTBfNSIKfQ==", "workType": "Full Time", "isPrivateAdvertiser": false}, {"advertiser": {"id": "27493644", "description": "Aldi Stores"}, "area": "CBD, Inner West & Eastern Suburbs", "areaId": 5027, "areaWhereValue": "Sydney CBD, Inner West & Eastern Suburbs Sydney NSW", "automaticInclusion": false, "bulletPoints": [], "classification": {"id": "6043", "description": "Retail & Consumer Products"}, "companyName": "ALDI", "companyProfileStructuredDataId": 5197, "displayType": "standard", "listingDateDisplay": "27d ago", "location": "Sydney", "locationId": 1000, "locationWhereValue": "All Sydney NSW", "id": 59498797, "isPremium": false, "isStandOut": false, "jobLocation": {"label": "Eastgardens, Sydney NSW", "countryCode": "AU", "seoHierarchy": [{"contextualName": "Eastgardens NSW 2036"}, {"contextualName": "All Sydney NSW"}]}, "listingDate": "2022-12-15T05:35:26Z", "logo": {"id": "", "description": null}, "roleId": "assistant-store-manager", "salary": "", "solMetadata": {"searchRequestToken": "f3463c9f-6e5c-45d4-b34f-0a83cd2d8c8d", "token": "0~f3463c9f-6e5c-45d4-b34f-0a83cd2d8c8d", "jobId": "59498797", "section": "MAIN", "sectionRank": 366, "jobAdType": "ORGANIC", "tags": {"mordor__flights": "mordor_123"}}, "subClassification": {"id": "6047", "description": "Management - Store"}, "suburb": "Eastgardens", "suburbId": 19897, "suburbWhereValue": "Eastgardens NSW 2036", "teaser": "Whether it\u2019s managing rosters or cleaning up a spill in aisle 3, our Assistant Store Managers always lead from the front.", "title": "Assistant Store Manager - Eastgardens/Eastlakes", "tracking": "ewogICJ0b2tlbiI6ICJlOWI4YzE0OS0zMDNhLTllYTItYmNiNS0zNWFmMmE1MzQyZTBfNiIKfQ==", "workType": "Full Time", "isPrivateAdvertiser": false}, {"advertiser": {"id": "27493644", "description": "Aldi Stores"}, "area": "Western Suburbs", "areaId": 5073, "areaWhereValue": "Western Suburbs Melbourne VIC", "automaticInclusion": false, "bulletPoints": [], "classification": {"id": "6043", "description": "Retail & Consumer Products"}, "companyName": "ALDI", "companyProfileStructuredDataId": 5197, "displayType": "standard", "listingDateDisplay": "23d ago", "location": "Melbourne", "locationId": 1002, "locationWhereValue": "All Melbourne VIC", "id": 59518121, "isPremium": false, "isStandOut": false, "jobLocation": {"label": "Burnside, Melbourne VIC", "countryCode": "AU", "seoHierarchy": [{"contextualName": "Burnside VIC 3023"}, {"contextualName": "All Melbourne VIC"}]}, "listingDate": "2022-12-19T01:48:16Z", "logo": {"id": "", "description": null}, "roleId": "assistant-store-manager", "salary": "", "solMetadata": {"searchRequestToken": "f3463c9f-6e5c-45d4-b34f-0a83cd2d8c8d", "token": "0~f3463c9f-6e5c-45d4-b34f-0a83cd2d8c8d", "jobId": "59518121", "section": "MAIN", "sectionRank": 367, "jobAdType": "ORGANIC", "tags": {"mordor__flights": "mordor_123"}}, "subClassification": {"id": "6047", "description": "Management - Store"}, "suburb": "Burnside", "suburbId": 22257, "suburbWhereValue": "Burnside VIC 3023", "teaser": "Whether it\u2019s managing rosters or cleaning up a spill in aisle 3, our Assistant Store Managers always lead from the front.", "title": "Assistant Store Manager - Burnside/Caroline Springs", "tracking": "ewogICJ0b2tlbiI6ICJlOWI4YzE0OS0zMDNhLTllYTItYmNiNS0zNWFmMmE1MzQyZTBfNyIKfQ==", "workType": "Full Time", "isPrivateAdvertiser": false}, {"advertiser": {"id": "27493644", "description": "Aldi Stores"}, "area": "South West & M5 Corridor", "areaId": 5033, "areaWhereValue": "South West & M5 Corridor Sydney NSW", "automaticInclusion": false, "bulletPoints": [], "classification": {"id": "6092", "description": "Manufacturing, Transport & Logistics"}, "companyName": "ALDI", "companyProfileStructuredDataId": 5197, "displayType": "standard", "listingDateDisplay": "27d ago", "location": "Sydney", "locationId": 1000, "locationWhereValue": "All Sydney NSW", "id": 59498916, "isPremium": false, "isStandOut": false, "jobLocation": {"label": "Prestons, Sydney NSW", "countryCode": "AU", "seoHierarchy": [{"contextualName": "Prestons NSW 2170"}, {"contextualName": "All Sydney NSW"}]}, "listingDate": "2022-12-15T05:46:03Z", "logo": {"id": "", "description": null}, "roleId": "truckdriver", "salary": "$35.93 + attractive shift penalties", "solMetadata": {"searchRequestToken": "f3463c9f-6e5c-45d4-b34f-0a83cd2d8c8d", "token": "0~f3463c9f-6e5c-45d4-b34f-0a83cd2d8c8d", "jobId": "59498916", "section": "MAIN", "sectionRank": 368, "jobAdType": "ORGANIC", "tags": {"mordor__flights": "mordor_123"}}, "subClassification": {"id": "6111", "description": "Road Transport"}, "suburb": "Prestons", "suburbId": 12018, "suburbWhereValue": "Prestons NSW 2170", "teaser": "Spending days on the road delivering our stock state-wide, our Transport Operators are level headed, adaptable and safety minded.", "title": "Truck Driver - Afternoon Shift", "tracking": "ewogICJ0b2tlbiI6ICJlOWI4YzE0OS0zMDNhLTllYTItYmNiNS0zNWFmMmE1MzQyZTBfOCIKfQ==", "workType": "Full Time", "isPrivateAdvertiser": false}, {"advertiser": {"id": "27493644", "description": "Aldi Stores"}, "automaticInclusion": false, "bulletPoints": [], "classification": {"id": "6043", "description": "Retail & Consumer Products"}, "companyName": "ALDI", "companyProfileStructuredDataId": 5197, "displayType": "standard", "listingDateDisplay": "19d ago", "location": "Newcastle, Maitland & Hunter", "locationId": 5045, "locationWhereValue": "Newcastle, Maitland & Hunter NSW", "id": 59559727, "isPremium": false, "isStandOut": false, "jobLocation": {"label": "Kotara, Newcastle, Maitland & Hunter NSW", "countryCode": "AU", "seoHierarchy": [{"contextualName": "Kotara NSW 2289"}, {"contextualName": "Newcastle, Maitland & Hunter NSW"}]}, "listingDate": "2022-12-23T00:50:01Z", "logo": {"id": "", "description": null}, "roleId": "store-manager", "salary": "", "solMetadata": {"searchRequestToken": "f3463c9f-6e5c-45d4-b34f-0a83cd2d8c8d", "token": "0~f3463c9f-6e5c-45d4-b34f-0a83cd2d8c8d", "jobId": "59559727", "section": "MAIN", "sectionRank": 369, "jobAdType": "ORGANIC", "tags": {"mordor__flights": "mordor_123"}}, "subClassification": {"id": "6047", "description": "Management - Store"}, "suburb": "Kotara", "suburbId": 13328, "suburbWhereValue": "Kotara NSW 2289", "teaser": "From driving sales and controlling costs, to serving customers & training staff, our Shift Managers always lead from the front.", "title": "Duty Store Manager- Newcastle CBD", "tracking": "ewogICJ0b2tlbiI6ICJlOWI4YzE0OS0zMDNhLTllYTItYmNiNS0zNWFmMmE1MzQyZTBfOSIKfQ==", "workType": "Part Time", "isPrivateAdvertiser": false}, {"advertiser": {"id": "27493644", "description": "Aldi Stores"}, "area": "Western Suburbs", "areaId": 5073, "areaWhereValue": "Western Suburbs Melbourne VIC", "automaticInclusion": false, "bulletPoints": [], "classification": {"id": "6043", "description": "Retail & Consumer Products"}, "companyName": "ALDI", "companyProfileStructuredDataId": 5197, "displayType": "standard", "listingDateDisplay": "23d ago", "location": "Melbourne", "locationId": 1002, "locationWhereValue": "All Melbourne VIC", "id": 59518465, "isPremium": false, "isStandOut": false, "jobLocation": {"label": "Point Cook, Melbourne VIC", "countryCode": "AU", "seoHierarchy": [{"contextualName": "Point Cook VIC 3030"}, {"contextualName": "All Melbourne VIC"}]}, "listingDate": "2022-12-19T02:09:23Z", "logo": {"id": "", "description": null}, "roleId": "store-manager", "salary": "", "solMetadata": {"searchRequestToken": "f3463c9f-6e5c-45d4-b34f-0a83cd2d8c8d", "token": "0~f3463c9f-6e5c-45d4-b34f-0a83cd2d8c8d", "jobId": "59518465", "section": "MAIN", "sectionRank": 370, "jobAdType": "ORGANIC", "tags": {"mordor__flights": "mordor_123"}}, "subClassification": {"id": "6047", "description": "Management - Store"}, "suburb": "Point Cook", "suburbId": 11861, "suburbWhereValue": "Point Cook VIC 3030", "teaser": "From driving sales and controlling costs, to serving customers & training staff, our Duty Store Managers always lead from the front.", "title": "Duty Store Manager", "tracking": "ewogICJ0b2tlbiI6ICJlOWI4YzE0OS0zMDNhLTllYTItYmNiNS0zNWFmMmE1MzQyZTBfMTAiCn0=", "workType": "Part Time", "isPrivateAdvertiser": false}, {"advertiser": {"id": "27493644", "description": "Aldi Stores"}, "automaticInclusion": false, "bulletPoints": [], "classification": {"id": "6043", "description": "Retail & Consumer Products"}, "companyName": "ALDI", "companyProfileStructuredDataId": 5197, "displayType": "standard", "listingDateDisplay": "19d ago", "location": "Shepparton & Goulburn Valley", "locationId": 5078, "locationWhereValue": "Shepparton & Goulburn Valley VIC", "id": 59562460, "isPremium": false, "isStandOut": false, "jobLocation": {"label": "Echuca, Shepparton & Goulburn Valley VIC", "countryCode": "AU", "seoHierarchy": [{"contextualName": "Echuca VIC 3564"}, {"contextualName": "Shepparton & Goulburn Valley VIC"}]}, "listingDate": "2022-12-23T04:08:34Z", "logo": {"id": "", "description": null}, "roleId": "store-manager", "salary": "", "solMetadata": {"searchRequestToken": "f3463c9f-6e5c-45d4-b34f-0a83cd2d8c8d", "token": "0~f3463c9f-6e5c-45d4-b34f-0a83cd2d8c8d", "jobId": "59562460", "section": "MAIN", "sectionRank": 371, "jobAdType": "ORGANIC", "tags": {"mordor__flights": "mordor_123"}}, "subClassification": {"id": "6047", "description": "Management - Store"}, "suburb": "Echuca", "suburbId": 19916, "suburbWhereValue": "Echuca VIC 3564", "teaser": "From driving sales and controlling costs, to serving customers & training staff, our Duty Store Managers always lead from the front.", "title": "Duty Store Manager - Echuca", "tracking": "ewogICJ0b2tlbiI6ICJlOWI4YzE0OS0zMDNhLTllYTItYmNiNS0zNWFmMmE1MzQyZTBfMTEiCn0=", "workType": "Part Time", "isPrivateAdvertiser": false}, {"advertiser": {"id": "27493644", "description": "Aldi Stores"}, "area": "CBD, Inner West & Eastern Suburbs", "areaId": 5027, "areaWhereValue": "Sydney CBD, Inner West & Eastern Suburbs Sydney NSW", "automaticInclusion": false, "bulletPoints": [], "classification": {"id": "6043", "description": "Retail & Consumer Products"}, "companyName": "ALDI", "companyProfileStructuredDataId": 5197, "displayType": "standard", "listingDateDisplay": "27d ago", "location": "Sydney", "locationId": 1000, "locationWhereValue": "All Sydney NSW", "id": 59498590, "isPremium": false, "isStandOut": false, "jobLocation": {"label": "Eastlakes, Sydney NSW", "countryCode": "AU", "seoHierarchy": [{"contextualName": "Eastlakes NSW 2018"}, {"contextualName": "All Sydney NSW"}]}, "listingDate": "2022-12-15T05:20:35Z", "logo": {"id": "", "description": null}, "roleId": "store-manager", "salary": "29.96", "solMetadata": {"searchRequestToken": "f3463c9f-6e5c-45d4-b34f-0a83cd2d8c8d", "token": "0~f3463c9f-6e5c-45d4-b34f-0a83cd2d8c8d", "jobId": "59498590", "section": "MAIN", "sectionRank": 372, "jobAdType": "ORGANIC", "tags": {"mordor__flights": "mordor_123"}}, "subClassification": {"id": "6047", "description": "Management - Store"}, "suburb": "Eastlakes", "suburbId": 19898, "suburbWhereValue": "Eastlakes NSW 2018", "teaser": "From driving sales and controlling costs, to serving customers & training staff, our Duty Store Managers always lead from the front.", "title": "Duty Store Manager - Eastern Sydney Area", "tracking": "ewogICJ0b2tlbiI6ICJlOWI4YzE0OS0zMDNhLTllYTItYmNiNS0zNWFmMmE1MzQyZTBfMTIiCn0=", "workType": "Full Time", "isPrivateAdvertiser": false}, {"advertiser": {"id": "27493644", "description": "Aldi Stores"}, "area": "CBD, Inner West & Eastern Suburbs", "areaId": 5027, "areaWhereValue": "Sydney CBD, Inner West & Eastern Suburbs Sydney NSW", "automaticInclusion": false, "bulletPoints": [], "classification": {"id": "6043", "description": "Retail & Consumer Products"}, "companyName": "ALDI", "companyProfileStructuredDataId": 5197, "displayType": "standard", "listingDateDisplay": "27d ago", "location": "Sydney", "locationId": 1000, "locationWhereValue": "All Sydney NSW", "id": 59498271, "isPremium": false, "isStandOut": false, "jobLocation": {"label": "Darlinghurst, Sydney NSW", "countryCode": "AU", "seoHierarchy": [{"contextualName": "Darlinghurst NSW 2010"}, {"contextualName": "All Sydney NSW"}]}, "listingDate": "2022-12-15T04:54:25Z", "logo": {"id": "", "description": null}, "roleId": "store-manager", "salary": "29.96", "solMetadata": {"searchRequestToken": "f3463c9f-6e5c-45d4-b34f-0a83cd2d8c8d", "token": "0~f3463c9f-6e5c-45d4-b34f-0a83cd2d8c8d", "jobId": "59498271", "section": "MAIN", "sectionRank": 373, "jobAdType": "ORGANIC", "tags": {"mordor__flights": "mordor_123"}}, "subClassification": {"id": "6047", "description": "Management - Store"}, "suburb": "Darlinghurst", "suburbId": 15109, "suburbWhereValue": "Darlinghurst NSW 2010", "teaser": "From driving sales and controlling costs, to serving customers & training staff, our Duty Store Managers always lead from the front.", "title": "Duty Store Manager - Darlinghurst Sydney", "tracking": "ewogICJ0b2tlbiI6ICJlOWI4YzE0OS0zMDNhLTllYTItYmNiNS0zNWFmMmE1MzQyZTBfMTMiCn0=", "workType": "Part Time", "isPrivateAdvertiser": false}, {"advertiser": {"id": "27493644", "description": "Aldi Stores"}, "automaticInclusion": false, "bulletPoints": [], "classification": {"id": "6043", "description": "Retail & Consumer Products"}, "companyName": "ALDI", "companyProfileStructuredDataId": 5197, "displayType": "standard", "listingDateDisplay": "24d ago", "location": "Southern Highlands & Tablelands", "locationId": 5035, "locationWhereValue": "Southern Highlands & Tablelands NSW", "id": 59512881, "isPremium": false, "isStandOut": false, "jobLocation": {"label": "Mittagong, Southern Highlands & Tablelands NSW", "countryCode": "AU", "seoHierarchy": [{"contextualName": "Mittagong NSW 2575"}, {"contextualName": "Southern Highlands & Tablelands NSW"}]}, "listingDate": "2022-12-17T23:30:29Z", "logo": {"id": "", "description": null}, "roleId": "assistant-store-manager", "salary": "", "solMetadata": {"searchRequestToken": "f3463c9f-6e5c-45d4-b34f-0a83cd2d8c8d", "token": "0~f3463c9f-6e5c-45d4-b34f-0a83cd2d8c8d", "jobId": "59512881", "section": "MAIN", "sectionRank": 374, "jobAdType": "ORGANIC", "tags": {"mordor__flights": "mordor_123"}}, "subClassification": {"id": "6047", "description": "Management - Store"}, "suburb": "Mittagong", "suburbId": 18886, "suburbWhereValue": "Mittagong NSW 2575", "teaser": "Whether it\u2019s managing rosters or cleaning up a spill in aisle 3, our Assistant Store Managers always lead from the front.", "title": "Assistant Store Manager -  Moss Vale / Mittagong / Bowral area", "tracking": "ewogICJ0b2tlbiI6ICJlOWI4YzE0OS0zMDNhLTllYTItYmNiNS0zNWFmMmE1MzQyZTBfMTQiCn0=", "workType": "Full Time", "isPrivateAdvertiser": false}, {"advertiser": {"id": "27493644", "description": "Aldi Stores"}, "automaticInclusion": false, "bulletPoints": [], "classification": {"id": "6043", "description": "Retail & Consumer Products"}, "companyName": "ALDI", "companyProfileStructuredDataId": 5197, "displayType": "standard", "listingDateDisplay": "19d ago", "location": "Newcastle, Maitland & Hunter", "locationId": 5045, "locationWhereValue": "Newcastle, Maitland & Hunter NSW", "id": 59559603, "isPremium": false, "isStandOut": false, "jobLocation": {"label": "Forster, Newcastle, Maitland & Hunter NSW", "countryCode": "AU", "seoHierarchy": [{"contextualName": "Forster NSW 2428"}, {"contextualName": "Newcastle, Maitland & Hunter NSW"}]}, "listingDate": "2022-12-23T00:40:16Z", "logo": {"id": "", "description": null}, "roleId": "store-manager", "salary": "", "solMetadata": {"searchRequestToken": "f3463c9f-6e5c-45d4-b34f-0a83cd2d8c8d", "token": "0~f3463c9f-6e5c-45d4-b34f-0a83cd2d8c8d", "jobId": "59559603", "section": "MAIN", "sectionRank": 375, "jobAdType": "ORGANIC", "tags": {"mordor__flights": "mordor_123"}}, "subClassification": {"id": "6047", "description": "Management - Store"}, "suburb": "Forster", "suburbId": 20450, "suburbWhereValue": "Forster NSW 2428", "teaser": "From driving sales and controlling costs, to serving customers & training staff, our Duty Store Managers always lead from the front.", "title": "Duty Store Manager- Forster", "tracking": "ewogICJ0b2tlbiI6ICJlOWI4YzE0OS0zMDNhLTllYTItYmNiNS0zNWFmMmE1MzQyZTBfMTUiCn0=", "workType": "Part Time", "isPrivateAdvertiser": false}, {"advertiser": {"id": "27493644", "description": "Aldi Stores"}, "area": "Rockingham & Kwinana", "areaId": 5052, "areaWhereValue": "Rockingham & Kwinana Perth WA", "automaticInclusion": false, "bulletPoints": [], "classification": {"id": "6043", "description": "Retail & Consumer Products"}, "companyName": "ALDI", "companyProfileStructuredDataId": 5197, "displayType": "standard", "listingDateDisplay": "23d ago", "location": "Perth", "locationId": 1009, "locationWhereValue": "All Perth WA", "id": 59514825, "isPremium": false, "isStandOut": false, "jobLocation": {"label": "Waikiki, Perth WA", "countryCode": "AU", "seoHierarchy": [{"contextualName": "Waikiki WA 6169"}, {"contextualName": "All Perth WA"}]}, "listingDate": "2022-12-18T22:28:12Z", "logo": {"id": "", "description": null}, "roleId": "store-manager", "salary": "", "solMetadata": {"searchRequestToken": "f3463c9f-6e5c-45d4-b34f-0a83cd2d8c8d", "token": "0~f3463c9f-6e5c-45d4-b34f-0a83cd2d8c8d", "jobId": "59514825", "section": "MAIN", "sectionRank": 376, "jobAdType": "ORGANIC", "tags": {"mordor__flights": "mordor_123"}}, "subClassification": {"id": "6047", "description": "Management - Store"}, "suburb": "Waikiki", "suburbId": 21647, "suburbWhereValue": "Waikiki WA 6169", "teaser": "From driving sales and controlling costs, to serving customers & training staff, our Duty Store Managers always lead from the front.", "title": "Duty Store Manager (DSM) - Waikiki", "tracking": "ewogICJ0b2tlbiI6ICJlOWI4YzE0OS0zMDNhLTllYTItYmNiNS0zNWFmMmE1MzQyZTBfMTYiCn0=", "workType": "Part Time", "isPrivateAdvertiser": false}, {"advertiser": {"id": "27493644", "description": "Aldi Stores"}, "area": "Rockingham & Kwinana", "areaId": 5052, "areaWhereValue": "Rockingham & Kwinana Perth WA", "automaticInclusion": false, "bulletPoints": [], "classification": {"id": "6043", "description": "Retail & Consumer Products"}, "companyName": "ALDI", "companyProfileStructuredDataId": 5197, "displayType": "standard", "listingDateDisplay": "23d ago", "location": "Perth", "locationId": 1009, "locationWhereValue": "All Perth WA", "id": 59514924, "isPremium": false, "isStandOut": false, "jobLocation": {"label": "Baldivis, Perth WA", "countryCode": "AU", "seoHierarchy": [{"contextualName": "Baldivis WA 6171"}, {"contextualName": "All Perth WA"}]}, "listingDate": "2022-12-18T22:34:38Z", "logo": {"id": "", "description": null}, "roleId": "store-manager", "salary": "", "solMetadata": {"searchRequestToken": "f3463c9f-6e5c-45d4-b34f-0a83cd2d8c8d", "token": "0~f3463c9f-6e5c-45d4-b34f-0a83cd2d8c8d", "jobId": "59514924", "section": "MAIN", "sectionRank": 377, "jobAdType": "ORGANIC", "tags": {"mordor__flights": "mordor_123"}}, "subClassification": {"id": "6047", "description": "Management - Store"}, "suburb": "Baldivis", "suburbId": 16958, "suburbWhereValue": "Baldivis WA 6171", "teaser": "From driving sales and controlling costs, to serving customers & training staff, our Duty Store Managers always lead from the front.", "title": "Duty Store Manager (DSM) - Baldivis", "tracking": "ewogICJ0b2tlbiI6ICJlOWI4YzE0OS0zMDNhLTllYTItYmNiNS0zNWFmMmE1MzQyZTBfMTciCn0=", "workType": "Part Time", "isPrivateAdvertiser": false}, {"advertiser": {"id": "27493644", "description": "Aldi Stores"}, "area": "Rockingham & Kwinana", "areaId": 5052, "areaWhereValue": "Rockingham & Kwinana Perth WA", "automaticInclusion": false, "bulletPoints": [], "classification": {"id": "6043", "description": "Retail & Consumer Products"}, "companyName": "ALDI", "companyProfileStructuredDataId": 5197, "displayType": "standard", "listingDateDisplay": "23d ago", "location": "Perth", "locationId": 1009, "locationWhereValue": "All Perth WA", "id": 59514739, "isPremium": false, "isStandOut": false, "jobLocation": {"label": "Kwinana Beach, Perth WA", "countryCode": "AU", "seoHierarchy": [{"contextualName": "Kwinana Beach WA 6167"}, {"contextualName": "All Perth WA"}]}, "listingDate": "2022-12-18T22:20:26Z", "logo": {"id": "", "description": null}, "roleId": "store-manager", "salary": "", "solMetadata": {"searchRequestToken": "f3463c9f-6e5c-45d4-b34f-0a83cd2d8c8d", "token": "0~f3463c9f-6e5c-45d4-b34f-0a83cd2d8c8d", "jobId": "59514739", "section": "MAIN", "sectionRank": 378, "jobAdType": "ORGANIC", "tags": {"mordor__flights": "mordor_123"}}, "subClassification": {"id": "6047", "description": "Management - Store"}, "suburb": "Kwinana Beach", "suburbId": 13402, "suburbWhereValue": "Kwinana Beach WA 6167", "teaser": "From driving sales and controlling costs, to serving customers & training staff, our Duty Store Managers always lead from the front.", "title": "Duty Store Manager (DSM) - Kwinana / Rockingham", "tracking": "ewogICJ0b2tlbiI6ICJlOWI4YzE0OS0zMDNhLTllYTItYmNiNS0zNWFmMmE1MzQyZTBfMTgiCn0=", "workType": "Part Time", "isPrivateAdvertiser": false}, {"advertiser": {"id": "27493644", "description": "Aldi Stores"}, "automaticInclusion": false, "bulletPoints": [], "classification": {"id": "6043", "description": "Retail & Consumer Products"}, "companyName": "ALDI", "companyProfileStructuredDataId": 5197, "displayType": "standard", "listingDateDisplay": "14d ago", "location": "Toowoomba & Darling Downs", "locationId": 5016, "locationWhereValue": "Toowoomba & Darling Downs QLD", "id": 59571610, "isPremium": false, "isStandOut": false, "jobLocation": {"label": "Kingaroy, Toowoomba & Darling Downs QLD", "countryCode": "AU", "seoHierarchy": [{"contextualName": "Kingaroy QLD 4610"}, {"contextualName": "Toowoomba & Darling Downs QLD"}]}, "listingDate": "2022-12-28T05:29:19Z", "logo": {"id": "", "description": null}, "roleId": "assistant-store-manager", "salary": "", "solMetadata": {"searchRequestToken": "f3463c9f-6e5c-45d4-b34f-0a83cd2d8c8d", "token": "0~f3463c9f-6e5c-45d4-b34f-0a83cd2d8c8d", "jobId": "59571610", "section": "MAIN", "sectionRank": 379, "jobAdType": "ORGANIC", "tags": {"mordor__flights": "mordor_123"}}, "subClassification": {"id": "6047", "description": "Management - Store"}, "suburb": "Kingaroy", "suburbId": 13150, "suburbWhereValue": "Kingaroy QLD 4610", "teaser": "Whether it\u2019s managing rosters or cleaning up a spill in aisle 3, our Assistant Store Managers always lead from the front.", "title": "Assistant Store Manager - Kingaroy - 45 Hours", "tracking": "ewogICJ0b2tlbiI6ICJlOWI4YzE0OS0zMDNhLTllYTItYmNiNS0zNWFmMmE1MzQyZTBfMTkiCn0=", "workType": "Full Time", "isPrivateAdvertiser": false}, {"advertiser": {"id": "27493644", "description": "Aldi Stores"}, "automaticInclusion": false, "bulletPoints": [], "classification": {"id": "6043", "description": "Retail & Consumer Products"}, "companyName": "ALDI", "companyProfileStructuredDataId": 5197, "displayType": "standard", "listingDateDisplay": "23d ago", "location": "Wagga Wagga & Riverina", "locationId": 5037, "locationWhereValue": "Wagga Wagga & Riverina NSW", "id": 59515848, "isPremium": false, "isStandOut": false, "jobLocation": {"label": "Griffith, Wagga Wagga & Riverina NSW", "countryCode": "AU", "seoHierarchy": [{"contextualName": "Griffith NSW 2680"}, {"contextualName": "Wagga Wagga & Riverina NSW"}]}, "listingDate": "2022-12-18T23:34:20Z", "logo": {"id": "", "description": null}, "roleId": "retail-sales-assistant", "salary": "", "solMetadata": {"searchRequestToken": "f3463c9f-6e5c-45d4-b34f-0a83cd2d8c8d", "token": "0~f3463c9f-6e5c-45d4-b34f-0a83cd2d8c8d", "jobId": "59515848", "section": "MAIN", "sectionRank": 380, "jobAdType": "ORGANIC", "tags": {"mordor__flights": "mordor_123"}}, "subClassification": {"id": "6050", "description": "Retail Assistants"}, "suburb": "Griffith", "suburbId": 22852, "suburbWhereValue": "Griffith NSW 2680", "teaser": "Whether they\u2019re racing to fill shelves or scanning through customers, our Retail Assistants can do everything and anything.", "title": "Retail Assistant - Griffith - 20 hours pw", "tracking": "ewogICJ0b2tlbiI6ICJlOWI4YzE0OS0zMDNhLTllYTItYmNiNS0zNWFmMmE1MzQyZTBfMjAiCn0=", "workType": "Part Time", "isPrivateAdvertiser": false}], "title": "Jobs in All Australia", "totalCount": 417, "paginationParameters": {"seekSelectAllPages": true, "hadPremiumListings": false}, "info": {"timeTaken": 51, "source": "JobSearch-sm", "experiment": "mordor_123"}, "userQueryId": "a3f7e6f85be73fd8fe2e3d5ea92001b7-7335003", "sortMode": [{"isActive": true, "name": "Relevance", "value": "KeywordRelevance"}, {"isActive": false, "name": "Date", "value": "ListedDate"}], "solMetadata": {"requestToken": "f3463c9f-6e5c-45d4-b34f-0a83cd2d8c8d", "token": "0~f3463c9f-6e5c-45d4-b34f-0a83cd2d8c8d", "sortMode": "RELEVANCE", "locations": ["seek-3000"], "locationDistance": 50, "employer": "ALDI", "pageSize": 20, "pageNumber": 19, "totalJobCount": 417, "tags": {"mordor__flights": "mordor_123", "chalice-search-api:solId": "c00c353f-a376-4b96-b397-16e262dbd3d3"}}, "location": {"matched": true, "whereId": 3000, "type": "Country", "suburbType": "rural", "description": "All Australia", "stateDescription": "", "locationId": 3000, "locationDescription": "", "areaId": 0, "areaDescription": "", "suburbParentDescription": ""}, "canonicalCompany": {"id": "5197", "description": "ALDI"}, "companySuggestion": {"search": {"keywords": "ALDI"}, "count": "461"}, "joraCrossLink": {"canCrossLink": false}, "searchParams": {"sitekey": "AU-Main", "sourcesystem": "houston", "userqueryid": "a3f7e6f85be73fd8fe2e3d5ea92001b7-7335003", "userid": "5959404e-631e-45a1-bb3b-2ae481757cf6", "usersessionid": "5959404e-631e-45a1-bb3b-2ae481757cf6", "eventcapturesessionid": "5959404e-631e-45a1-bb3b-2ae481757cf6", "where": "All Australia", "page": "19", "seekselectallpages": "true", "companyname": "ALDI", "include": "seodata", "solid": "c00c353f-a376-4b96-b397-16e262dbd3d3"}}