{"data": [{"advertiser": {"id": "27493644", "description": "Aldi Stores"}, "area": "Western Suburbs", "areaId": 5073, "areaWhereValue": "Western Suburbs Melbourne VIC", "automaticInclusion": false, "bulletPoints": [], "classification": {"id": "6043", "description": "Retail & Consumer Products"}, "companyName": "ALDI", "companyProfileStructuredDataId": 5197, "displayType": "standard", "listingDateDisplay": "26d ago", "location": "Melbourne", "locationId": 1002, "locationWhereValue": "All Melbourne VIC", "id": 59507114, "isPremium": false, "isStandOut": false, "jobLocation": {"label": "Maribyrnong, Melbourne VIC", "countryCode": "AU", "seoHierarchy": [{"contextualName": "Maribyrnong VIC 3032"}, {"contextualName": "All Melbourne VIC"}]}, "listingDate": "2022-12-16T03:21:12Z", "logo": {"id": "", "description": null}, "roleId": "retail-sales-assistant", "salary": "Team Work, Active Role, Permanent Part Time.", "solMetadata": {"searchRequestToken": "294656bb-9c2b-4c96-bc6c-c88b29793329", "token": "0~294656bb-9c2b-4c96-bc6c-c88b29793329", "jobId": "59507114", "section": "MAIN", "sectionRank": 281, "jobAdType": "ORGANIC", "tags": {"mordor__flights": "mordor_123"}}, "subClassification": {"id": "6050", "description": "Retail Assistants"}, "suburb": "Maribyrnong", "suburbId": 18383, "suburbWhereValue": "Maribyrnong VIC 3032", "teaser": "Whether they\u2019re racing to fill shelves or scanning through customers, our Retail Assistants can do everything and anything.", "title": "Retail Assistant - Maribyrnong", "tracking": "ewogICJ0b2tlbiI6ICIxZjc0ZjYwMC04YmI2LTk4ZjUtOTAyNy0yOTg3ZDg2ZmRkNGFfMSIKfQ==", "workType": "Part Time", "isPrivateAdvertiser": false}, {"advertiser": {"id": "27493644", "description": "Aldi Stores"}, "area": "Western Suburbs", "areaId": 5073, "areaWhereValue": "Western Suburbs Melbourne VIC", "automaticInclusion": false, "bulletPoints": [], "classification": {"id": "6043", "description": "Retail & Consumer Products"}, "companyName": "ALDI", "companyProfileStructuredDataId": 5197, "displayType": "standard", "listingDateDisplay": "26d ago", "location": "Melbourne", "locationId": 1002, "locationWhereValue": "All Melbourne VIC", "id": 59507372, "isPremium": false, "isStandOut": false, "jobLocation": {"label": "Keilor Downs, Melbourne VIC", "countryCode": "AU", "seoHierarchy": [{"contextualName": "Keilor Downs VIC 3038"}, {"contextualName": "All Melbourne VIC"}]}, "listingDate": "2022-12-16T03:36:45Z", "logo": {"id": "", "description": null}, "roleId": "retail-sales-assistant", "salary": "Hands On, Team Work, Career Progression Potential.", "solMetadata": {"searchRequestToken": "294656bb-9c2b-4c96-bc6c-c88b29793329", "token": "0~294656bb-9c2b-4c96-bc6c-c88b29793329", "jobId": "59507372", "section": "MAIN", "sectionRank": 282, "jobAdType": "ORGANIC", "tags": {"mordor__flights": "mordor_123"}}, "subClassification": {"id": "6050", "description": "Retail Assistants"}, "suburb": "Keilor Downs", "suburbId": 12964, "suburbWhereValue": "Keilor Downs VIC 3038", "teaser": "Whether they\u2019re racing to fill shelves or scanning through customers, our Retail Assistants can do everything and anything.", "title": "Retail Assistant - Keilor Downs / Keilor East", "tracking": "ewogICJ0b2tlbiI6ICIxZjc0ZjYwMC04YmI2LTk4ZjUtOTAyNy0yOTg3ZDg2ZmRkNGFfMiIKfQ==", "workType": "Part Time", "isPrivateAdvertiser": false}, {"advertiser": {"id": "27493644", "description": "Aldi Stores"}, "area": "Parramatta & Western Suburbs", "areaId": 5030, "areaWhereValue": "Parramatta & Western Suburbs Sydney NSW", "automaticInclusion": false, "bulletPoints": [], "classification": {"id": "6043", "description": "Retail & Consumer Products"}, "companyName": "ALDI", "companyProfileStructuredDataId": 5197, "displayType": "standard", "listingDateDisplay": "14d ago", "location": "Sydney", "locationId": 1000, "locationWhereValue": "All Sydney NSW", "id": 59569281, "isPremium": false, "isStandOut": false, "jobLocation": {"label": "Arndell Park, Sydney NSW", "countryCode": "AU", "seoHierarchy": [{"contextualName": "Arndell Park NSW 2148"}, {"contextualName": "All Sydney NSW"}]}, "listingDate": "2022-12-27T23:31:58Z", "logo": {"id": "", "description": null}, "roleId": "store-manager", "salary": "", "solMetadata": {"searchRequestToken": "294656bb-9c2b-4c96-bc6c-c88b29793329", "token": "0~294656bb-9c2b-4c96-bc6c-c88b29793329", "jobId": "59569281", "section": "MAIN", "sectionRank": 283, "jobAdType": "ORGANIC", "tags": {"mordor__flights": "mordor_123"}}, "subClassification": {"id": "6047", "description": "Management - Store"}, "suburb": "Arndell Park", "suburbId": 11327, "suburbWhereValue": "Arndell Park NSW 2148", "teaser": "From driving sales and controlling costs, to serving customers & training staff, our Duty Managers always lead from the front.", "title": "Duty Store Manager - Arndell Park", "tracking": "ewogICJ0b2tlbiI6ICIxZjc0ZjYwMC04YmI2LTk4ZjUtOTAyNy0yOTg3ZDg2ZmRkNGFfMyIKfQ==", "workType": "Full Time", "isPrivateAdvertiser": false}, {"advertiser": {"id": "27493644", "description": "Aldi Stores"}, "area": "Parramatta & Western Suburbs", "areaId": 5030, "areaWhereValue": "Parramatta & Western Suburbs Sydney NSW", "automaticInclusion": false, "bulletPoints": [], "classification": {"id": "6043", "description": "Retail & Consumer Products"}, "companyName": "ALDI", "companyProfileStructuredDataId": 5197, "displayType": "standard", "listingDateDisplay": "14d ago", "location": "Sydney", "locationId": 1000, "locationWhereValue": "All Sydney NSW", "id": 59569339, "isPremium": false, "isStandOut": false, "jobLocation": {"label": "Glenmore Park, Sydney NSW", "countryCode": "AU", "seoHierarchy": [{"contextualName": "Glenmore Park NSW 2745"}, {"contextualName": "All Sydney NSW"}]}, "listingDate": "2022-12-27T23:38:55Z", "logo": {"id": "", "description": null}, "roleId": "store-manager", "salary": "", "solMetadata": {"searchRequestToken": "294656bb-9c2b-4c96-bc6c-c88b29793329", "token": "0~294656bb-9c2b-4c96-bc6c-c88b29793329", "jobId": "59569339", "section": "MAIN", "sectionRank": 284, "jobAdType": "ORGANIC", "tags": {"mordor__flights": "mordor_123"}}, "subClassification": {"id": "6047", "description": "Management - Store"}, "suburb": "Glenmore Park", "suburbId": 20861, "suburbWhereValue": "Glenmore Park NSW 2745", "teaser": "From driving sales and controlling costs, to serving customers & training staff, our Duty Managers always lead from the front.", "title": "Duty Store Manager - Glenmore Park", "tracking": "ewogICJ0b2tlbiI6ICIxZjc0ZjYwMC04YmI2LTk4ZjUtOTAyNy0yOTg3ZDg2ZmRkNGFfNCIKfQ==", "workType": "Full Time", "isPrivateAdvertiser": false}, {"advertiser": {"id": "27493644", "description": "Aldi Stores"}, "area": "Parramatta & Western Suburbs", "areaId": 5030, "areaWhereValue": "Parramatta & Western Suburbs Sydney NSW", "automaticInclusion": false, "bulletPoints": [], "classification": {"id": "6043", "description": "Retail & Consumer Products"}, "companyName": "ALDI", "companyProfileStructuredDataId": 5197, "displayType": "standard", "listingDateDisplay": "14d ago", "location": "Sydney", "locationId": 1000, "locationWhereValue": "All Sydney NSW", "id": 59569313, "isPremium": false, "isStandOut": false, "jobLocation": {"label": "Erskine Park, Sydney NSW", "countryCode": "AU", "seoHierarchy": [{"contextualName": "Erskine Park NSW 2759"}, {"contextualName": "All Sydney NSW"}]}, "listingDate": "2022-12-27T23:35:28Z", "logo": {"id": "", "description": null}, "roleId": "store-manager", "salary": "", "solMetadata": {"searchRequestToken": "294656bb-9c2b-4c96-bc6c-c88b29793329", "token": "0~294656bb-9c2b-4c96-bc6c-c88b29793329", "jobId": "59569313", "section": "MAIN", "sectionRank": 285, "jobAdType": "ORGANIC", "tags": {"mordor__flights": "mordor_123"}}, "subClassification": {"id": "6047", "description": "Management - Store"}, "suburb": "Erskine Park", "suburbId": 20118, "suburbWhereValue": "Erskine Park NSW 2759", "teaser": "From driving sales and controlling costs, to serving customers & training staff, our Duty Managers always lead from the front.", "title": "Duty Store Manager - Erskine Park", "tracking": "ewogICJ0b2tlbiI6ICIxZjc0ZjYwMC04YmI2LTk4ZjUtOTAyNy0yOTg3ZDg2ZmRkNGFfNSIKfQ==", "workType": "Full Time", "isPrivateAdvertiser": false}, {"advertiser": {"id": "27493644", "description": "Aldi Stores"}, "area": "Fremantle & Southern Suburbs", "areaId": 5050, "areaWhereValue": "Fremantle & Southern Suburbs Perth WA", "automaticInclusion": false, "bulletPoints": [], "classification": {"id": "6043", "description": "Retail & Consumer Products"}, "companyName": "ALDI", "companyProfileStructuredDataId": 5197, "displayType": "standard", "listingDateDisplay": "14d ago", "location": "Perth", "locationId": 1009, "locationWhereValue": "All Perth WA", "id": 59571621, "isPremium": false, "isStandOut": false, "jobLocation": {"label": "Cannington, Perth WA", "countryCode": "AU", "seoHierarchy": [{"contextualName": "Cannington WA 6107"}, {"contextualName": "All Perth WA"}]}, "listingDate": "2022-12-28T05:31:02Z", "logo": {"id": "", "description": null}, "roleId": "store-manager", "salary": "", "solMetadata": {"searchRequestToken": "294656bb-9c2b-4c96-bc6c-c88b29793329", "token": "0~294656bb-9c2b-4c96-bc6c-c88b29793329", "jobId": "59571621", "section": "MAIN", "sectionRank": 286, "jobAdType": "ORGANIC", "tags": {"mordor__flights": "mordor_123"}}, "subClassification": {"id": "6047", "description": "Management - Store"}, "suburb": "Cannington", "suburbId": 22506, "suburbWhereValue": "Cannington WA 6107", "teaser": "From driving sales targets to supervising the training and development of a close-knit team, the role of an ALDI Store Manager is diverse and dynamic.", "title": "Store Manager - Southern Suburbs - 45 Hours", "tracking": "ewogICJ0b2tlbiI6ICIxZjc0ZjYwMC04YmI2LTk4ZjUtOTAyNy0yOTg3ZDg2ZmRkNGFfNiIKfQ==", "workType": "Full Time", "isPrivateAdvertiser": false}, {"advertiser": {"id": "27493644", "description": "Aldi Stores"}, "area": "Parramatta & Western Suburbs", "areaId": 5030, "areaWhereValue": "Parramatta & Western Suburbs Sydney NSW", "automaticInclusion": false, "bulletPoints": [], "classification": {"id": "6043", "description": "Retail & Consumer Products"}, "companyName": "ALDI", "companyProfileStructuredDataId": 5197, "displayType": "standard", "listingDateDisplay": "14d ago", "location": "Sydney", "locationId": 1000, "locationWhereValue": "All Sydney NSW", "id": 59569061, "isPremium": false, "isStandOut": false, "jobLocation": {"label": "Glenmore Park, Sydney NSW", "countryCode": "AU", "seoHierarchy": [{"contextualName": "Glenmore Park NSW 2745"}, {"contextualName": "All Sydney NSW"}]}, "listingDate": "2022-12-27T22:56:54Z", "logo": {"id": "", "description": null}, "roleId": "assistant-store-manager", "salary": "", "solMetadata": {"searchRequestToken": "294656bb-9c2b-4c96-bc6c-c88b29793329", "token": "0~294656bb-9c2b-4c96-bc6c-c88b29793329", "jobId": "59569061", "section": "MAIN", "sectionRank": 287, "jobAdType": "ORGANIC", "tags": {"mordor__flights": "mordor_123"}}, "subClassification": {"id": "6047", "description": "Management - Store"}, "suburb": "Glenmore Park", "suburbId": 20861, "suburbWhereValue": "Glenmore Park NSW 2745", "teaser": "Whether it\u2019s managing rosters or cleaning up a spill in aisle 3, our Assistant Store Managers always lead from the front.", "title": "Assistant Store Manager Glenmore Park", "tracking": "ewogICJ0b2tlbiI6ICIxZjc0ZjYwMC04YmI2LTk4ZjUtOTAyNy0yOTg3ZDg2ZmRkNGFfNyIKfQ==", "workType": "Full Time", "isPrivateAdvertiser": false}, {"advertiser": {"id": "27493644", "description": "Aldi Stores"}, "area": "Parramatta & Western Suburbs", "areaId": 5030, "areaWhereValue": "Parramatta & Western Suburbs Sydney NSW", "automaticInclusion": false, "bulletPoints": [], "classification": {"id": "6043", "description": "Retail & Consumer Products"}, "companyName": "ALDI", "companyProfileStructuredDataId": 5197, "displayType": "standard", "listingDateDisplay": "14d ago", "location": "Sydney", "locationId": 1000, "locationWhereValue": "All Sydney NSW", "id": 59569409, "isPremium": false, "isStandOut": false, "jobLocation": {"label": "Arndell Park, Sydney NSW", "countryCode": "AU", "seoHierarchy": [{"contextualName": "Arndell Park NSW 2148"}, {"contextualName": "All Sydney NSW"}]}, "listingDate": "2022-12-27T23:48:02Z", "logo": {"id": "", "description": null}, "roleId": "assistant-store-manager", "salary": "", "solMetadata": {"searchRequestToken": "294656bb-9c2b-4c96-bc6c-c88b29793329", "token": "0~294656bb-9c2b-4c96-bc6c-c88b29793329", "jobId": "59569409", "section": "MAIN", "sectionRank": 288, "jobAdType": "ORGANIC", "tags": {"mordor__flights": "mordor_123"}}, "subClassification": {"id": "6047", "description": "Management - Store"}, "suburb": "Arndell Park", "suburbId": 11327, "suburbWhereValue": "Arndell Park NSW 2148", "teaser": "Whether it\u2019s managing rosters or cleaning up a spill in aisle 3, our Assistant Store Managers always lead from the front.", "title": "Assistant Store Manager - Arndell Park", "tracking": "ewogICJ0b2tlbiI6ICIxZjc0ZjYwMC04YmI2LTk4ZjUtOTAyNy0yOTg3ZDg2ZmRkNGFfOCIKfQ==", "workType": "Full Time", "isPrivateAdvertiser": false}, {"advertiser": {"id": "27493644", "description": "Aldi Stores"}, "area": "Parramatta & Western Suburbs", "areaId": 5030, "areaWhereValue": "Parramatta & Western Suburbs Sydney NSW", "automaticInclusion": false, "bulletPoints": [], "classification": {"id": "6043", "description": "Retail & Consumer Products"}, "companyName": "ALDI", "companyProfileStructuredDataId": 5197, "displayType": "standard", "listingDateDisplay": "14d ago", "location": "Sydney", "locationId": 1000, "locationWhereValue": "All Sydney NSW", "id": 59569430, "isPremium": false, "isStandOut": false, "jobLocation": {"label": "Erskine Park, Sydney NSW", "countryCode": "AU", "seoHierarchy": [{"contextualName": "Erskine Park NSW 2759"}, {"contextualName": "All Sydney NSW"}]}, "listingDate": "2022-12-27T23:51:47Z", "logo": {"id": "", "description": null}, "roleId": "assistant-store-manager", "salary": "", "solMetadata": {"searchRequestToken": "294656bb-9c2b-4c96-bc6c-c88b29793329", "token": "0~294656bb-9c2b-4c96-bc6c-c88b29793329", "jobId": "59569430", "section": "MAIN", "sectionRank": 289, "jobAdType": "ORGANIC", "tags": {"mordor__flights": "mordor_123"}}, "subClassification": {"id": "6047", "description": "Management - Store"}, "suburb": "Erskine Park", "suburbId": 20118, "suburbWhereValue": "Erskine Park NSW 2759", "teaser": "Whether it\u2019s managing rosters or cleaning up a spill in aisle 3, our Assistant Store Managers always lead from the front.", "title": "Assistant Store Manager - Erskine Park", "tracking": "ewogICJ0b2tlbiI6ICIxZjc0ZjYwMC04YmI2LTk4ZjUtOTAyNy0yOTg3ZDg2ZmRkNGFfOSIKfQ==", "workType": "Full Time", "isPrivateAdvertiser": false}, {"advertiser": {"id": "27493644", "description": "Aldi Stores"}, "area": "Rockingham & Kwinana", "areaId": 5052, "areaWhereValue": "Rockingham & Kwinana Perth WA", "automaticInclusion": false, "bulletPoints": [], "classification": {"id": "6043", "description": "Retail & Consumer Products"}, "companyName": "ALDI", "companyProfileStructuredDataId": 5197, "displayType": "standard", "listingDateDisplay": "23d ago", "location": "Perth", "locationId": 1009, "locationWhereValue": "All Perth WA", "id": 59514872, "isPremium": false, "isStandOut": false, "jobLocation": {"label": "Waikiki, Perth WA", "countryCode": "AU", "seoHierarchy": [{"contextualName": "Waikiki WA 6169"}, {"contextualName": "All Perth WA"}]}, "listingDate": "2022-12-18T22:32:04Z", "logo": {"id": "", "description": null}, "roleId": "retail-sales-assistant", "salary": "", "solMetadata": {"searchRequestToken": "294656bb-9c2b-4c96-bc6c-c88b29793329", "token": "0~294656bb-9c2b-4c96-bc6c-c88b29793329", "jobId": "59514872", "section": "MAIN", "sectionRank": 290, "jobAdType": "ORGANIC", "tags": {"mordor__flights": "mordor_123"}}, "subClassification": {"id": "6050", "description": "Retail Assistants"}, "suburb": "Waikiki", "suburbId": 21647, "suburbWhereValue": "Waikiki WA 6169", "teaser": "Whether they\u2019re racing to fill shelves or scanning through customers, our Retail Assistants can do everything and anything.", "title": "Retail Assistant - 20 hours p/w - Waikiki", "tracking": "ewogICJ0b2tlbiI6ICIxZjc0ZjYwMC04YmI2LTk4ZjUtOTAyNy0yOTg3ZDg2ZmRkNGFfMTAiCn0=", "workType": "Part Time", "isPrivateAdvertiser": false}, {"advertiser": {"id": "27493644", "description": "Aldi Stores"}, "area": "Eastern Suburbs", "areaId": 5049, "areaWhereValue": "Eastern Suburbs Perth WA", "automaticInclusion": false, "bulletPoints": [], "classification": {"id": "6043", "description": "Retail & Consumer Products"}, "companyName": "ALDI", "companyProfileStructuredDataId": 5197, "displayType": "standard", "listingDateDisplay": "14d ago", "location": "Perth", "locationId": 1009, "locationWhereValue": "All Perth WA", "id": 59571616, "isPremium": false, "isStandOut": false, "jobLocation": {"label": "Morley, Perth WA", "countryCode": "AU", "seoHierarchy": [{"contextualName": "Morley WA 6062"}, {"contextualName": "All Perth WA"}]}, "listingDate": "2022-12-28T05:30:17Z", "logo": {"id": "", "description": null}, "roleId": "store-manager", "salary": "", "solMetadata": {"searchRequestToken": "294656bb-9c2b-4c96-bc6c-c88b29793329", "token": "0~294656bb-9c2b-4c96-bc6c-c88b29793329", "jobId": "59571616", "section": "MAIN", "sectionRank": 291, "jobAdType": "ORGANIC", "tags": {"mordor__flights": "mordor_123"}}, "subClassification": {"id": "6047", "description": "Management - Store"}, "suburb": "Morley", "suburbId": 19131, "suburbWhereValue": "Morley WA 6062", "teaser": "From driving sales targets to supervising the training and development of a close-knit team, the role of an ALDI Store Manager is diverse and dynamic.", "title": "Store Manager - Northern Suburbs - 45 Hours", "tracking": "ewogICJ0b2tlbiI6ICIxZjc0ZjYwMC04YmI2LTk4ZjUtOTAyNy0yOTg3ZDg2ZmRkNGFfMTEiCn0=", "workType": "Full Time", "isPrivateAdvertiser": false}, {"advertiser": {"id": "27493644", "description": "Aldi Stores"}, "area": "Northern Suburbs", "areaId": 5012, "areaWhereValue": "Northern Suburbs Brisbane QLD", "automaticInclusion": false, "bulletPoints": [], "classification": {"id": "6092", "description": "Manufacturing, Transport & Logistics"}, "companyName": "ALDI", "companyProfileStructuredDataId": 5197, "displayType": "standard", "listingDateDisplay": "19d ago", "location": "Brisbane", "locationId": 1004, "locationWhereValue": "All Brisbane QLD", "id": 59562470, "isPremium": false, "isStandOut": false, "jobLocation": {"label": "Brendale, Brisbane QLD", "countryCode": "AU", "seoHierarchy": [{"contextualName": "Brendale QLD 4500"}, {"contextualName": "All Brisbane QLD"}]}, "listingDate": "2022-12-23T04:09:40Z", "logo": {"id": "", "description": null}, "roleId": "transport-supervisor", "salary": "$33.31 p/h + penalties", "solMetadata": {"searchRequestToken": "294656bb-9c2b-4c96-bc6c-c88b29793329", "token": "0~294656bb-9c2b-4c96-bc6c-c88b29793329", "jobId": "59562470", "section": "MAIN", "sectionRank": 292, "jobAdType": "ORGANIC", "tags": {"mordor__flights": "mordor_123"}}, "subClassification": {"id": "6107", "description": "Team Leaders/Supervisors"}, "suburb": "Brendale", "suburbId": 18046, "suburbWhereValue": "Brendale QLD 4500", "teaser": "From scheduling stock delivery to helping manage staff rosters, these roles share the responsibility of running of our Transport Department.", "title": "Assistant Transport Supervisor", "tracking": "ewogICJ0b2tlbiI6ICIxZjc0ZjYwMC04YmI2LTk4ZjUtOTAyNy0yOTg3ZDg2ZmRkNGFfMTIiCn0=", "workType": "Full Time", "isPrivateAdvertiser": false}, {"advertiser": {"id": "27493644", "description": "Aldi Stores"}, "automaticInclusion": false, "bulletPoints": [], "classification": {"id": "6043", "description": "Retail & Consumer Products"}, "companyName": "ALDI", "companyProfileStructuredDataId": 5197, "displayType": "standard", "listingDateDisplay": "24d ago", "location": "Bendigo, Goldfields & Macedon Ranges", "locationId": 5067, "locationWhereValue": "Bendigo, Goldfields & Macedon Ranges VIC", "id": 59513536, "isPremium": false, "isStandOut": false, "jobLocation": {"label": "Kilmore, Bendigo, Goldfields & Macedon Ranges VIC", "countryCode": "AU", "seoHierarchy": [{"contextualName": "Kilmore VIC 3764"}, {"contextualName": "Bendigo, Goldfields & Macedon Ranges VIC"}]}, "listingDate": "2022-12-18T10:15:03Z", "logo": {"id": "", "description": null}, "roleId": "retail-sales-assistant", "salary": "", "solMetadata": {"searchRequestToken": "294656bb-9c2b-4c96-bc6c-c88b29793329", "token": "0~294656bb-9c2b-4c96-bc6c-c88b29793329", "jobId": "59513536", "section": "MAIN", "sectionRank": 293, "jobAdType": "ORGANIC", "tags": {"mordor__flights": "mordor_123"}}, "subClassification": {"id": "6050", "description": "Retail Assistants"}, "suburb": "Kilmore", "suburbId": 13125, "suburbWhereValue": "Kilmore VIC 3764", "teaser": "Whether they\u2019re racing to fill shelves or scanning through customers, our Retail Assistants can do everything and anything.", "title": "Retail Assistant - Kilmore", "tracking": "ewogICJ0b2tlbiI6ICIxZjc0ZjYwMC04YmI2LTk4ZjUtOTAyNy0yOTg3ZDg2ZmRkNGFfMTMiCn0=", "workType": "Part Time", "isPrivateAdvertiser": false}, {"advertiser": {"id": "27493644", "description": "Aldi Stores"}, "area": "Northern Suburbs & Joondalup", "areaId": 5051, "areaWhereValue": "Northern Suburbs & Joondalup Perth WA", "automaticInclusion": false, "bulletPoints": [], "classification": {"id": "6043", "description": "Retail & Consumer Products"}, "companyName": "ALDI", "companyProfileStructuredDataId": 5197, "displayType": "standard", "listingDateDisplay": "26d ago", "location": "Perth", "locationId": 1009, "locationWhereValue": "All Perth WA", "id": 59502479, "isPremium": false, "isStandOut": false, "jobLocation": {"label": "Clarkson, Perth WA", "countryCode": "AU", "seoHierarchy": [{"contextualName": "Clarkson WA 6030"}, {"contextualName": "All Perth WA"}]}, "listingDate": "2022-12-15T22:24:13Z", "logo": {"id": "", "description": null}, "roleId": "retail-sales-assistant", "salary": "", "solMetadata": {"searchRequestToken": "294656bb-9c2b-4c96-bc6c-c88b29793329", "token": "0~294656bb-9c2b-4c96-bc6c-c88b29793329", "jobId": "59502479", "section": "MAIN", "sectionRank": 294, "jobAdType": "ORGANIC", "tags": {"mordor__flights": "mordor_123"}}, "subClassification": {"id": "6050", "description": "Retail Assistants"}, "suburb": "Clarkson", "suburbId": 14301, "suburbWhereValue": "Clarkson WA 6030", "teaser": "Whether they\u2019re racing to fill shelves or scanning through customers, our Retail Assistants can do everything and anything.", "title": "Retail Assistant - Banksia Grove/Clarkson - 15 hours p/w", "tracking": "ewogICJ0b2tlbiI6ICIxZjc0ZjYwMC04YmI2LTk4ZjUtOTAyNy0yOTg3ZDg2ZmRkNGFfMTQiCn0=", "workType": "Part Time", "isPrivateAdvertiser": false}, {"advertiser": {"id": "27493644", "description": "Aldi Stores"}, "automaticInclusion": false, "bulletPoints": [], "classification": {"id": "6043", "description": "Retail & Consumer Products"}, "companyName": "ALDI", "companyProfileStructuredDataId": 5197, "displayType": "standard", "listingDateDisplay": "22d ago", "location": "South West Coast VIC", "locationId": 5068, "locationWhereValue": "South West Coast VIC", "id": 59532189, "isPremium": false, "isStandOut": false, "jobLocation": {"label": "Belmont, South West Coast VIC", "countryCode": "AU", "seoHierarchy": [{"contextualName": "Belmont VIC 3216"}, {"contextualName": "South West Coast VIC"}]}, "listingDate": "2022-12-20T06:08:52Z", "logo": {"id": "", "description": null}, "roleId": "retail-sales-assistant", "salary": "", "solMetadata": {"searchRequestToken": "294656bb-9c2b-4c96-bc6c-c88b29793329", "token": "0~294656bb-9c2b-4c96-bc6c-c88b29793329", "jobId": "59532189", "section": "MAIN", "sectionRank": 295, "jobAdType": "ORGANIC", "tags": {"mordor__flights": "mordor_123"}}, "subClassification": {"id": "6050", "description": "Retail Assistants"}, "suburb": "Belmont", "suburbId": 17353, "suburbWhereValue": "Belmont VIC 3216", "teaser": "Whether they\u2019re racing to fill shelves or scanning through customers, our Retail Assistants can do everything and anything.", "title": "Retail Assistant - Belmont- Highton", "tracking": "ewogICJ0b2tlbiI6ICIxZjc0ZjYwMC04YmI2LTk4ZjUtOTAyNy0yOTg3ZDg2ZmRkNGFfMTUiCn0=", "workType": "Part Time", "isPrivateAdvertiser": false}, {"advertiser": {"id": "27493644", "description": "Aldi Stores"}, "area": "CBD, Inner West & Eastern Suburbs", "areaId": 5027, "areaWhereValue": "Sydney CBD, Inner West & Eastern Suburbs Sydney NSW", "automaticInclusion": false, "bulletPoints": [], "classification": {"id": "6043", "description": "Retail & Consumer Products"}, "companyName": "ALDI", "companyProfileStructuredDataId": 5197, "displayType": "standard", "listingDateDisplay": "26d ago", "location": "Sydney", "locationId": 1000, "locationWhereValue": "All Sydney NSW", "id": 59508191, "isPremium": false, "isStandOut": false, "jobLocation": {"label": "Bondi Junction, Sydney NSW", "countryCode": "AU", "seoHierarchy": [{"contextualName": "Bondi Junction NSW 2022"}, {"contextualName": "All Sydney NSW"}]}, "listingDate": "2022-12-16T04:29:31Z", "logo": {"id": "", "description": null}, "roleId": "retail-sales-assistant", "salary": "$25.92 + higher weekend penalties", "solMetadata": {"searchRequestToken": "294656bb-9c2b-4c96-bc6c-c88b29793329", "token": "0~294656bb-9c2b-4c96-bc6c-c88b29793329", "jobId": "59508191", "section": "MAIN", "sectionRank": 296, "jobAdType": "ORGANIC", "tags": {"mordor__flights": "mordor_123"}}, "subClassification": {"id": "6050", "description": "Retail Assistants"}, "suburb": "Bondi Junction", "suburbId": 17777, "suburbWhereValue": "Bondi Junction NSW 2022", "teaser": "Our limited roster contracts allow you to nominate the days you can work, so you can prioritise both personal commitments and work at the same time.", "title": "Retail Assistant - Bondi Junction Eastern Sydney (Limited Roster for 15 hrs p/w)", "tracking": "ewogICJ0b2tlbiI6ICIxZjc0ZjYwMC04YmI2LTk4ZjUtOTAyNy0yOTg3ZDg2ZmRkNGFfMTYiCn0=", "workType": "Part Time", "isPrivateAdvertiser": false}, {"advertiser": {"id": "27493644", "description": "Aldi Stores"}, "area": "Rockingham & Kwinana", "areaId": 5052, "areaWhereValue": "Rockingham & Kwinana Perth WA", "automaticInclusion": false, "bulletPoints": [], "classification": {"id": "6043", "description": "Retail & Consumer Products"}, "companyName": "ALDI", "companyProfileStructuredDataId": 5197, "displayType": "standard", "listingDateDisplay": "23d ago", "location": "Perth", "locationId": 1009, "locationWhereValue": "All Perth WA", "id": 59514777, "isPremium": false, "isStandOut": false, "jobLocation": {"label": "Rockingham, Perth WA", "countryCode": "AU", "seoHierarchy": [{"contextualName": "Rockingham WA 6168"}, {"contextualName": "All Perth WA"}]}, "listingDate": "2022-12-18T22:24:33Z", "logo": {"id": "", "description": null}, "roleId": "retail-sales-assistant", "salary": "", "solMetadata": {"searchRequestToken": "294656bb-9c2b-4c96-bc6c-c88b29793329", "token": "0~294656bb-9c2b-4c96-bc6c-c88b29793329", "jobId": "59514777", "section": "MAIN", "sectionRank": 297, "jobAdType": "ORGANIC", "tags": {"mordor__flights": "mordor_123"}}, "subClassification": {"id": "6050", "description": "Retail Assistants"}, "suburb": "Rockingham", "suburbId": 12399, "suburbWhereValue": "Rockingham WA 6168", "teaser": "Whether they\u2019re racing to fill shelves or scanning through customers, our Retail Assistants can do everything and anything.", "title": "Retail Assistant - 20 hours p/w - Kwinana / Rockingham", "tracking": "ewogICJ0b2tlbiI6ICIxZjc0ZjYwMC04YmI2LTk4ZjUtOTAyNy0yOTg3ZDg2ZmRkNGFfMTciCn0=", "workType": "Part Time", "isPrivateAdvertiser": false}, {"advertiser": {"id": "27493644", "description": "Aldi Stores"}, "area": "Eastern Suburbs", "areaId": 5049, "areaWhereValue": "Eastern Suburbs Perth WA", "automaticInclusion": false, "bulletPoints": [], "classification": {"id": "6043", "description": "Retail & Consumer Products"}, "companyName": "ALDI", "companyProfileStructuredDataId": 5197, "displayType": "standard", "listingDateDisplay": "12d ago", "location": "Perth", "locationId": 1009, "locationWhereValue": "All Perth WA", "id": 59577035, "isPremium": false, "isStandOut": false, "jobLocation": {"label": "Midland, Perth WA", "countryCode": "AU", "seoHierarchy": [{"contextualName": "Midland WA 6056"}, {"contextualName": "All Perth WA"}]}, "listingDate": "2022-12-29T22:21:21Z", "logo": {"id": "", "description": null}, "roleId": "store-manager", "salary": "", "solMetadata": {"searchRequestToken": "294656bb-9c2b-4c96-bc6c-c88b29793329", "token": "0~294656bb-9c2b-4c96-bc6c-c88b29793329", "jobId": "59577035", "section": "MAIN", "sectionRank": 298, "jobAdType": "ORGANIC", "tags": {"mordor__flights": "mordor_123"}}, "subClassification": {"id": "6047", "description": "Management - Store"}, "suburb": "Midland", "suburbId": 18730, "suburbWhereValue": "Midland WA 6056", "teaser": "From driving sales and controlling costs, to serving customers & training staff, our Duty Store Managers always lead from the front.", "title": "Duty Store Manager - Midland", "tracking": "ewogICJ0b2tlbiI6ICIxZjc0ZjYwMC04YmI2LTk4ZjUtOTAyNy0yOTg3ZDg2ZmRkNGFfMTgiCn0=", "workType": "Part Time", "isPrivateAdvertiser": false}, {"advertiser": {"id": "27493644", "description": "Aldi Stores"}, "automaticInclusion": false, "bulletPoints": [], "classification": {"id": "6043", "description": "Retail & Consumer Products"}, "companyName": "ALDI", "companyProfileStructuredDataId": 5197, "displayType": "standard", "listingDateDisplay": "23d ago", "location": "Bendigo, Goldfields & Macedon Ranges", "locationId": 5067, "locationWhereValue": "Bendigo, Goldfields & Macedon Ranges VIC", "id": 59518110, "isPremium": false, "isStandOut": false, "jobLocation": {"label": "Bacchus Marsh, Bendigo, Goldfields & Macedon Ranges VIC", "countryCode": "AU", "seoHierarchy": [{"contextualName": "Bacchus Marsh VIC 3340"}, {"contextualName": "Bendigo, Goldfields & Macedon Ranges VIC"}]}, "listingDate": "2022-12-19T01:47:29Z", "logo": {"id": "", "description": null}, "roleId": "retail-sales-assistant", "salary": "", "solMetadata": {"searchRequestToken": "294656bb-9c2b-4c96-bc6c-c88b29793329", "token": "0~294656bb-9c2b-4c96-bc6c-c88b29793329", "jobId": "59518110", "section": "MAIN", "sectionRank": 299, "jobAdType": "ORGANIC", "tags": {"mordor__flights": "mordor_123"}}, "subClassification": {"id": "6050", "description": "Retail Assistants"}, "suburb": "Bacchus Marsh", "suburbId": 11454, "suburbWhereValue": "Bacchus Marsh VIC 3340", "teaser": "Whether they\u2019re racing to fill shelves or scanning through customers, our Retail Assistants can do everything and anything.", "title": "Retail Assistant - Bacchus Marsh", "tracking": "ewogICJ0b2tlbiI6ICIxZjc0ZjYwMC04YmI2LTk4ZjUtOTAyNy0yOTg3ZDg2ZmRkNGFfMTkiCn0=", "workType": "Part Time", "isPrivateAdvertiser": false}, {"advertiser": {"id": "27493644", "description": "Aldi Stores"}, "area": "Parramatta & Western Suburbs", "areaId": 5030, "areaWhereValue": "Parramatta & Western Suburbs Sydney NSW", "automaticInclusion": false, "bulletPoints": [], "classification": {"id": "6043", "description": "Retail & Consumer Products"}, "companyName": "ALDI", "companyProfileStructuredDataId": 5197, "displayType": "standard", "listingDateDisplay": "14d ago", "location": "Sydney", "locationId": 1000, "locationWhereValue": "All Sydney NSW", "id": 59569035, "isPremium": false, "isStandOut": false, "jobLocation": {"label": "Quakers Hill, Sydney NSW", "countryCode": "AU", "seoHierarchy": [{"contextualName": "Quakers Hill NSW 2763"}, {"contextualName": "All Sydney NSW"}]}, "listingDate": "2022-12-27T22:51:36Z", "logo": {"id": "", "description": null}, "roleId": "store-manager", "salary": "", "solMetadata": {"searchRequestToken": "294656bb-9c2b-4c96-bc6c-c88b29793329", "token": "0~294656bb-9c2b-4c96-bc6c-c88b29793329", "jobId": "59569035", "section": "MAIN", "sectionRank": 300, "jobAdType": "ORGANIC", "tags": {"mordor__flights": "mordor_123"}}, "subClassification": {"id": "6047", "description": "Management - Store"}, "suburb": "Quakers Hill", "suburbId": 12084, "suburbWhereValue": "Quakers Hill NSW 2763", "teaser": "From driving sales and controlling costs, to serving customers & training staff, our Duty Managers always lead from the front.", "title": "Duty Store Manager - Quakers Hill", "tracking": "ewogICJ0b2tlbiI6ICIxZjc0ZjYwMC04YmI2LTk4ZjUtOTAyNy0yOTg3ZDg2ZmRkNGFfMjAiCn0=", "workType": "Part Time", "isPrivateAdvertiser": false}], "title": "Jobs in All Australia", "totalCount": 417, "paginationParameters": {"seekSelectAllPages": true, "hadPremiumListings": false}, "info": {"timeTaken": 50, "source": "JobSearch-sm", "experiment": "mordor_123"}, "userQueryId": "a3f7e6f85be73fd8fe2e3d5ea92001b7-7335003", "sortMode": [{"isActive": true, "name": "Relevance", "value": "KeywordRelevance"}, {"isActive": false, "name": "Date", "value": "ListedDate"}], "solMetadata": {"requestToken": "294656bb-9c2b-4c96-bc6c-c88b29793329", "token": "0~294656bb-9c2b-4c96-bc6c-c88b29793329", "sortMode": "RELEVANCE", "locations": ["seek-3000"], "locationDistance": 50, "employer": "ALDI", "pageSize": 20, "pageNumber": 15, "totalJobCount": 417, "tags": {"mordor__flights": "mordor_123", "chalice-search-api:solId": "c00c353f-a376-4b96-b397-16e262dbd3d3"}}, "location": {"matched": true, "whereId": 3000, "type": "Country", "suburbType": "rural", "description": "All Australia", "stateDescription": "", "locationId": 3000, "locationDescription": "", "areaId": 0, "areaDescription": "", "suburbParentDescription": ""}, "canonicalCompany": {"id": "5197", "description": "ALDI"}, "companySuggestion": {"search": {"keywords": "ALDI"}, "count": "461"}, "joraCrossLink": {"canCrossLink": false}, "searchParams": {"sitekey": "AU-Main", "sourcesystem": "houston", "userqueryid": "a3f7e6f85be73fd8fe2e3d5ea92001b7-7335003", "userid": "5959404e-631e-45a1-bb3b-2ae481757cf6", "usersessionid": "5959404e-631e-45a1-bb3b-2ae481757cf6", "eventcapturesessionid": "5959404e-631e-45a1-bb3b-2ae481757cf6", "where": "All Australia", "page": "15", "seekselectallpages": "true", "companyname": "ALDI", "include": "seodata", "solid": "c00c353f-a376-4b96-b397-16e262dbd3d3"}}