{"data": [{"advertiser": {"id": "27493644", "description": "Aldi Stores"}, "area": "Western Suburbs", "areaId": 5073, "areaWhereValue": "Western Suburbs Melbourne VIC", "automaticInclusion": false, "bulletPoints": [], "classification": {"id": "6043", "description": "Retail & Consumer Products"}, "companyName": "ALDI", "companyProfileStructuredDataId": 5197, "displayType": "standard", "listingDateDisplay": "5d ago", "location": "Melbourne", "locationId": 1002, "locationWhereValue": "All Melbourne VIC", "id": 59628812, "isPremium": false, "isStandOut": false, "jobLocation": {"label": "Keilor Downs, Melbourne VIC", "countryCode": "AU", "seoHierarchy": [{"contextualName": "Keilor Downs VIC 3038"}, {"contextualName": "All Melbourne VIC"}]}, "listingDate": "2023-01-06T05:52:45Z", "logo": {"id": "", "description": null}, "roleId": "store-manager", "salary": "Hands-on leaders wanted! Career Opportunity.", "solMetadata": {"searchRequestToken": "abfe25fc-c709-4cec-acb8-522a7182c6b9", "token": "0~abfe25fc-c709-4cec-acb8-522a7182c6b9", "jobId": "59628812", "section": "MAIN", "sectionRank": 201, "jobAdType": "ORGANIC", "tags": {"mordor__flights": "mordor_123"}}, "subClassification": {"id": "6046", "description": "Management - Department/Assistant"}, "suburb": "Keilor Downs", "suburbId": 12964, "suburbWhereValue": "Keilor Downs VIC 3038", "teaser": "From driving sales and controlling costs, to serving customers & training staff, our Duty Store Managers always lead from the front.", "title": "Duty Store Manager (3IC) - Keilor Downs", "tracking": "ewogICJ0b2tlbiI6ICJlNDI3ZjdiOS05OTI0LTliM2UtODFkNi1iYzkyMzc2MTc2Y2JfMSIKfQ==", "workType": "Part Time", "isPrivateAdvertiser": false}, {"advertiser": {"id": "27493644", "description": "Aldi Stores"}, "area": "Eastern Suburbs", "areaId": 5071, "areaWhereValue": "Eastern Suburbs Melbourne VIC", "automaticInclusion": false, "bulletPoints": [], "classification": {"id": "6043", "description": "Retail & Consumer Products"}, "companyName": "ALDI", "companyProfileStructuredDataId": 5197, "displayType": "standard", "listingDateDisplay": "7d ago", "location": "Melbourne", "locationId": 1002, "locationWhereValue": "All Melbourne VIC", "id": 59604523, "isPremium": false, "isStandOut": false, "jobLocation": {"label": "Croydon, Melbourne VIC", "countryCode": "AU", "seoHierarchy": [{"contextualName": "Croydon VIC 3136"}, {"contextualName": "All Melbourne VIC"}]}, "listingDate": "2023-01-04T03:18:24Z", "logo": {"id": "", "description": null}, "roleId": "assistant-store-manager", "salary": "", "solMetadata": {"searchRequestToken": "abfe25fc-c709-4cec-acb8-522a7182c6b9", "token": "0~abfe25fc-c709-4cec-acb8-522a7182c6b9", "jobId": "59604523", "section": "MAIN", "sectionRank": 202, "jobAdType": "ORGANIC", "tags": {"mordor__flights": "mordor_123"}}, "subClassification": {"id": "6047", "description": "Management - Store"}, "suburb": "Croydon", "suburbId": 14908, "suburbWhereValue": "Croydon VIC 3136", "teaser": "Whether it\u2019s managing rosters or cleaning up a spill in aisle 3, our Assistant Store Managers always lead from the front.", "title": "Assistant Store Manager Croydon/Lilydale", "tracking": "ewogICJ0b2tlbiI6ICJlNDI3ZjdiOS05OTI0LTliM2UtODFkNi1iYzkyMzc2MTc2Y2JfMiIKfQ==", "workType": "Full Time", "isPrivateAdvertiser": false}, {"advertiser": {"id": "27631710", "description": "ALDI Stores"}, "area": "Parramatta & Western Suburbs", "areaId": 5030, "areaWhereValue": "Parramatta & Western Suburbs Sydney NSW", "automaticInclusion": false, "branding": {"id": "9b144343-530f-0eb7-306e-1e80f4e30aad", "assets": {"logo": {"strategies": {"jdpLogo": "https://bx-branding-gateway.cloud.seek.com.au/9b144343-530f-0eb7-306e-1e80f4e30aad/jdpLogo", "serpLogo": "https://bx-branding-gateway.cloud.seek.com.au/9b144343-530f-0eb7-306e-1e80f4e30aad/serpLogo"}}}}, "bulletPoints": ["Permanent Contract", "First class Trucks", "Immediate start and safe working environment"], "classification": {"id": "6092", "description": "Manufacturing, Transport & Logistics"}, "companyName": "ALDI", "companyProfileStructuredDataId": 5197, "displayType": "standout", "listingDateDisplay": "13d ago", "location": "Sydney", "locationId": 1000, "locationWhereValue": "All Sydney NSW", "id": 59575884, "isPremium": false, "isStandOut": true, "jobLocation": {"label": "Minchinbury, Sydney NSW", "countryCode": "AU", "seoHierarchy": [{"contextualName": "Minchinbury NSW 2770"}, {"contextualName": "All Sydney NSW"}]}, "listingDate": "2022-12-29T07:23:25Z", "logo": {"id": "", "description": null}, "roleId": "truckdriver", "salary": "$31 - $36 per hour", "solMetadata": {"searchRequestToken": "abfe25fc-c709-4cec-acb8-522a7182c6b9", "token": "0~abfe25fc-c709-4cec-acb8-522a7182c6b9", "jobId": "59575884", "section": "MAIN", "sectionRank": 203, "jobAdType": "ORGANIC", "tags": {"mordor__flights": "mordor_123"}}, "subClassification": {"id": "6111", "description": "Road Transport"}, "suburb": "Minchinbury", "suburbId": 18808, "suburbWhereValue": "Minchinbury NSW 2770", "teaser": "We are hiring Truck Drivers for our ALDI Distribution Centres across Australia!", "title": "Truck Driver", "tracking": "ewogICJ0b2tlbiI6ICJlNDI3ZjdiOS05OTI0LTliM2UtODFkNi1iYzkyMzc2MTc2Y2JfMyIKfQ==", "workType": "Part Time", "isPrivateAdvertiser": false}, {"advertiser": {"id": "27493644", "description": "Aldi Stores"}, "area": "Northern Suburbs", "areaId": 5072, "areaWhereValue": "Northern Suburbs Melbourne VIC", "automaticInclusion": false, "bulletPoints": [], "classification": {"id": "6043", "description": "Retail & Consumer Products"}, "companyName": "ALDI", "companyProfileStructuredDataId": 5197, "displayType": "standard", "listingDateDisplay": "5d ago", "location": "Melbourne", "locationId": 1002, "locationWhereValue": "All Melbourne VIC", "id": 59627712, "isPremium": false, "isStandOut": false, "jobLocation": {"label": "Brunswick, Melbourne VIC", "countryCode": "AU", "seoHierarchy": [{"contextualName": "Brunswick VIC 3056"}, {"contextualName": "All Melbourne VIC"}]}, "listingDate": "2023-01-06T04:43:54Z", "logo": {"id": "", "description": null}, "roleId": "store-manager", "salary": "Hands-On Leaders, Long Term Career Opportunities.", "solMetadata": {"searchRequestToken": "abfe25fc-c709-4cec-acb8-522a7182c6b9", "token": "0~abfe25fc-c709-4cec-acb8-522a7182c6b9", "jobId": "59627712", "section": "MAIN", "sectionRank": 204, "jobAdType": "ORGANIC", "tags": {"mordor__flights": "mordor_123"}}, "subClassification": {"id": "6046", "description": "Management - Department/Assistant"}, "suburb": "Brunswick", "suburbId": 18219, "suburbWhereValue": "Brunswick VIC 3056", "teaser": "From driving sales and controlling costs, to serving customers & training staff, our Duty Store Managers always lead from the front.", "title": "Duty Store Manager (3IC) - Brunswick/ Coburg North/ Gladstone Park - 35 hours pw", "tracking": "ewogICJ0b2tlbiI6ICJlNDI3ZjdiOS05OTI0LTliM2UtODFkNi1iYzkyMzc2MTc2Y2JfNCIKfQ==", "workType": "Part Time", "isPrivateAdvertiser": false}, {"advertiser": {"id": "27493644", "description": "Aldi Stores"}, "automaticInclusion": false, "bulletPoints": [], "classification": {"id": "6043", "description": "Retail & Consumer Products"}, "companyName": "ALDI", "companyProfileStructuredDataId": 5197, "displayType": "standard", "listingDateDisplay": "14d ago", "location": "Mornington Peninsula & Bass Coast", "locationId": 5077, "locationWhereValue": "Mornington Peninsula & Bass Coast VIC", "id": 59568719, "isPremium": false, "isStandOut": false, "jobLocation": {"label": "Wonthaggi, Mornington Peninsula & Bass Coast VIC", "countryCode": "AU", "seoHierarchy": [{"contextualName": "Wonthaggi VIC 3995"}, {"contextualName": "Mornington Peninsula & Bass Coast VIC"}]}, "listingDate": "2022-12-27T22:01:05Z", "logo": {"id": "", "description": null}, "roleId": "retail-sales-assistant", "salary": "", "solMetadata": {"searchRequestToken": "abfe25fc-c709-4cec-acb8-522a7182c6b9", "token": "0~abfe25fc-c709-4cec-acb8-522a7182c6b9", "jobId": "59568719", "section": "MAIN", "sectionRank": 205, "jobAdType": "ORGANIC", "tags": {"mordor__flights": "mordor_123"}}, "subClassification": {"id": "6050", "description": "Retail Assistants"}, "suburb": "Wonthaggi", "suburbId": 10396, "suburbWhereValue": "Wonthaggi VIC 3995", "teaser": "Whether they\u2019re racing to fill shelves or scanning through customers, our Retail Assistants can do everything and anything.", "title": "ALDI Retail Assistant - Wonthaggi/Leongatha", "tracking": "ewogICJ0b2tlbiI6ICJlNDI3ZjdiOS05OTI0LTliM2UtODFkNi1iYzkyMzc2MTc2Y2JfNSIKfQ==", "workType": "Part Time", "isPrivateAdvertiser": false}, {"advertiser": {"id": "27493644", "description": "Aldi Stores"}, "automaticInclusion": false, "bulletPoints": [], "classification": {"id": "6043", "description": "Retail & Consumer Products"}, "companyName": "ALDI", "companyProfileStructuredDataId": 5197, "displayType": "standard", "listingDateDisplay": "3d ago", "location": "West Gippsland & Latrobe Valley", "locationId": 5066, "locationWhereValue": "West Gippsland & Latrobe Valley VIC", "id": 59632812, "isPremium": false, "isStandOut": false, "jobLocation": {"label": "Traralgon, West Gippsland & Latrobe Valley VIC", "countryCode": "AU", "seoHierarchy": [{"contextualName": "Traralgon VIC 3844"}, {"contextualName": "West Gippsland & Latrobe Valley VIC"}]}, "listingDate": "2023-01-07T22:01:06Z", "logo": {"id": "", "description": null}, "roleId": "store-manager", "salary": "", "solMetadata": {"searchRequestToken": "abfe25fc-c709-4cec-acb8-522a7182c6b9", "token": "0~abfe25fc-c709-4cec-acb8-522a7182c6b9", "jobId": "59632812", "section": "MAIN", "sectionRank": 206, "jobAdType": "ORGANIC", "tags": {"mordor__flights": "mordor_123"}}, "subClassification": {"id": "6047", "description": "Management - Store"}, "suburb": "Traralgon", "suburbId": 21243, "suburbWhereValue": "Traralgon VIC 3844", "teaser": "From driving sales and controlling costs, to serving customers & training staff, our Duty Store Managers always lead from the front.", "title": "Duty Store Manager (DSM) Sale/ Traralgon", "tracking": "ewogICJ0b2tlbiI6ICJlNDI3ZjdiOS05OTI0LTliM2UtODFkNi1iYzkyMzc2MTc2Y2JfNiIKfQ==", "workType": "Part Time", "isPrivateAdvertiser": false}, {"advertiser": {"id": "27493644", "description": "Aldi Stores"}, "area": "Southern Suburbs & Logan", "areaId": 5013, "areaWhereValue": "Southern Suburbs & Logan Brisbane QLD", "automaticInclusion": false, "bulletPoints": [], "classification": {"id": "6043", "description": "Retail & Consumer Products"}, "companyName": "ALDI", "companyProfileStructuredDataId": 5197, "displayType": "standard", "listingDateDisplay": "26d ago", "location": "Brisbane", "locationId": 1004, "locationWhereValue": "All Brisbane QLD", "id": 59510398, "isPremium": false, "isStandOut": false, "jobLocation": {"label": "Marsden, Brisbane QLD", "countryCode": "AU", "seoHierarchy": [{"contextualName": "Marsden QLD 4132"}, {"contextualName": "All Brisbane QLD"}]}, "listingDate": "2022-12-16T07:20:15Z", "logo": {"id": "", "description": null}, "roleId": "retail-sales-assistant", "salary": "", "solMetadata": {"searchRequestToken": "abfe25fc-c709-4cec-acb8-522a7182c6b9", "token": "0~abfe25fc-c709-4cec-acb8-522a7182c6b9", "jobId": "59510398", "section": "MAIN", "sectionRank": 207, "jobAdType": "ORGANIC", "tags": {"mordor__flights": "mordor_123"}}, "subClassification": {"id": "6050", "description": "Retail Assistants"}, "suburb": "Marsden", "suburbId": 18440, "suburbWhereValue": "Marsden QLD 4132", "teaser": "Whether they\u2019re racing to fill shelves or scanning through customers, our Retail Assistants can do everything and anything.", "title": "Retail Assistant - Marsden/ Bethania - 20 hours p/w", "tracking": "ewogICJ0b2tlbiI6ICJlNDI3ZjdiOS05OTI0LTliM2UtODFkNi1iYzkyMzc2MTc2Y2JfNyIKfQ==", "workType": "Part Time", "isPrivateAdvertiser": false}, {"advertiser": {"id": "27493644", "description": "Aldi Stores"}, "area": "Parramatta & Western Suburbs", "areaId": 5030, "areaWhereValue": "Parramatta & Western Suburbs Sydney NSW", "automaticInclusion": false, "bulletPoints": [], "classification": {"id": "6043", "description": "Retail & Consumer Products"}, "companyName": "ALDI", "companyProfileStructuredDataId": 5197, "displayType": "standard", "listingDateDisplay": "8d ago", "location": "Sydney", "locationId": 1000, "locationWhereValue": "All Sydney NSW", "id": 59584718, "isPremium": false, "isStandOut": false, "jobLocation": {"label": "Guildford, Sydney NSW", "countryCode": "AU", "seoHierarchy": [{"contextualName": "Guildford NSW 2161"}, {"contextualName": "All Sydney NSW"}]}, "listingDate": "2023-01-02T22:02:30Z", "logo": {"id": "", "description": null}, "roleId": "store-manager", "salary": "", "solMetadata": {"searchRequestToken": "abfe25fc-c709-4cec-acb8-522a7182c6b9", "token": "0~abfe25fc-c709-4cec-acb8-522a7182c6b9", "jobId": "59584718", "section": "MAIN", "sectionRank": 208, "jobAdType": "ORGANIC", "tags": {"mordor__flights": "mordor_123"}}, "subClassification": {"id": "6047", "description": "Management - Store"}, "suburb": "Guildford", "suburbId": 22873, "suburbWhereValue": "Guildford NSW 2161", "teaser": "From driving sales and controlling costs, to serving customers & training staff, our Duty Store Managers always lead from the front.", "title": "Duty Store Manager - Cumberland Area", "tracking": "ewogICJ0b2tlbiI6ICJlNDI3ZjdiOS05OTI0LTliM2UtODFkNi1iYzkyMzc2MTc2Y2JfOCIKfQ==", "workType": "Part Time", "isPrivateAdvertiser": false}, {"advertiser": {"id": "27493644", "description": "Aldi Stores"}, "automaticInclusion": false, "bulletPoints": [], "classification": {"id": "6043", "description": "Retail & Consumer Products"}, "companyName": "ALDI", "companyProfileStructuredDataId": 5197, "displayType": "standard", "listingDateDisplay": "13d ago", "location": "Horsham & Grampians", "locationId": 5064, "locationWhereValue": "Horsham & Grampians VIC", "id": 59575399, "isPremium": false, "isStandOut": false, "jobLocation": {"label": "Horsham, Horsham & Grampians VIC", "countryCode": "AU", "seoHierarchy": [{"contextualName": "Horsham VIC 3400"}, {"contextualName": "Horsham & Grampians VIC"}]}, "listingDate": "2022-12-29T04:58:28Z", "logo": {"id": "", "description": null}, "roleId": "retail-sales-assistant", "salary": "", "solMetadata": {"searchRequestToken": "abfe25fc-c709-4cec-acb8-522a7182c6b9", "token": "0~abfe25fc-c709-4cec-acb8-522a7182c6b9", "jobId": "59575399", "section": "MAIN", "sectionRank": 209, "jobAdType": "ORGANIC", "tags": {"mordor__flights": "mordor_123"}}, "subClassification": {"id": "6050", "description": "Retail Assistants"}, "suburb": "Horsham", "suburbId": 23375, "suburbWhereValue": "Horsham VIC 3400", "teaser": "Whether they\u2019re racing to fill shelves or scanning through customers, our Retail Assistants can do everything and anything.", "title": "Retail Assistant - Horsham", "tracking": "ewogICJ0b2tlbiI6ICJlNDI3ZjdiOS05OTI0LTliM2UtODFkNi1iYzkyMzc2MTc2Y2JfOSIKfQ==", "workType": "Part Time", "isPrivateAdvertiser": false}, {"advertiser": {"id": "27493644", "description": "Aldi Stores"}, "automaticInclusion": false, "bulletPoints": [], "classification": {"id": "6043", "description": "Retail & Consumer Products"}, "companyName": "ALDI", "companyProfileStructuredDataId": 5197, "displayType": "standard", "listingDateDisplay": "5d ago", "location": "Wollongong, Illawarra & South Coast", "locationId": 5038, "locationWhereValue": "Wollongong, Illawarra & South Coast NSW", "id": 59621550, "isPremium": false, "isStandOut": false, "jobLocation": {"label": "Fairy Meadow, Wollongong, Illawarra & South Coast NSW", "countryCode": "AU", "seoHierarchy": [{"contextualName": "Fairy Meadow NSW 2519"}, {"contextualName": "Wollongong, Illawarra & South Coast NSW"}]}, "listingDate": "2023-01-05T22:07:57Z", "logo": {"id": "", "description": null}, "roleId": "store-manager", "salary": "", "solMetadata": {"searchRequestToken": "abfe25fc-c709-4cec-acb8-522a7182c6b9", "token": "0~abfe25fc-c709-4cec-acb8-522a7182c6b9", "jobId": "59621550", "section": "MAIN", "sectionRank": 210, "jobAdType": "ORGANIC", "tags": {"mordor__flights": "mordor_123"}}, "subClassification": {"id": "6047", "description": "Management - Store"}, "suburb": "Fairy Meadow", "suburbId": 20246, "suburbWhereValue": "Fairy Meadow NSW 2519", "teaser": "From driving sales targets to supervising the training and development of a close-knit team, the role of an ALDI Store Manager is diverse and dynamic.", "title": "Store Manager - Fairy Meadow", "tracking": "ewogICJ0b2tlbiI6ICJlNDI3ZjdiOS05OTI0LTliM2UtODFkNi1iYzkyMzc2MTc2Y2JfMTAiCn0=", "workType": "Full Time", "isPrivateAdvertiser": false}, {"advertiser": {"id": "27631710", "description": "ALDI Stores"}, "area": "South West & M5 Corridor", "areaId": 5033, "areaWhereValue": "South West & M5 Corridor Sydney NSW", "automaticInclusion": false, "branding": {"id": "9b144343-530f-0eb7-306e-1e80f4e30aad", "assets": {"logo": {"strategies": {"jdpLogo": "https://bx-branding-gateway.cloud.seek.com.au/9b144343-530f-0eb7-306e-1e80f4e30aad/jdpLogo", "serpLogo": "https://bx-branding-gateway.cloud.seek.com.au/9b144343-530f-0eb7-306e-1e80f4e30aad/serpLogo"}}}}, "bulletPoints": ["Permanent Contract", "First class Trucks", "Immediate start and safe working environment"], "classification": {"id": "6092", "description": "Manufacturing, Transport & Logistics"}, "companyName": "ALDI", "companyProfileStructuredDataId": 5197, "displayType": "standout", "listingDateDisplay": "13d ago", "location": "Sydney", "locationId": 1000, "locationWhereValue": "All Sydney NSW", "id": 59575887, "isPremium": false, "isStandOut": true, "jobLocation": {"label": "Prestons, Sydney NSW", "countryCode": "AU", "seoHierarchy": [{"contextualName": "Prestons NSW 2170"}, {"contextualName": "All Sydney NSW"}]}, "listingDate": "2022-12-29T07:23:31Z", "logo": {"id": "", "description": null}, "roleId": "truckdriver", "salary": "$31 - $36 per hour", "solMetadata": {"searchRequestToken": "abfe25fc-c709-4cec-acb8-522a7182c6b9", "token": "0~abfe25fc-c709-4cec-acb8-522a7182c6b9", "jobId": "59575887", "section": "MAIN", "sectionRank": 211, "jobAdType": "ORGANIC", "tags": {"mordor__flights": "mordor_123"}}, "subClassification": {"id": "6111", "description": "Road Transport"}, "suburb": "Prestons", "suburbId": 12018, "suburbWhereValue": "Prestons NSW 2170", "teaser": "We are hiring Truck Drivers for our ALDI Distribution Centres across Australia!", "title": "Truck Driver", "tracking": "ewogICJ0b2tlbiI6ICJlNDI3ZjdiOS05OTI0LTliM2UtODFkNi1iYzkyMzc2MTc2Y2JfMTEiCn0=", "workType": "Part Time", "isPrivateAdvertiser": false}, {"advertiser": {"id": "27493644", "description": "Aldi Stores"}, "automaticInclusion": false, "bulletPoints": [], "classification": {"id": "6043", "description": "Retail & Consumer Products"}, "companyName": "ALDI", "companyProfileStructuredDataId": 5197, "displayType": "standard", "listingDateDisplay": "14d ago", "location": "Ballarat & Central Highlands", "locationId": 5076, "locationWhereValue": "Ballarat & Central Highlands VIC", "id": 59571844, "isPremium": false, "isStandOut": false, "jobLocation": {"label": "Ararat, Ballarat & Central Highlands VIC", "countryCode": "AU", "seoHierarchy": [{"contextualName": "Ararat VIC 3377"}, {"contextualName": "Ballarat & Central Highlands VIC"}]}, "listingDate": "2022-12-28T06:37:08Z", "logo": {"id": "", "description": null}, "roleId": "retail-sales-assistant", "salary": "", "solMetadata": {"searchRequestToken": "abfe25fc-c709-4cec-acb8-522a7182c6b9", "token": "0~abfe25fc-c709-4cec-acb8-522a7182c6b9", "jobId": "59571844", "section": "MAIN", "sectionRank": 212, "jobAdType": "ORGANIC", "tags": {"mordor__flights": "mordor_123"}}, "subClassification": {"id": "6050", "description": "Retail Assistants"}, "suburb": "Ararat", "suburbId": 11281, "suburbWhereValue": "Ararat VIC 3377", "teaser": "Whether they\u2019re racing to fill shelves or scanning through customers, our Retail Assistants can do everything and anything.", "title": "Retail Assistant - ALDI Ararat - 15 to 35 hours p/w", "tracking": "ewogICJ0b2tlbiI6ICJlNDI3ZjdiOS05OTI0LTliM2UtODFkNi1iYzkyMzc2MTc2Y2JfMTIiCn0=", "workType": "Part Time", "isPrivateAdvertiser": false}, {"advertiser": {"id": "27493644", "description": "Aldi Stores"}, "automaticInclusion": false, "bulletPoints": [], "classification": {"id": "6043", "description": "Retail & Consumer Products"}, "companyName": "ALDI", "companyProfileStructuredDataId": 5197, "displayType": "standard", "listingDateDisplay": "5d ago", "location": "Newcastle, Maitland & Hunter", "locationId": 5045, "locationWhereValue": "Newcastle, Maitland & Hunter NSW", "id": 59628090, "isPremium": false, "isStandOut": false, "jobLocation": {"label": "Salamander Bay, Newcastle, Maitland & Hunter NSW", "countryCode": "AU", "seoHierarchy": [{"contextualName": "Salamander Bay NSW 2317"}, {"contextualName": "Newcastle, Maitland & Hunter NSW"}]}, "listingDate": "2023-01-06T05:06:11Z", "logo": {"id": "", "description": null}, "roleId": "store-manager", "salary": "", "solMetadata": {"searchRequestToken": "abfe25fc-c709-4cec-acb8-522a7182c6b9", "token": "0~abfe25fc-c709-4cec-acb8-522a7182c6b9", "jobId": "59628090", "section": "MAIN", "sectionRank": 213, "jobAdType": "ORGANIC", "tags": {"mordor__flights": "mordor_123"}}, "subClassification": {"id": "6047", "description": "Management - Store"}, "suburb": "Salamander Bay", "suburbId": 12622, "suburbWhereValue": "Salamander Bay NSW 2317", "teaser": "From driving sales and controlling costs, to serving customers & training staff, our Duty Store Managers always lead from the front.", "title": "Duty Store Manager - Salamander Bay", "tracking": "ewogICJ0b2tlbiI6ICJlNDI3ZjdiOS05OTI0LTliM2UtODFkNi1iYzkyMzc2MTc2Y2JfMTMiCn0=", "workType": "Part Time", "isPrivateAdvertiser": false}, {"advertiser": {"id": "27493644", "description": "Aldi Stores"}, "area": "Bayside & South Eastern Suburbs", "areaId": 5070, "areaWhereValue": "Bayside & South Eastern Suburbs Melbourne VIC", "automaticInclusion": false, "bulletPoints": [], "classification": {"id": "6092", "description": "Manufacturing, Transport & Logistics"}, "companyName": "ALDI", "companyProfileStructuredDataId": 5197, "displayType": "standard", "listingDateDisplay": "19d ago", "location": "Melbourne", "locationId": 1002, "locationWhereValue": "All Melbourne VIC", "id": 59562156, "isPremium": false, "isStandOut": false, "jobLocation": {"label": "Dandenong, Melbourne VIC", "countryCode": "AU", "seoHierarchy": [{"contextualName": "Dandenong VIC 3175"}, {"contextualName": "All Melbourne VIC"}]}, "listingDate": "2022-12-23T03:39:47Z", "logo": {"id": "", "description": null}, "roleId": "loader", "salary": "", "solMetadata": {"searchRequestToken": "abfe25fc-c709-4cec-acb8-522a7182c6b9", "token": "0~abfe25fc-c709-4cec-acb8-522a7182c6b9", "jobId": "59562156", "section": "MAIN", "sectionRank": 214, "jobAdType": "ORGANIC", "tags": {"mordor__flights": "mordor_123"}}, "subClassification": {"id": "6108", "description": "Warehousing, Storage & Distribution"}, "suburb": "Dandenong", "suburbId": 15079, "suburbWhereValue": "Dandenong VIC 3175", "teaser": "From unloading truckloads of goods to ensuring pallets and crates are managed efficiently, the role of a Palletiser is hands on and fast paced.", "title": "Palletiser/Loader - Dandenong DC", "tracking": "ewogICJ0b2tlbiI6ICJlNDI3ZjdiOS05OTI0LTliM2UtODFkNi1iYzkyMzc2MTc2Y2JfMTQiCn0=", "workType": "Part Time", "isPrivateAdvertiser": false}, {"advertiser": {"id": "27493644", "description": "Aldi Stores"}, "automaticInclusion": false, "bulletPoints": [], "classification": {"id": "6043", "description": "Retail & Consumer Products"}, "companyName": "ALDI", "companyProfileStructuredDataId": 5197, "displayType": "standard", "listingDateDisplay": "7d ago", "location": "Wollongong, Illawarra & South Coast", "locationId": 5038, "locationWhereValue": "Wollongong, Illawarra & South Coast NSW", "id": 59606098, "isPremium": false, "isStandOut": false, "jobLocation": {"label": "Nowra, Wollongong, Illawarra & South Coast NSW", "countryCode": "AU", "seoHierarchy": [{"contextualName": "Nowra NSW 2541"}, {"contextualName": "Wollongong, Illawarra & South Coast NSW"}]}, "listingDate": "2023-01-04T04:27:12Z", "logo": {"id": "", "description": null}, "roleId": "assistant-store-manager", "salary": "", "solMetadata": {"searchRequestToken": "abfe25fc-c709-4cec-acb8-522a7182c6b9", "token": "0~abfe25fc-c709-4cec-acb8-522a7182c6b9", "jobId": "59606098", "section": "MAIN", "sectionRank": 215, "jobAdType": "ORGANIC", "tags": {"mordor__flights": "mordor_123"}}, "subClassification": {"id": "6047", "description": "Management - Store"}, "suburb": "Nowra", "suburbId": 24062, "suburbWhereValue": "Nowra NSW 2541", "teaser": "Whether it\u2019s managing rosters or cleaning up a spill in aisle 3, our Assistant Store Managers always lead from the front.", "title": "Assistant Store Manager - Illawarra & South Coast", "tracking": "ewogICJ0b2tlbiI6ICJlNDI3ZjdiOS05OTI0LTliM2UtODFkNi1iYzkyMzc2MTc2Y2JfMTUiCn0=", "workType": "Full Time", "isPrivateAdvertiser": false}, {"advertiser": {"id": "27493644", "description": "Aldi Stores"}, "area": "Fremantle & Southern Suburbs", "areaId": 5050, "areaWhereValue": "Fremantle & Southern Suburbs Perth WA", "automaticInclusion": false, "bulletPoints": [], "classification": {"id": "6043", "description": "Retail & Consumer Products"}, "companyName": "ALDI", "companyProfileStructuredDataId": 5197, "displayType": "standard", "listingDateDisplay": "6d ago", "location": "Perth", "locationId": 1009, "locationWhereValue": "All Perth WA", "id": 59610742, "isPremium": false, "isStandOut": false, "jobLocation": {"label": "Southern River, Perth WA", "countryCode": "AU", "seoHierarchy": [{"contextualName": "Southern River WA 6110"}, {"contextualName": "All Perth WA"}]}, "listingDate": "2023-01-04T22:01:40Z", "logo": {"id": "", "description": null}, "roleId": "store-manager", "salary": "", "solMetadata": {"searchRequestToken": "abfe25fc-c709-4cec-acb8-522a7182c6b9", "token": "0~abfe25fc-c709-4cec-acb8-522a7182c6b9", "jobId": "59610742", "section": "MAIN", "sectionRank": 216, "jobAdType": "ORGANIC", "tags": {"mordor__flights": "mordor_123"}}, "subClassification": {"id": "6047", "description": "Management - Store"}, "suburb": "Southern River", "suburbId": 15947, "suburbWhereValue": "Southern River WA 6110", "teaser": "From driving sales and controlling costs, to serving customers & training staff, our Duty Store Managers always lead from the front.", "title": "Duty Store Manager (DSM) - Southern River/ Harrisdale", "tracking": "ewogICJ0b2tlbiI6ICJlNDI3ZjdiOS05OTI0LTliM2UtODFkNi1iYzkyMzc2MTc2Y2JfMTYiCn0=", "workType": "Part Time", "isPrivateAdvertiser": false}, {"advertiser": {"id": "27493644", "description": "Aldi Stores"}, "automaticInclusion": false, "bulletPoints": [], "classification": {"id": "6043", "description": "Retail & Consumer Products"}, "companyName": "ALDI", "companyProfileStructuredDataId": 5197, "displayType": "standard", "listingDateDisplay": "20d ago", "location": "Wollongong, Illawarra & South Coast", "locationId": 5038, "locationWhereValue": "Wollongong, Illawarra & South Coast NSW", "id": 59554492, "isPremium": false, "isStandOut": false, "jobLocation": {"label": "Warilla, Wollongong, Illawarra & South Coast NSW", "countryCode": "AU", "seoHierarchy": [{"contextualName": "Warilla NSW 2528"}, {"contextualName": "Wollongong, Illawarra & South Coast NSW"}]}, "listingDate": "2022-12-22T05:38:32Z", "logo": {"id": "", "description": null}, "roleId": "retail-sales-assistant", "salary": "", "solMetadata": {"searchRequestToken": "abfe25fc-c709-4cec-acb8-522a7182c6b9", "token": "0~abfe25fc-c709-4cec-acb8-522a7182c6b9", "jobId": "59554492", "section": "MAIN", "sectionRank": 217, "jobAdType": "ORGANIC", "tags": {"mordor__flights": "mordor_123"}}, "subClassification": {"id": "6050", "description": "Retail Assistants"}, "suburb": "Warilla", "suburbId": 21840, "suburbWhereValue": "Warilla NSW 2528", "teaser": "Whether they\u2019re racing to fill shelves or scanning through customers, our Retail Assistants can do everything and anything.", "title": "Retail Assistant - Warilla", "tracking": "ewogICJ0b2tlbiI6ICJlNDI3ZjdiOS05OTI0LTliM2UtODFkNi1iYzkyMzc2MTc2Y2JfMTciCn0=", "workType": "Part Time", "isPrivateAdvertiser": false}, {"advertiser": {"id": "27493644", "description": "Aldi Stores"}, "automaticInclusion": false, "bulletPoints": [], "classification": {"id": "6043", "description": "Retail & Consumer Products"}, "companyName": "ALDI", "companyProfileStructuredDataId": 5197, "displayType": "standard", "listingDateDisplay": "6d ago", "location": "Yarra Valley & High Country", "locationId": 5065, "locationWhereValue": "Yarra Valley & High Country VIC", "id": 59619918, "isPremium": false, "isStandOut": false, "jobLocation": {"label": "Wangaratta, Yarra Valley & High Country VIC", "countryCode": "AU", "seoHierarchy": [{"contextualName": "Wangaratta VIC 3677"}, {"contextualName": "Yarra Valley & High Country VIC"}]}, "listingDate": "2023-01-05T09:19:48Z", "logo": {"id": "", "description": null}, "roleId": "store-manager", "salary": "", "solMetadata": {"searchRequestToken": "abfe25fc-c709-4cec-acb8-522a7182c6b9", "token": "0~abfe25fc-c709-4cec-acb8-522a7182c6b9", "jobId": "59619918", "section": "MAIN", "sectionRank": 218, "jobAdType": "ORGANIC", "tags": {"mordor__flights": "mordor_123"}}, "subClassification": {"id": "6047", "description": "Management - Store"}, "suburb": "Wangaratta", "suburbId": 21789, "suburbWhereValue": "Wangaratta VIC 3677", "teaser": "From driving sales and controlling costs, to serving customers & training staff, our Duty Store Managers always lead from the front.", "title": "Duty Store Manager - Wangaratta", "tracking": "ewogICJ0b2tlbiI6ICJlNDI3ZjdiOS05OTI0LTliM2UtODFkNi1iYzkyMzc2MTc2Y2JfMTgiCn0=", "workType": "Part Time", "isPrivateAdvertiser": false}, {"advertiser": {"id": "27493644", "description": "Aldi Stores"}, "automaticInclusion": false, "bulletPoints": [], "classification": {"id": "6043", "description": "Retail & Consumer Products"}, "companyName": "ALDI", "companyProfileStructuredDataId": 5197, "displayType": "standard", "listingDateDisplay": "13d ago", "location": "Blue Mountains & Central West", "locationId": 5025, "locationWhereValue": "Blue Mountains & Central West NSW", "id": 59575700, "isPremium": false, "isStandOut": false, "jobLocation": {"label": "Orange, Blue Mountains & Central West NSW", "countryCode": "AU", "seoHierarchy": [{"contextualName": "Orange NSW 2800"}, {"contextualName": "Blue Mountains & Central West NSW"}]}, "listingDate": "2022-12-29T06:07:35Z", "logo": {"id": "", "description": null}, "roleId": "retail-sales-assistant", "salary": "Permanent Part Time. Fast Paced, Active Role!", "solMetadata": {"searchRequestToken": "abfe25fc-c709-4cec-acb8-522a7182c6b9", "token": "0~abfe25fc-c709-4cec-acb8-522a7182c6b9", "jobId": "59575700", "section": "MAIN", "sectionRank": 219, "jobAdType": "ORGANIC", "tags": {"mordor__flights": "mordor_123"}}, "subClassification": {"id": "6050", "description": "Retail Assistants"}, "suburb": "Orange", "suburbId": 24250, "suburbWhereValue": "Orange NSW 2800", "teaser": "Whether they\u2019re racing to fill shelves or scanning through customers, our Retail Assistants can do everything and anything.", "title": "Retail Assistant - ORANGE (Central West)", "tracking": "ewogICJ0b2tlbiI6ICJlNDI3ZjdiOS05OTI0LTliM2UtODFkNi1iYzkyMzc2MTc2Y2JfMTkiCn0=", "workType": "Part Time", "isPrivateAdvertiser": false}, {"advertiser": {"id": "27493644", "description": "Aldi Stores"}, "automaticInclusion": false, "bulletPoints": [], "classification": {"id": "6043", "description": "Retail & Consumer Products"}, "companyName": "ALDI", "companyProfileStructuredDataId": 5197, "displayType": "standard", "listingDateDisplay": "7d ago", "location": "Wollongong, Illawarra & South Coast", "locationId": 5038, "locationWhereValue": "Wollongong, Illawarra & South Coast NSW", "id": 59605956, "isPremium": false, "isStandOut": false, "jobLocation": {"label": "Narooma, Wollongong, Illawarra & South Coast NSW", "countryCode": "AU", "seoHierarchy": [{"contextualName": "Narooma NSW 2546"}, {"contextualName": "Wollongong, Illawarra & South Coast NSW"}]}, "listingDate": "2023-01-04T04:22:35Z", "logo": {"id": "", "description": null}, "roleId": "assistant-store-manager", "salary": "", "solMetadata": {"searchRequestToken": "abfe25fc-c709-4cec-acb8-522a7182c6b9", "token": "0~abfe25fc-c709-4cec-acb8-522a7182c6b9", "jobId": "59605956", "section": "MAIN", "sectionRank": 220, "jobAdType": "ORGANIC", "tags": {"mordor__flights": "mordor_123"}}, "subClassification": {"id": "6047", "description": "Management - Store"}, "suburb": "Narooma", "suburbId": 19762, "suburbWhereValue": "Narooma NSW 2546", "teaser": "Whether it\u2019s managing rosters or cleaning up a spill in aisle 3, our Assistant Store Managers always lead from the front.", "title": "Assistant Store Manager 40 hrs p/w - Narooma", "tracking": "ewogICJ0b2tlbiI6ICJlNDI3ZjdiOS05OTI0LTliM2UtODFkNi1iYzkyMzc2MTc2Y2JfMjAiCn0=", "workType": "Full Time", "isPrivateAdvertiser": false}], "title": "Jobs in All Australia", "totalCount": 417, "paginationParameters": {"seekSelectAllPages": true, "hadPremiumListings": false}, "info": {"timeTaken": 52, "source": "JobSearch-sm", "experiment": "mordor_123"}, "userQueryId": "a3f7e6f85be73fd8fe2e3d5ea92001b7-7335003", "sortMode": [{"isActive": true, "name": "Relevance", "value": "KeywordRelevance"}, {"isActive": false, "name": "Date", "value": "ListedDate"}], "solMetadata": {"requestToken": "abfe25fc-c709-4cec-acb8-522a7182c6b9", "token": "0~abfe25fc-c709-4cec-acb8-522a7182c6b9", "sortMode": "RELEVANCE", "locations": ["seek-3000"], "locationDistance": 50, "employer": "ALDI", "pageSize": 20, "pageNumber": 11, "totalJobCount": 417, "tags": {"mordor__flights": "mordor_123", "chalice-search-api:solId": "c00c353f-a376-4b96-b397-16e262dbd3d3"}}, "location": {"matched": true, "whereId": 3000, "type": "Country", "suburbType": "rural", "description": "All Australia", "stateDescription": "", "locationId": 3000, "locationDescription": "", "areaId": 0, "areaDescription": "", "suburbParentDescription": ""}, "canonicalCompany": {"id": "5197", "description": "ALDI"}, "companySuggestion": {"search": {"keywords": "ALDI"}, "count": "461"}, "joraCrossLink": {"canCrossLink": false}, "searchParams": {"sitekey": "AU-Main", "sourcesystem": "houston", "userqueryid": "a3f7e6f85be73fd8fe2e3d5ea92001b7-7335003", "userid": "5959404e-631e-45a1-bb3b-2ae481757cf6", "usersessionid": "5959404e-631e-45a1-bb3b-2ae481757cf6", "eventcapturesessionid": "5959404e-631e-45a1-bb3b-2ae481757cf6", "where": "All Australia", "page": "11", "seekselectallpages": "true", "companyname": "ALDI", "include": "seodata", "solid": "c00c353f-a376-4b96-b397-16e262dbd3d3"}}