{"data": [{"advertiser": {"id": "27493644", "description": "Aldi Stores"}, "area": "CBD & Inner Suburbs", "areaId": 5069, "areaWhereValue": "Melbourne CBD & Inner Suburbs Melbourne VIC", "automaticInclusion": false, "bulletPoints": [], "classification": {"id": "6043", "description": "Retail & Consumer Products"}, "companyName": "ALDI", "companyProfileStructuredDataId": 5197, "displayType": "standard", "listingDateDisplay": "5d ago", "location": "Melbourne", "locationId": 1002, "locationWhereValue": "All Melbourne VIC", "id": 59628305, "isPremium": false, "isStandOut": false, "jobLocation": {"label": "South Melbourne, Melbourne VIC", "countryCode": "AU", "seoHierarchy": [{"contextualName": "South Melbourne VIC 3205"}, {"contextualName": "All Melbourne VIC"}]}, "listingDate": "2023-01-06T05:20:40Z", "logo": {"id": "", "description": null}, "roleId": "store-manager", "salary": "", "solMetadata": {"searchRequestToken": "f0832349-6f52-47e7-84ef-28fc0de50768", "token": "0~f0832349-6f52-47e7-84ef-28fc0de50768", "jobId": "59628305", "section": "MAIN", "sectionRank": 141, "jobAdType": "ORGANIC", "tags": {"mordor__flights": "mordor_123"}}, "subClassification": {"id": "6047", "description": "Management - Store"}, "suburb": "South Melbourne", "suburbId": 15897, "suburbWhereValue": "South Melbourne VIC 3205", "teaser": "From driving sales targets to supervising the training and development of a close-knit team, the role of an ALDI Store Manager is diverse and dynamic.", "title": "Store Manager - Inner Melbourne", "tracking": "ewogICJ0b2tlbiI6ICI5ZGE3MWFlMy01NGI5LTk1ZWItODIwZS1kMTAwYzg4OWY2OGVfMSIKfQ==", "workType": "Full Time", "isPrivateAdvertiser": false}, {"advertiser": {"id": "27493644", "description": "Aldi Stores"}, "area": "Parramatta & Western Suburbs", "areaId": 5030, "areaWhereValue": "Parramatta & Western Suburbs Sydney NSW", "automaticInclusion": false, "bulletPoints": [], "classification": {"id": "6043", "description": "Retail & Consumer Products"}, "companyName": "ALDI", "companyProfileStructuredDataId": 5197, "displayType": "standard", "listingDateDisplay": "5d ago", "location": "Sydney", "locationId": 1000, "locationWhereValue": "All Sydney NSW", "id": 59628633, "isPremium": false, "isStandOut": false, "jobLocation": {"label": "Rydalmere, Sydney NSW", "countryCode": "AU", "seoHierarchy": [{"contextualName": "Rydalmere NSW 2116"}, {"contextualName": "All Sydney NSW"}]}, "listingDate": "2023-01-06T05:40:51Z", "logo": {"id": "", "description": null}, "roleId": "store-manager", "salary": "29.96", "solMetadata": {"searchRequestToken": "f0832349-6f52-47e7-84ef-28fc0de50768", "token": "0~f0832349-6f52-47e7-84ef-28fc0de50768", "jobId": "59628633", "section": "MAIN", "sectionRank": 142, "jobAdType": "ORGANIC", "tags": {"mordor__flights": "mordor_123"}}, "subClassification": {"id": "6047", "description": "Management - Store"}, "suburb": "Rydalmere", "suburbId": 12598, "suburbWhereValue": "Rydalmere NSW 2116", "teaser": "From driving sales and controlling costs, to serving customers & training staff, our Duty Store Managers always lead from the front.", "title": "Duty Store Manager - Ryde & Macquarie Park", "tracking": "ewogICJ0b2tlbiI6ICI5ZGE3MWFlMy01NGI5LTk1ZWItODIwZS1kMTAwYzg4OWY2OGVfMiIKfQ==", "workType": "Part Time", "isPrivateAdvertiser": false}, {"advertiser": {"id": "27493644", "description": "Aldi Stores"}, "area": "Southern Suburbs & Sutherland Shire", "areaId": 5032, "areaWhereValue": "Southern Suburbs & Sutherland Shire Sydney NSW", "automaticInclusion": false, "bulletPoints": [], "classification": {"id": "6043", "description": "Retail & Consumer Products"}, "companyName": "ALDI", "companyProfileStructuredDataId": 5197, "displayType": "standard", "listingDateDisplay": "2d ago", "location": "Sydney", "locationId": 1000, "locationWhereValue": "All Sydney NSW", "id": 59636293, "isPremium": false, "isStandOut": false, "jobLocation": {"label": "Wolli Creek, Sydney NSW", "countryCode": "AU", "seoHierarchy": [{"contextualName": "Wolli Creek NSW 2205"}, {"contextualName": "All Sydney NSW"}]}, "listingDate": "2023-01-08T22:09:02Z", "logo": {"id": "", "description": null}, "roleId": "store-manager", "salary": "", "solMetadata": {"searchRequestToken": "f0832349-6f52-47e7-84ef-28fc0de50768", "token": "0~f0832349-6f52-47e7-84ef-28fc0de50768", "jobId": "59636293", "section": "MAIN", "sectionRank": 143, "jobAdType": "ORGANIC", "tags": {"mordor__flights": "mordor_123"}}, "subClassification": {"id": "6047", "description": "Management - Store"}, "suburb": "Wolli Creek", "suburbId": 10343, "suburbWhereValue": "Wolli Creek NSW 2205", "teaser": "From driving sales and controlling costs, to serving customers & training staff, our Duty Store Managers always lead from the front.", "title": "Duty Store Manager - Wolli Creek", "tracking": "ewogICJ0b2tlbiI6ICI5ZGE3MWFlMy01NGI5LTk1ZWItODIwZS1kMTAwYzg4OWY2OGVfMyIKfQ==", "workType": "Full Time", "isPrivateAdvertiser": false}, {"advertiser": {"id": "27493644", "description": "Aldi Stores"}, "automaticInclusion": false, "bulletPoints": [], "classification": {"id": "6043", "description": "Retail & Consumer Products"}, "companyName": "ALDI", "companyProfileStructuredDataId": 5197, "displayType": "standard", "listingDateDisplay": "5h ago", "location": "West Gippsland & Latrobe Valley", "locationId": 5066, "locationWhereValue": "West Gippsland & Latrobe Valley VIC", "id": 59673258, "isPremium": false, "isStandOut": false, "jobLocation": {"label": "Pakenham, West Gippsland & Latrobe Valley VIC", "countryCode": "AU", "seoHierarchy": [{"contextualName": "Pakenham VIC 3810"}, {"contextualName": "West Gippsland & Latrobe Valley VIC"}]}, "listingDate": "2023-01-10T22:01:45Z", "logo": {"id": "", "description": null}, "roleId": "store-manager", "salary": "", "solMetadata": {"searchRequestToken": "f0832349-6f52-47e7-84ef-28fc0de50768", "token": "0~f0832349-6f52-47e7-84ef-28fc0de50768", "jobId": "59673258", "section": "MAIN", "sectionRank": 144, "jobAdType": "ORGANIC", "tags": {"mordor__flights": "mordor_123"}}, "subClassification": {"id": "6047", "description": "Management - Store"}, "suburb": "Pakenham", "suburbId": 24341, "suburbWhereValue": "Pakenham VIC 3810", "teaser": "From driving sales and controlling costs, to serving customers & training staff, our Duty Store Managers always lead from the front.", "title": "Duty Store Manager - Pakenham", "tracking": "ewogICJ0b2tlbiI6ICI5ZGE3MWFlMy01NGI5LTk1ZWItODIwZS1kMTAwYzg4OWY2OGVfNCIKfQ==", "workType": "Part Time", "isPrivateAdvertiser": false}, {"advertiser": {"id": "27493644", "description": "Aldi Stores"}, "area": "North Shore & Northern Beaches", "areaId": 5028, "areaWhereValue": "North Shore & Northern Beaches Sydney NSW", "automaticInclusion": false, "bulletPoints": [], "classification": {"id": "6043", "description": "Retail & Consumer Products"}, "companyName": "ALDI", "companyProfileStructuredDataId": 5197, "displayType": "standard", "listingDateDisplay": "19d ago", "location": "Sydney", "locationId": 1000, "locationWhereValue": "All Sydney NSW", "id": 59560971, "isPremium": false, "isStandOut": false, "jobLocation": {"label": "North Sydney, Sydney NSW", "countryCode": "AU", "seoHierarchy": [{"contextualName": "North Sydney NSW 2060"}, {"contextualName": "All Sydney NSW"}]}, "listingDate": "2022-12-23T02:09:01Z", "logo": {"id": "", "description": null}, "roleId": "retail-sales-assistant", "salary": "$27.66", "solMetadata": {"searchRequestToken": "f0832349-6f52-47e7-84ef-28fc0de50768", "token": "0~f0832349-6f52-47e7-84ef-28fc0de50768", "jobId": "59560971", "section": "MAIN", "sectionRank": 145, "jobAdType": "ORGANIC", "tags": {"mordor__flights": "mordor_123"}}, "subClassification": {"id": "6050", "description": "Retail Assistants"}, "suburb": "North Sydney", "suburbId": 24000, "suburbWhereValue": "North Sydney NSW 2060", "teaser": "Whether they\u2019re racing to fill shelves or scanning through customers, our Retail Assistants can do everything and anything.", "title": "Retail Assistant - Sydney Northern Beaches (10 - 30 hours p/w)", "tracking": "ewogICJ0b2tlbiI6ICI5ZGE3MWFlMy01NGI5LTk1ZWItODIwZS1kMTAwYzg4OWY2OGVfNSIKfQ==", "workType": "Part Time", "isPrivateAdvertiser": false}, {"advertiser": {"id": "27493644", "description": "Aldi Stores"}, "automaticInclusion": false, "bulletPoints": [], "classification": {"id": "6043", "description": "Retail & Consumer Products"}, "companyName": "ALDI", "companyProfileStructuredDataId": 5197, "displayType": "standard", "listingDateDisplay": "6d ago", "location": "Shepparton & Goulburn Valley", "locationId": 5078, "locationWhereValue": "Shepparton & Goulburn Valley VIC", "id": 59619874, "isPremium": false, "isStandOut": false, "jobLocation": {"label": "Benalla, Shepparton & Goulburn Valley VIC", "countryCode": "AU", "seoHierarchy": [{"contextualName": "Benalla VIC 3672"}, {"contextualName": "Shepparton & Goulburn Valley VIC"}]}, "listingDate": "2023-01-05T09:03:40Z", "logo": {"id": "", "description": null}, "roleId": "retail-sales-assistant", "salary": "", "solMetadata": {"searchRequestToken": "f0832349-6f52-47e7-84ef-28fc0de50768", "token": "0~f0832349-6f52-47e7-84ef-28fc0de50768", "jobId": "59619874", "section": "MAIN", "sectionRank": 146, "jobAdType": "ORGANIC", "tags": {"mordor__flights": "mordor_123"}}, "subClassification": {"id": "6050", "description": "Retail Assistants"}, "suburb": "Benalla", "suburbId": 17373, "suburbWhereValue": "Benalla VIC 3672", "teaser": "Whether they\u2019re racing to fill shelves or scanning through customers, our Retail Assistants can do everything and anything.", "title": "Retail Assistant - Benalla - 15 hours p/w", "tracking": "ewogICJ0b2tlbiI6ICI5ZGE3MWFlMy01NGI5LTk1ZWItODIwZS1kMTAwYzg4OWY2OGVfNiIKfQ==", "workType": "Part Time", "isPrivateAdvertiser": false}, {"advertiser": {"id": "27493644", "description": "Aldi Stores"}, "area": "South West & M5 Corridor", "areaId": 5033, "areaWhereValue": "South West & M5 Corridor Sydney NSW", "automaticInclusion": false, "bulletPoints": [], "classification": {"id": "6043", "description": "Retail & Consumer Products"}, "companyName": "ALDI", "companyProfileStructuredDataId": 5197, "displayType": "standard", "listingDateDisplay": "6d ago", "location": "Sydney", "locationId": 1000, "locationWhereValue": "All Sydney NSW", "id": 59610738, "isPremium": false, "isStandOut": false, "jobLocation": {"label": "Horningsea Park, Sydney NSW", "countryCode": "AU", "seoHierarchy": [{"contextualName": "Horningsea Park NSW 2171"}, {"contextualName": "All Sydney NSW"}]}, "listingDate": "2023-01-04T22:01:37Z", "logo": {"id": "", "description": null}, "roleId": "assistant-store-manager", "salary": "", "solMetadata": {"searchRequestToken": "f0832349-6f52-47e7-84ef-28fc0de50768", "token": "0~f0832349-6f52-47e7-84ef-28fc0de50768", "jobId": "59610738", "section": "MAIN", "sectionRank": 147, "jobAdType": "ORGANIC", "tags": {"mordor__flights": "mordor_123"}}, "subClassification": {"id": "6047", "description": "Management - Store"}, "suburb": "Horningsea Park", "suburbId": 23361, "suburbWhereValue": "Horningsea Park NSW 2171", "teaser": "Whether it\u2019s managing rosters or cleaning up a spill in aisle 3, our Assistant Store Managers always lead from the front.", "title": "Assistant Store Manager - South West Sydney", "tracking": "ewogICJ0b2tlbiI6ICI5ZGE3MWFlMy01NGI5LTk1ZWItODIwZS1kMTAwYzg4OWY2OGVfNyIKfQ==", "workType": "Full Time", "isPrivateAdvertiser": false}, {"advertiser": {"id": "27493644", "description": "Aldi Stores"}, "area": "North Shore & Northern Beaches", "areaId": 5028, "areaWhereValue": "North Shore & Northern Beaches Sydney NSW", "automaticInclusion": false, "bulletPoints": [], "classification": {"id": "6043", "description": "Retail & Consumer Products"}, "companyName": "ALDI", "companyProfileStructuredDataId": 5197, "displayType": "standard", "listingDateDisplay": "6d ago", "location": "Sydney", "locationId": 1000, "locationWhereValue": "All Sydney NSW", "id": 59610744, "isPremium": false, "isStandOut": false, "jobLocation": {"label": "North Sydney, Sydney NSW", "countryCode": "AU", "seoHierarchy": [{"contextualName": "North Sydney NSW 2060"}, {"contextualName": "All Sydney NSW"}]}, "listingDate": "2023-01-04T22:01:42Z", "logo": {"id": "", "description": null}, "roleId": "assistant-store-manager", "salary": "", "solMetadata": {"searchRequestToken": "f0832349-6f52-47e7-84ef-28fc0de50768", "token": "0~f0832349-6f52-47e7-84ef-28fc0de50768", "jobId": "59610744", "section": "MAIN", "sectionRank": 148, "jobAdType": "ORGANIC", "tags": {"mordor__flights": "mordor_123"}}, "subClassification": {"id": "6047", "description": "Management - Store"}, "suburb": "North Sydney", "suburbId": 24000, "suburbWhereValue": "North Sydney NSW 2060", "teaser": "Whether it\u2019s managing rosters or cleaning up a spill in aisle 3, our Assistant Store Managers always lead from the front.", "title": "Assistant Store Manager- North Shore/Northern Beaches Sydney", "tracking": "ewogICJ0b2tlbiI6ICI5ZGE3MWFlMy01NGI5LTk1ZWItODIwZS1kMTAwYzg4OWY2OGVfOCIKfQ==", "workType": "Full Time", "isPrivateAdvertiser": false}, {"advertiser": {"id": "27493644", "description": "Aldi Stores"}, "automaticInclusion": false, "bulletPoints": [], "classification": {"id": "6043", "description": "Retail & Consumer Products"}, "companyName": "ALDI", "companyProfileStructuredDataId": 5197, "displayType": "standard", "listingDateDisplay": "13d ago", "location": "Bundaberg & Wide Bay Burnett", "locationId": 5001, "locationWhereValue": "Bundaberg & Wide Bay Burnett QLD", "id": 59575682, "isPremium": false, "isStandOut": false, "jobLocation": {"label": "Bargara, Bundaberg & Wide Bay Burnett QLD", "countryCode": "AU", "seoHierarchy": [{"contextualName": "Bargara QLD 4670"}, {"contextualName": "Bundaberg & Wide Bay Burnett QLD"}]}, "listingDate": "2022-12-29T06:01:49Z", "logo": {"id": "", "description": null}, "roleId": "retail-sales-assistant", "salary": "", "solMetadata": {"searchRequestToken": "f0832349-6f52-47e7-84ef-28fc0de50768", "token": "0~f0832349-6f52-47e7-84ef-28fc0de50768", "jobId": "59575682", "section": "MAIN", "sectionRank": 149, "jobAdType": "ORGANIC", "tags": {"mordor__flights": "mordor_123"}}, "subClassification": {"id": "6050", "description": "Retail Assistants"}, "suburb": "Bargara", "suburbId": 17095, "suburbWhereValue": "Bargara QLD 4670", "teaser": "Whether they\u2019re racing to fill shelves or scanning through customers, our Retail Assistants can do everything and anything.", "title": "Retail Assistant - Bargara - 15 hours p/w", "tracking": "ewogICJ0b2tlbiI6ICI5ZGE3MWFlMy01NGI5LTk1ZWItODIwZS1kMTAwYzg4OWY2OGVfOSIKfQ==", "workType": "Part Time", "isPrivateAdvertiser": false}, {"advertiser": {"id": "27493644", "description": "Aldi Stores"}, "area": "North Shore & Northern Beaches", "areaId": 5028, "areaWhereValue": "North Shore & Northern Beaches Sydney NSW", "automaticInclusion": false, "bulletPoints": [], "classification": {"id": "6043", "description": "Retail & Consumer Products"}, "companyName": "ALDI", "companyProfileStructuredDataId": 5197, "displayType": "standard", "listingDateDisplay": "5d ago", "location": "Sydney", "locationId": 1000, "locationWhereValue": "All Sydney NSW", "id": 59626584, "isPremium": false, "isStandOut": false, "jobLocation": {"label": "Frenchs Forest, Sydney NSW", "countryCode": "AU", "seoHierarchy": [{"contextualName": "Frenchs Forest NSW 2086"}, {"contextualName": "All Sydney NSW"}]}, "listingDate": "2023-01-06T03:41:33Z", "logo": {"id": "", "description": null}, "roleId": "store-manager", "salary": "", "solMetadata": {"searchRequestToken": "f0832349-6f52-47e7-84ef-28fc0de50768", "token": "0~f0832349-6f52-47e7-84ef-28fc0de50768", "jobId": "59626584", "section": "MAIN", "sectionRank": 150, "jobAdType": "ORGANIC", "tags": {"mordor__flights": "mordor_123"}}, "subClassification": {"id": "6047", "description": "Management - Store"}, "suburb": "Frenchs Forest", "suburbId": 20514, "suburbWhereValue": "Frenchs Forest NSW 2086", "teaser": "From driving sales and controlling costs, to serving customers & training staff, our Duty Store Managers always lead from the front.", "title": "Duty Store Manager - Frenchs Forest/Belrose", "tracking": "ewogICJ0b2tlbiI6ICI5ZGE3MWFlMy01NGI5LTk1ZWItODIwZS1kMTAwYzg4OWY2OGVfMTAiCn0=", "workType": "Part Time", "isPrivateAdvertiser": false}, {"advertiser": {"id": "27493644", "description": "Aldi Stores"}, "automaticInclusion": false, "bulletPoints": [], "classification": {"id": "6043", "description": "Retail & Consumer Products"}, "companyName": "ALDI", "companyProfileStructuredDataId": 5197, "displayType": "standard", "listingDateDisplay": "13d ago", "location": "Bundaberg & Wide Bay Burnett", "locationId": 5001, "locationWhereValue": "Bundaberg & Wide Bay Burnett QLD", "id": 59575658, "isPremium": false, "isStandOut": false, "jobLocation": {"label": "Avoca, Bundaberg & Wide Bay Burnett QLD", "countryCode": "AU", "seoHierarchy": [{"contextualName": "Avoca QLD 4670"}, {"contextualName": "Bundaberg & Wide Bay Burnett QLD"}]}, "listingDate": "2022-12-29T05:58:15Z", "logo": {"id": "", "description": null}, "roleId": "retail-sales-assistant", "salary": "", "solMetadata": {"searchRequestToken": "f0832349-6f52-47e7-84ef-28fc0de50768", "token": "0~f0832349-6f52-47e7-84ef-28fc0de50768", "jobId": "59575658", "section": "MAIN", "sectionRank": 151, "jobAdType": "ORGANIC", "tags": {"mordor__flights": "mordor_123"}}, "subClassification": {"id": "6050", "description": "Retail Assistants"}, "suburb": "Avoca", "suburbId": 11427, "suburbWhereValue": "Avoca QLD 4670", "teaser": "Whether they\u2019re racing to fill shelves or scanning through customers, our Retail Assistants can do everything and anything.", "title": "Retail Assistant - Avoca / Bundaberg Plaza - 15 hours p/w", "tracking": "ewogICJ0b2tlbiI6ICI5ZGE3MWFlMy01NGI5LTk1ZWItODIwZS1kMTAwYzg4OWY2OGVfMTEiCn0=", "workType": "Part Time", "isPrivateAdvertiser": false}, {"advertiser": {"id": "27493644", "description": "Aldi Stores"}, "area": "Parramatta & Western Suburbs", "areaId": 5030, "areaWhereValue": "Parramatta & Western Suburbs Sydney NSW", "automaticInclusion": false, "bulletPoints": [], "classification": {"id": "6043", "description": "Retail & Consumer Products"}, "companyName": "ALDI", "companyProfileStructuredDataId": 5197, "displayType": "standard", "listingDateDisplay": "5d ago", "location": "Sydney", "locationId": 1000, "locationWhereValue": "All Sydney NSW", "id": 59629504, "isPremium": false, "isStandOut": false, "jobLocation": {"label": "Fairfield, Sydney NSW", "countryCode": "AU", "seoHierarchy": [{"contextualName": "Fairfield NSW 2165"}, {"contextualName": "All Sydney NSW"}]}, "listingDate": "2023-01-06T06:57:11Z", "logo": {"id": "", "description": null}, "roleId": "store-manager", "salary": "", "solMetadata": {"searchRequestToken": "f0832349-6f52-47e7-84ef-28fc0de50768", "token": "0~f0832349-6f52-47e7-84ef-28fc0de50768", "jobId": "59629504", "section": "MAIN", "sectionRank": 152, "jobAdType": "ORGANIC", "tags": {"mordor__flights": "mordor_123"}}, "subClassification": {"id": "6047", "description": "Management - Store"}, "suburb": "Fairfield", "suburbId": 20233, "suburbWhereValue": "Fairfield NSW 2165", "teaser": "From driving sales and controlling costs, to serving customers & training staff, our Duty Store Managers always lead from the front.", "title": "Duty Store Manager - Fairfield Area", "tracking": "ewogICJ0b2tlbiI6ICI5ZGE3MWFlMy01NGI5LTk1ZWItODIwZS1kMTAwYzg4OWY2OGVfMTIiCn0=", "workType": "Part Time", "isPrivateAdvertiser": false}, {"advertiser": {"id": "27493644", "description": "Aldi Stores"}, "area": "Northern Suburbs", "areaId": 5072, "areaWhereValue": "Northern Suburbs Melbourne VIC", "automaticInclusion": false, "bulletPoints": [], "classification": {"id": "6043", "description": "Retail & Consumer Products"}, "companyName": "ALDI", "companyProfileStructuredDataId": 5197, "displayType": "standard", "listingDateDisplay": "5d ago", "location": "Melbourne", "locationId": 1002, "locationWhereValue": "All Melbourne VIC", "id": 59628422, "isPremium": false, "isStandOut": false, "jobLocation": {"label": "Bundoora, Melbourne VIC", "countryCode": "AU", "seoHierarchy": [{"contextualName": "Bundoora VIC 3083"}, {"contextualName": "All Melbourne VIC"}]}, "listingDate": "2023-01-06T05:27:39Z", "logo": {"id": "", "description": null}, "roleId": "assistant-store-manager", "salary": "", "solMetadata": {"searchRequestToken": "f0832349-6f52-47e7-84ef-28fc0de50768", "token": "0~f0832349-6f52-47e7-84ef-28fc0de50768", "jobId": "59628422", "section": "MAIN", "sectionRank": 153, "jobAdType": "ORGANIC", "tags": {"mordor__flights": "mordor_123"}}, "subClassification": {"id": "6047", "description": "Management - Store"}, "suburb": "Bundoora", "suburbId": 22184, "suburbWhereValue": "Bundoora VIC 3083", "teaser": "Whether it\u2019s managing rosters or cleaning up a spill in aisle 3, our Assistant Store Managers always lead from the front.", "title": "Assistant Store Manager - Bundoora", "tracking": "ewogICJ0b2tlbiI6ICI5ZGE3MWFlMy01NGI5LTk1ZWItODIwZS1kMTAwYzg4OWY2OGVfMTMiCn0=", "workType": "Full Time", "isPrivateAdvertiser": false}, {"advertiser": {"id": "27493644", "description": "Aldi Stores"}, "automaticInclusion": false, "bulletPoints": [], "classification": {"id": "6043", "description": "Retail & Consumer Products"}, "companyName": "ALDI", "companyProfileStructuredDataId": 5197, "displayType": "standard", "listingDateDisplay": "13d ago", "location": "Adelaide Hills & Barossa", "locationId": 5019, "locationWhereValue": "Adelaide Hills & Barossa SA", "id": 59574306, "isPremium": false, "isStandOut": false, "jobLocation": {"label": "Nuriootpa, Adelaide Hills & Barossa SA", "countryCode": "AU", "seoHierarchy": [{"contextualName": "Nuriootpa SA 5355"}, {"contextualName": "Adelaide Hills & Barossa SA"}]}, "listingDate": "2022-12-29T01:32:08Z", "logo": {"id": "", "description": null}, "roleId": "retail-sales-assistant", "salary": "Permanent Part Time, Hands-On, Team Environment", "solMetadata": {"searchRequestToken": "f0832349-6f52-47e7-84ef-28fc0de50768", "token": "0~f0832349-6f52-47e7-84ef-28fc0de50768", "jobId": "59574306", "section": "MAIN", "sectionRank": 154, "jobAdType": "ORGANIC", "tags": {"mordor__flights": "mordor_123"}}, "subClassification": {"id": "6050", "description": "Retail Assistants"}, "suburb": "Nuriootpa", "suburbId": 24110, "suburbWhereValue": "Nuriootpa SA 5355", "teaser": "Whether they\u2019re racing to fill shelves or scanning through customers, our Retail Assistants can do everything and anything.", "title": "Retail Assistant - Nuriootpa - 15-20 hours PW", "tracking": "ewogICJ0b2tlbiI6ICI5ZGE3MWFlMy01NGI5LTk1ZWItODIwZS1kMTAwYzg4OWY2OGVfMTQiCn0=", "workType": "Part Time", "isPrivateAdvertiser": false}, {"advertiser": {"id": "27493644", "description": "Aldi Stores"}, "area": "CBD & Inner Suburbs", "areaId": 5010, "areaWhereValue": "Brisbane CBD & Inner Suburbs Brisbane QLD", "automaticInclusion": false, "bulletPoints": [], "classification": {"id": "6043", "description": "Retail & Consumer Products"}, "companyName": "ALDI", "companyProfileStructuredDataId": 5197, "displayType": "standard", "listingDateDisplay": "23d ago", "location": "Brisbane", "locationId": 1004, "locationWhereValue": "All Brisbane QLD", "id": 59521893, "isPremium": false, "isStandOut": false, "jobLocation": {"label": "Salisbury, Brisbane QLD", "countryCode": "AU", "seoHierarchy": [{"contextualName": "Salisbury QLD 4107"}, {"contextualName": "All Brisbane QLD"}]}, "listingDate": "2022-12-19T05:50:40Z", "logo": {"id": "", "description": null}, "roleId": "retail-sales-assistant", "salary": "", "solMetadata": {"searchRequestToken": "f0832349-6f52-47e7-84ef-28fc0de50768", "token": "0~f0832349-6f52-47e7-84ef-28fc0de50768", "jobId": "59521893", "section": "MAIN", "sectionRank": 155, "jobAdType": "ORGANIC", "tags": {"mordor__flights": "mordor_123"}}, "subClassification": {"id": "6050", "description": "Retail Assistants"}, "suburb": "Salisbury", "suburbId": 12633, "suburbWhereValue": "Salisbury QLD 4107", "teaser": "Whether they\u2019re racing to fill shelves or scanning through customers, our Retail Assistants can do everything and anything.", "title": "Retail Assistant - Garden City/ Salisbury - 20 hours p/w", "tracking": "ewogICJ0b2tlbiI6ICI5ZGE3MWFlMy01NGI5LTk1ZWItODIwZS1kMTAwYzg4OWY2OGVfMTUiCn0=", "workType": "Part Time", "isPrivateAdvertiser": false}, {"advertiser": {"id": "27493644", "description": "Aldi Stores"}, "area": "Eastern Suburbs", "areaId": 5071, "areaWhereValue": "Eastern Suburbs Melbourne VIC", "automaticInclusion": false, "bulletPoints": [], "classification": {"id": "6043", "description": "Retail & Consumer Products"}, "companyName": "ALDI", "companyProfileStructuredDataId": 5197, "displayType": "standard", "listingDateDisplay": "5d ago", "location": "Melbourne", "locationId": 1002, "locationWhereValue": "All Melbourne VIC", "id": 59626519, "isPremium": false, "isStandOut": false, "jobLocation": {"label": "Doncaster East, Melbourne VIC", "countryCode": "AU", "seoHierarchy": [{"contextualName": "Doncaster East VIC 3109"}, {"contextualName": "All Melbourne VIC"}]}, "listingDate": "2023-01-06T03:37:16Z", "logo": {"id": "", "description": null}, "roleId": "assistant-store-manager", "salary": "", "solMetadata": {"searchRequestToken": "f0832349-6f52-47e7-84ef-28fc0de50768", "token": "0~f0832349-6f52-47e7-84ef-28fc0de50768", "jobId": "59626519", "section": "MAIN", "sectionRank": 156, "jobAdType": "ORGANIC", "tags": {"mordor__flights": "mordor_123"}}, "subClassification": {"id": "6047", "description": "Management - Store"}, "suburb": "Doncaster East", "suburbId": 15325, "suburbWhereValue": "Doncaster East VIC 3109", "teaser": "Whether it\u2019s managing rosters or cleaning up a spill in aisle 3, our Assistant Store Managers always lead from the front.", "title": "Assistant Store Manager- Doncaster East", "tracking": "ewogICJ0b2tlbiI6ICI5ZGE3MWFlMy01NGI5LTk1ZWItODIwZS1kMTAwYzg4OWY2OGVfMTYiCn0=", "workType": "Full Time", "isPrivateAdvertiser": false}, {"advertiser": {"id": "27493644", "description": "Aldi Stores"}, "area": "CBD, Inner & Western Suburbs", "areaId": 5048, "areaWhereValue": "Perth CBD, Inner & Western Suburbs Perth WA", "automaticInclusion": false, "bulletPoints": [], "classification": {"id": "6043", "description": "Retail & Consumer Products"}, "companyName": "ALDI", "companyProfileStructuredDataId": 5197, "displayType": "standard", "listingDateDisplay": "5d ago", "location": "Perth", "locationId": 1009, "locationWhereValue": "All Perth WA", "id": 59621467, "isPremium": false, "isStandOut": false, "jobLocation": {"label": "East Victoria Park, Perth WA", "countryCode": "AU", "seoHierarchy": [{"contextualName": "East Victoria Park WA 6101"}, {"contextualName": "All Perth WA"}]}, "listingDate": "2023-01-05T22:01:09Z", "logo": {"id": "", "description": null}, "roleId": "store-manager", "salary": "", "solMetadata": {"searchRequestToken": "f0832349-6f52-47e7-84ef-28fc0de50768", "token": "0~f0832349-6f52-47e7-84ef-28fc0de50768", "jobId": "59621467", "section": "MAIN", "sectionRank": 157, "jobAdType": "ORGANIC", "tags": {"mordor__flights": "mordor_123"}}, "subClassification": {"id": "6047", "description": "Management - Store"}, "suburb": "East Victoria Park", "suburbId": 19886, "suburbWhereValue": "East Victoria Park WA 6101", "teaser": "From driving sales and controlling costs, to serving customers & training staff, our Duty Store Managers always lead from the front.", "title": "Duty Store Manager - East Vic Park", "tracking": "ewogICJ0b2tlbiI6ICI5ZGE3MWFlMy01NGI5LTk1ZWItODIwZS1kMTAwYzg4OWY2OGVfMTciCn0=", "workType": "Part Time", "isPrivateAdvertiser": false}, {"advertiser": {"id": "27493644", "description": "Aldi Stores"}, "automaticInclusion": false, "bulletPoints": [], "classification": {"id": "6043", "description": "Retail & Consumer Products"}, "companyName": "ALDI", "companyProfileStructuredDataId": 5197, "displayType": "standard", "listingDateDisplay": "14d ago", "location": "West Gippsland & Latrobe Valley", "locationId": 5066, "locationWhereValue": "West Gippsland & Latrobe Valley VIC", "id": 59569155, "isPremium": false, "isStandOut": false, "jobLocation": {"label": "Morwell, West Gippsland & Latrobe Valley VIC", "countryCode": "AU", "seoHierarchy": [{"contextualName": "Morwell VIC 3840"}, {"contextualName": "West Gippsland & Latrobe Valley VIC"}]}, "listingDate": "2022-12-27T23:12:36Z", "logo": {"id": "", "description": null}, "roleId": "retail-sales-assistant", "salary": "", "solMetadata": {"searchRequestToken": "f0832349-6f52-47e7-84ef-28fc0de50768", "token": "0~f0832349-6f52-47e7-84ef-28fc0de50768", "jobId": "59569155", "section": "MAIN", "sectionRank": 158, "jobAdType": "ORGANIC", "tags": {"mordor__flights": "mordor_123"}}, "subClassification": {"id": "6050", "description": "Retail Assistants"}, "suburb": "Morwell", "suburbId": 19163, "suburbWhereValue": "Morwell VIC 3840", "teaser": "Whether they\u2019re racing to fill shelves or scanning through customers, our Retail Assistants can do everything and anything.", "title": "ALDI Retail Assistant - Morwell - 15 hours pw", "tracking": "ewogICJ0b2tlbiI6ICI5ZGE3MWFlMy01NGI5LTk1ZWItODIwZS1kMTAwYzg4OWY2OGVfMTgiCn0=", "workType": "Part Time", "isPrivateAdvertiser": false}, {"advertiser": {"id": "27493644", "description": "Aldi Stores"}, "automaticInclusion": false, "bulletPoints": [], "classification": {"id": "6092", "description": "Manufacturing, Transport & Logistics"}, "companyName": "ALDI", "companyProfileStructuredDataId": 5197, "displayType": "standard", "listingDateDisplay": "8d ago", "location": "Adelaide", "locationId": 1007, "locationWhereValue": "All Adelaide SA", "id": 59597808, "isPremium": false, "isStandOut": false, "jobLocation": {"label": "Regency Park, Adelaide SA", "countryCode": "AU", "seoHierarchy": [{"contextualName": "Regency Park SA 5010"}, {"contextualName": "All Adelaide SA"}]}, "listingDate": "2023-01-03T13:31:07Z", "logo": {"id": "", "description": null}, "roleId": "transport-supervisor", "salary": "", "solMetadata": {"searchRequestToken": "f0832349-6f52-47e7-84ef-28fc0de50768", "token": "0~f0832349-6f52-47e7-84ef-28fc0de50768", "jobId": "59597808", "section": "MAIN", "sectionRank": 159, "jobAdType": "ORGANIC", "tags": {"mordor__flights": "mordor_123"}}, "subClassification": {"id": "6108", "description": "Warehousing, Storage & Distribution"}, "suburb": "Regency Park", "suburbId": 12260, "suburbWhereValue": "Regency Park SA 5010", "teaser": "Based at Regency Park DC, you will be responsible for balancing priorities, meeting deadlines and running the daily operations of the transport area!", "title": "Assistant Transport Supervisor", "tracking": "ewogICJ0b2tlbiI6ICI5ZGE3MWFlMy01NGI5LTk1ZWItODIwZS1kMTAwYzg4OWY2OGVfMTkiCn0=", "workType": "Part Time", "isPrivateAdvertiser": false}, {"advertiser": {"id": "27493644", "description": "Aldi Stores"}, "area": "South West & M5 Corridor", "areaId": 5033, "areaWhereValue": "South West & M5 Corridor Sydney NSW", "automaticInclusion": false, "bulletPoints": [], "classification": {"id": "6043", "description": "Retail & Consumer Products"}, "companyName": "ALDI", "companyProfileStructuredDataId": 5197, "displayType": "standard", "listingDateDisplay": "6d ago", "location": "Sydney", "locationId": 1000, "locationWhereValue": "All Sydney NSW", "id": 59610740, "isPremium": false, "isStandOut": false, "jobLocation": {"label": "Bankstown, Sydney NSW", "countryCode": "AU", "seoHierarchy": [{"contextualName": "Bankstown NSW 2200"}, {"contextualName": "All Sydney NSW"}]}, "listingDate": "2023-01-04T22:01:39Z", "logo": {"id": "", "description": null}, "roleId": "store-manager", "salary": "", "solMetadata": {"searchRequestToken": "f0832349-6f52-47e7-84ef-28fc0de50768", "token": "0~f0832349-6f52-47e7-84ef-28fc0de50768", "jobId": "59610740", "section": "MAIN", "sectionRank": 160, "jobAdType": "ORGANIC", "tags": {"mordor__flights": "mordor_123"}}, "subClassification": {"id": "6047", "description": "Management - Store"}, "suburb": "Bankstown", "suburbId": 17057, "suburbWhereValue": "Bankstown NSW 2200", "teaser": "From driving sales targets to supervising the training and development of a close-knit team, the role of an ALDI Store Manager is diverse and dynamic.", "title": "Store Manager - Fairfield and Bankstown", "tracking": "ewogICJ0b2tlbiI6ICI5ZGE3MWFlMy01NGI5LTk1ZWItODIwZS1kMTAwYzg4OWY2OGVfMjAiCn0=", "workType": "Full Time", "isPrivateAdvertiser": false}], "title": "Jobs in All Australia", "totalCount": 417, "paginationParameters": {"seekSelectAllPages": true, "hadPremiumListings": false}, "info": {"timeTaken": 50, "source": "JobSearch-sm", "experiment": "mordor_123"}, "userQueryId": "a3f7e6f85be73fd8fe2e3d5ea92001b7-7335003", "sortMode": [{"isActive": true, "name": "Relevance", "value": "KeywordRelevance"}, {"isActive": false, "name": "Date", "value": "ListedDate"}], "solMetadata": {"requestToken": "f0832349-6f52-47e7-84ef-28fc0de50768", "token": "0~f0832349-6f52-47e7-84ef-28fc0de50768", "sortMode": "RELEVANCE", "locations": ["seek-3000"], "locationDistance": 50, "employer": "ALDI", "pageSize": 20, "pageNumber": 8, "totalJobCount": 417, "tags": {"mordor__flights": "mordor_123", "chalice-search-api:solId": "c00c353f-a376-4b96-b397-16e262dbd3d3"}}, "location": {"matched": true, "whereId": 3000, "type": "Country", "suburbType": "rural", "description": "All Australia", "stateDescription": "", "locationId": 3000, "locationDescription": "", "areaId": 0, "areaDescription": "", "suburbParentDescription": ""}, "canonicalCompany": {"id": "5197", "description": "ALDI"}, "companySuggestion": {"search": {"keywords": "ALDI"}, "count": "461"}, "joraCrossLink": {"canCrossLink": false}, "searchParams": {"sitekey": "AU-Main", "sourcesystem": "houston", "userqueryid": "a3f7e6f85be73fd8fe2e3d5ea92001b7-7335003", "userid": "5959404e-631e-45a1-bb3b-2ae481757cf6", "usersessionid": "5959404e-631e-45a1-bb3b-2ae481757cf6", "eventcapturesessionid": "5959404e-631e-45a1-bb3b-2ae481757cf6", "where": "All Australia", "page": "8", "seekselectallpages": "true", "companyname": "ALDI", "include": "seodata", "solid": "c00c353f-a376-4b96-b397-16e262dbd3d3"}}