{"data": [{"advertiser": {"id": "27493644", "description": "Aldi Stores"}, "automaticInclusion": false, "bulletPoints": [], "classification": {"id": "6092", "description": "Manufacturing, Transport & Logistics"}, "companyName": "ALDI", "companyProfileStructuredDataId": 5197, "displayType": "standard", "listingDateDisplay": "27d ago", "location": "Gold Coast", "locationId": 1005, "locationWhereValue": "All Gold Coast QLD", "id": 59501058, "isPremium": false, "isStandOut": false, "jobLocation": {"label": "Stapylton, Gold Coast QLD", "countryCode": "AU", "seoHierarchy": [{"contextualName": "Stapylton QLD 4207"}, {"contextualName": "All Gold Coast QLD"}]}, "listingDate": "2022-12-15T14:01:08Z", "logo": {"id": "", "description": null}, "roleId": "caretaker", "salary": "", "solMetadata": {"searchRequestToken": "5b1c69d1-32c4-4454-8186-095c83e5efdb", "token": "0~5b1c69d1-32c4-4454-8186-095c83e5efdb", "jobId": "59501058", "section": "MAIN", "sectionRank": 341, "jobAdType": "ORGANIC", "tags": {"mordor__flights": "mordor_123"}}, "subClassification": {"id": "6108", "description": "Warehousing, Storage & Distribution"}, "suburb": "Stapylton", "suburbId": 16111, "suburbWhereValue": "Stapylton QLD 4207", "teaser": "Based at Stapylton DC - Our Caretakers take care of general maintenance, gardening and other odd-jobs within our Warehouses and Distribution Centres.", "title": "Warehouse Caretaker - Stapylton DC", "tracking": "ewogICJ0b2tlbiI6ICI2NWI5ZDdmYy01MWJjLTk2M2MtYTk0MS1jMzkzYTg1ODU2YjFfMSIKfQ==", "workType": "Part Time", "isPrivateAdvertiser": false}, {"advertiser": {"id": "27493644", "description": "Aldi Stores"}, "automaticInclusion": false, "bulletPoints": [], "classification": {"id": "1214", "description": "Insurance & Superannuation"}, "companyName": "ALDI", "companyProfileStructuredDataId": 5197, "displayType": "standard", "listingDateDisplay": "21d ago", "location": "Gold Coast", "locationId": 1005, "locationWhereValue": "All Gold Coast QLD", "id": 59536027, "isPremium": false, "isStandOut": false, "jobLocation": {"label": "Stapylton, Gold Coast QLD", "countryCode": "AU", "seoHierarchy": [{"contextualName": "Stapylton QLD 4207"}, {"contextualName": "All Gold Coast QLD"}]}, "listingDate": "2022-12-20T23:01:01Z", "logo": {"id": "", "description": null}, "roleId": "injury-management-specialist", "salary": "$99,800 - $119,900 (including superannuation)", "solMetadata": {"searchRequestToken": "5b1c69d1-32c4-4454-8186-095c83e5efdb", "token": "0~5b1c69d1-32c4-4454-8186-095c83e5efdb", "jobId": "59536027", "section": "MAIN", "sectionRank": 342, "jobAdType": "ORGANIC", "tags": {"mordor__flights": "mordor_123"}}, "subClassification": {"id": "1553", "description": "Workers' Compensation"}, "suburb": "Stapylton", "suburbId": 16111, "suburbWhereValue": "Stapylton QLD 4207", "teaser": "A rewarding role with a high degree of responsibility and autonomy, working in a fast-paced environment and while managing multiple stakeholders.", "title": "Injury Management Specialist", "tracking": "ewogICJ0b2tlbiI6ICI2NWI5ZDdmYy01MWJjLTk2M2MtYTk0MS1jMzkzYTg1ODU2YjFfMiIKfQ==", "workType": "Full Time", "isPrivateAdvertiser": false}, {"advertiser": {"id": "27493644", "description": "Aldi Stores"}, "area": "Northern Suburbs & Joondalup", "areaId": 5051, "areaWhereValue": "Northern Suburbs & Joondalup Perth WA", "automaticInclusion": false, "bulletPoints": [], "classification": {"id": "6043", "description": "Retail & Consumer Products"}, "companyName": "ALDI", "companyProfileStructuredDataId": 5197, "displayType": "standard", "listingDateDisplay": "20d ago", "location": "Perth", "locationId": 1009, "locationWhereValue": "All Perth WA", "id": 59552332, "isPremium": false, "isStandOut": false, "jobLocation": {"label": "Inglewood, Perth WA", "countryCode": "AU", "seoHierarchy": [{"contextualName": "Inglewood WA 6052"}, {"contextualName": "All Perth WA"}]}, "listingDate": "2022-12-22T03:46:25Z", "logo": {"id": "", "description": null}, "roleId": "assistant-store-manager", "salary": "", "solMetadata": {"searchRequestToken": "5b1c69d1-32c4-4454-8186-095c83e5efdb", "token": "0~5b1c69d1-32c4-4454-8186-095c83e5efdb", "jobId": "59552332", "section": "MAIN", "sectionRank": 343, "jobAdType": "ORGANIC", "tags": {"mordor__flights": "mordor_123"}}, "subClassification": {"id": "6047", "description": "Management - Store"}, "suburb": "Inglewood", "suburbId": 23499, "suburbWhereValue": "Inglewood WA 6052", "teaser": "Whether it\u2019s managing rosters or cleaning up a spill in aisle 3, our Assistant Store Managers always lead from the front.", "title": "Assistant Store Manager - Inglewood - 45 Hours", "tracking": "ewogICJ0b2tlbiI6ICI2NWI5ZDdmYy01MWJjLTk2M2MtYTk0MS1jMzkzYTg1ODU2YjFfMyIKfQ==", "workType": "Full Time", "isPrivateAdvertiser": false}, {"advertiser": {"id": "27493644", "description": "Aldi Stores"}, "area": "Eastern Suburbs", "areaId": 5071, "areaWhereValue": "Eastern Suburbs Melbourne VIC", "automaticInclusion": false, "bulletPoints": [], "classification": {"id": "6043", "description": "Retail & Consumer Products"}, "companyName": "ALDI", "companyProfileStructuredDataId": 5197, "displayType": "standard", "listingDateDisplay": "20d ago", "location": "Melbourne", "locationId": 1002, "locationWhereValue": "All Melbourne VIC", "id": 59547542, "isPremium": false, "isStandOut": false, "jobLocation": {"label": "Doncaster East, Melbourne VIC", "countryCode": "AU", "seoHierarchy": [{"contextualName": "Doncaster East VIC 3109"}, {"contextualName": "All Melbourne VIC"}]}, "listingDate": "2022-12-21T23:35:38Z", "logo": {"id": "", "description": null}, "roleId": "assistant-store-manager", "salary": "", "solMetadata": {"searchRequestToken": "5b1c69d1-32c4-4454-8186-095c83e5efdb", "token": "0~5b1c69d1-32c4-4454-8186-095c83e5efdb", "jobId": "59547542", "section": "MAIN", "sectionRank": 344, "jobAdType": "ORGANIC", "tags": {"mordor__flights": "mordor_123"}}, "subClassification": {"id": "6047", "description": "Management - Store"}, "suburb": "Doncaster East", "suburbId": 15325, "suburbWhereValue": "Doncaster East VIC 3109", "teaser": "Whether it\u2019s managing rosters or cleaning up a spill in aisle 3, our Assistant Store Managers always lead from the front.", "title": "Assistant Store Manager - The Pines (Doncaster)", "tracking": "ewogICJ0b2tlbiI6ICI2NWI5ZDdmYy01MWJjLTk2M2MtYTk0MS1jMzkzYTg1ODU2YjFfNCIKfQ==", "workType": "Full Time", "isPrivateAdvertiser": false}, {"advertiser": {"id": "27493644", "description": "Aldi Stores"}, "area": "Eastern Suburbs", "areaId": 5049, "areaWhereValue": "Eastern Suburbs Perth WA", "automaticInclusion": false, "bulletPoints": [], "classification": {"id": "6043", "description": "Retail & Consumer Products"}, "companyName": "ALDI", "companyProfileStructuredDataId": 5197, "displayType": "standard", "listingDateDisplay": "20d ago", "location": "Perth", "locationId": 1009, "locationWhereValue": "All Perth WA", "id": 59552368, "isPremium": false, "isStandOut": false, "jobLocation": {"label": "Beechboro, Perth WA", "countryCode": "AU", "seoHierarchy": [{"contextualName": "Beechboro WA 6063"}, {"contextualName": "All Perth WA"}]}, "listingDate": "2022-12-22T03:48:55Z", "logo": {"id": "", "description": null}, "roleId": "store-manager", "salary": "", "solMetadata": {"searchRequestToken": "5b1c69d1-32c4-4454-8186-095c83e5efdb", "token": "0~5b1c69d1-32c4-4454-8186-095c83e5efdb", "jobId": "59552368", "section": "MAIN", "sectionRank": 345, "jobAdType": "ORGANIC", "tags": {"mordor__flights": "mordor_123"}}, "subClassification": {"id": "6047", "description": "Management - Store"}, "suburb": "Beechboro", "suburbId": 17265, "suburbWhereValue": "Beechboro WA 6063", "teaser": "From driving sales and controlling costs, to serving customers & training staff, our Duty Store Managers always lead from the front.", "title": "Duty Store Manager - Beechboro", "tracking": "ewogICJ0b2tlbiI6ICI2NWI5ZDdmYy01MWJjLTk2M2MtYTk0MS1jMzkzYTg1ODU2YjFfNSIKfQ==", "workType": "Part Time", "isPrivateAdvertiser": false}, {"advertiser": {"id": "27493644", "description": "Aldi Stores"}, "area": "CBD & Inner Suburbs", "areaId": 5010, "areaWhereValue": "Brisbane CBD & Inner Suburbs Brisbane QLD", "automaticInclusion": false, "bulletPoints": [], "classification": {"id": "6043", "description": "Retail & Consumer Products"}, "companyName": "ALDI", "companyProfileStructuredDataId": 5197, "displayType": "standard", "listingDateDisplay": "22d ago", "location": "Brisbane", "locationId": 1004, "locationWhereValue": "All Brisbane QLD", "id": 59532631, "isPremium": false, "isStandOut": false, "jobLocation": {"label": "Darra, Brisbane QLD", "countryCode": "AU", "seoHierarchy": [{"contextualName": "Darra QLD 4076"}, {"contextualName": "All Brisbane QLD"}]}, "listingDate": "2022-12-20T07:02:00Z", "logo": {"id": "", "description": null}, "roleId": "store-manager", "salary": "", "solMetadata": {"searchRequestToken": "5b1c69d1-32c4-4454-8186-095c83e5efdb", "token": "0~5b1c69d1-32c4-4454-8186-095c83e5efdb", "jobId": "59532631", "section": "MAIN", "sectionRank": 346, "jobAdType": "ORGANIC", "tags": {"mordor__flights": "mordor_123"}}, "subClassification": {"id": "6047", "description": "Management - Store"}, "suburb": "Darra", "suburbId": 15119, "suburbWhereValue": "Darra QLD 4076", "teaser": "From driving sales and controlling costs, to serving customers & training staff, our Duty Store Managers always lead from the front.", "title": "Duty Store Manager - Darra", "tracking": "ewogICJ0b2tlbiI6ICI2NWI5ZDdmYy01MWJjLTk2M2MtYTk0MS1jMzkzYTg1ODU2YjFfNiIKfQ==", "workType": "Part Time", "isPrivateAdvertiser": false}, {"advertiser": {"id": "27493644", "description": "Aldi Stores"}, "area": "CBD & Inner Suburbs", "areaId": 5010, "areaWhereValue": "Brisbane CBD & Inner Suburbs Brisbane QLD", "automaticInclusion": false, "bulletPoints": [], "classification": {"id": "6043", "description": "Retail & Consumer Products"}, "companyName": "ALDI", "companyProfileStructuredDataId": 5197, "displayType": "standard", "listingDateDisplay": "22d ago", "location": "Brisbane", "locationId": 1004, "locationWhereValue": "All Brisbane QLD", "id": 59532614, "isPremium": false, "isStandOut": false, "jobLocation": {"label": "Chermside, Brisbane QLD", "countryCode": "AU", "seoHierarchy": [{"contextualName": "Chermside QLD 4032"}, {"contextualName": "All Brisbane QLD"}]}, "listingDate": "2022-12-20T07:00:04Z", "logo": {"id": "", "description": null}, "roleId": "store-manager", "salary": "", "solMetadata": {"searchRequestToken": "5b1c69d1-32c4-4454-8186-095c83e5efdb", "token": "0~5b1c69d1-32c4-4454-8186-095c83e5efdb", "jobId": "59532614", "section": "MAIN", "sectionRank": 347, "jobAdType": "ORGANIC", "tags": {"mordor__flights": "mordor_123"}}, "subClassification": {"id": "6047", "description": "Management - Store"}, "suburb": "Chermside", "suburbId": 22832, "suburbWhereValue": "Chermside QLD 4032", "teaser": "From driving sales and controlling costs, to serving customers & training staff, our Duty Store Managers always lead from the front.", "title": "Duty Store Manager - Chermside", "tracking": "ewogICJ0b2tlbiI6ICI2NWI5ZDdmYy01MWJjLTk2M2MtYTk0MS1jMzkzYTg1ODU2YjFfNyIKfQ==", "workType": "Part Time", "isPrivateAdvertiser": false}, {"advertiser": {"id": "27493644", "description": "Aldi Stores"}, "automaticInclusion": false, "bulletPoints": [], "classification": {"id": "6043", "description": "Retail & Consumer Products"}, "companyName": "ALDI", "companyProfileStructuredDataId": 5197, "displayType": "standard", "listingDateDisplay": "23d ago", "location": "Wagga Wagga & Riverina", "locationId": 5037, "locationWhereValue": "Wagga Wagga & Riverina NSW", "id": 59515811, "isPremium": false, "isStandOut": false, "jobLocation": {"label": "Leeton, Wagga Wagga & Riverina NSW", "countryCode": "AU", "seoHierarchy": [{"contextualName": "Leeton NSW 2705"}, {"contextualName": "Wagga Wagga & Riverina NSW"}]}, "listingDate": "2022-12-18T23:31:43Z", "logo": {"id": "", "description": null}, "roleId": "retail-sales-assistant", "salary": "", "solMetadata": {"searchRequestToken": "5b1c69d1-32c4-4454-8186-095c83e5efdb", "token": "0~5b1c69d1-32c4-4454-8186-095c83e5efdb", "jobId": "59515811", "section": "MAIN", "sectionRank": 348, "jobAdType": "ORGANIC", "tags": {"mordor__flights": "mordor_123"}}, "subClassification": {"id": "6050", "description": "Retail Assistants"}, "suburb": "Leeton", "suburbId": 13666, "suburbWhereValue": "Leeton NSW 2705", "teaser": "Whether they\u2019re racing to fill shelves or scanning through customers, our Retail Assistants can do everything and anything.", "title": "Retail Assistant - Leeton", "tracking": "ewogICJ0b2tlbiI6ICI2NWI5ZDdmYy01MWJjLTk2M2MtYTk0MS1jMzkzYTg1ODU2YjFfOCIKfQ==", "workType": "Part Time", "isPrivateAdvertiser": false}, {"advertiser": {"id": "27493644", "description": "Aldi Stores"}, "automaticInclusion": false, "bulletPoints": [], "classification": {"id": "6043", "description": "Retail & Consumer Products"}, "companyName": "ALDI", "companyProfileStructuredDataId": 5197, "displayType": "standard", "listingDateDisplay": "19d ago", "location": "South West Coast VIC", "locationId": 5068, "locationWhereValue": "South West Coast VIC", "id": 59562126, "isPremium": false, "isStandOut": false, "jobLocation": {"label": "Torquay, South West Coast VIC", "countryCode": "AU", "seoHierarchy": [{"contextualName": "Torquay VIC 3228"}, {"contextualName": "South West Coast VIC"}]}, "listingDate": "2022-12-23T03:36:15Z", "logo": {"id": "", "description": null}, "roleId": "store-manager", "salary": "", "solMetadata": {"searchRequestToken": "5b1c69d1-32c4-4454-8186-095c83e5efdb", "token": "0~5b1c69d1-32c4-4454-8186-095c83e5efdb", "jobId": "59562126", "section": "MAIN", "sectionRank": 349, "jobAdType": "ORGANIC", "tags": {"mordor__flights": "mordor_123"}}, "subClassification": {"id": "6047", "description": "Management - Store"}, "suburb": "Torquay", "suburbId": 21192, "suburbWhereValue": "Torquay VIC 3228", "teaser": "From driving sales and controlling costs, to serving customers & training staff, our Duty Store Managers always lead from the front.", "title": "CW - Duty Store Manager Bellarine Area", "tracking": "ewogICJ0b2tlbiI6ICI2NWI5ZDdmYy01MWJjLTk2M2MtYTk0MS1jMzkzYTg1ODU2YjFfOSIKfQ==", "workType": "Part Time", "isPrivateAdvertiser": false}, {"advertiser": {"id": "27493644", "description": "Aldi Stores"}, "automaticInclusion": false, "bulletPoints": [], "classification": {"id": "6043", "description": "Retail & Consumer Products"}, "companyName": "ALDI", "companyProfileStructuredDataId": 5197, "displayType": "standard", "listingDateDisplay": "19d ago", "location": "Bundaberg & Wide Bay Burnett", "locationId": 5001, "locationWhereValue": "Bundaberg & Wide Bay Burnett QLD", "id": 59562444, "isPremium": false, "isStandOut": false, "jobLocation": {"label": "Bundaberg, Bundaberg & Wide Bay Burnett QLD", "countryCode": "AU", "seoHierarchy": [{"contextualName": "Bundaberg QLD 4670"}, {"contextualName": "Bundaberg & Wide Bay Burnett QLD"}]}, "listingDate": "2022-12-23T04:07:24Z", "logo": {"id": "", "description": null}, "roleId": "store-manager", "salary": "", "solMetadata": {"searchRequestToken": "5b1c69d1-32c4-4454-8186-095c83e5efdb", "token": "0~5b1c69d1-32c4-4454-8186-095c83e5efdb", "jobId": "59562444", "section": "MAIN", "sectionRank": 350, "jobAdType": "ORGANIC", "tags": {"mordor__flights": "mordor_123"}}, "subClassification": {"id": "6047", "description": "Management - Store"}, "suburb": "Bundaberg", "suburbId": 22161, "suburbWhereValue": "Bundaberg QLD 4670", "teaser": "From driving sales and controlling costs, to serving customers & training staff, our Duty Store Managers always lead from the front.", "title": "Duty Store Manager - Bundaberg Plaza", "tracking": "ewogICJ0b2tlbiI6ICI2NWI5ZDdmYy01MWJjLTk2M2MtYTk0MS1jMzkzYTg1ODU2YjFfMTAiCn0=", "workType": "Part Time", "isPrivateAdvertiser": false}, {"advertiser": {"id": "27493644", "description": "Aldi Stores"}, "area": "Southern Suburbs & Sutherland Shire", "areaId": 5032, "areaWhereValue": "Southern Suburbs & Sutherland Shire Sydney NSW", "automaticInclusion": false, "bulletPoints": [], "classification": {"id": "6043", "description": "Retail & Consumer Products"}, "companyName": "ALDI", "companyProfileStructuredDataId": 5197, "displayType": "standard", "listingDateDisplay": "22d ago", "location": "Sydney", "locationId": 1000, "locationWhereValue": "All Sydney NSW", "id": 59525367, "isPremium": false, "isStandOut": false, "jobLocation": {"label": "Engadine, Sydney NSW", "countryCode": "AU", "seoHierarchy": [{"contextualName": "Engadine NSW 2233"}, {"contextualName": "All Sydney NSW"}]}, "listingDate": "2022-12-19T22:28:12Z", "logo": {"id": "", "description": null}, "roleId": "store-manager", "salary": "", "solMetadata": {"searchRequestToken": "5b1c69d1-32c4-4454-8186-095c83e5efdb", "token": "0~5b1c69d1-32c4-4454-8186-095c83e5efdb", "jobId": "59525367", "section": "MAIN", "sectionRank": 351, "jobAdType": "ORGANIC", "tags": {"mordor__flights": "mordor_123"}}, "subClassification": {"id": "6047", "description": "Management - Store"}, "suburb": "Engadine", "suburbId": 20077, "suburbWhereValue": "Engadine NSW 2233", "teaser": "From driving sales and controlling costs, to serving customers & training staff, our Duty Store Managers always lead from the front.", "title": "Duty Store Manager - Sutherland Shire region", "tracking": "ewogICJ0b2tlbiI6ICI2NWI5ZDdmYy01MWJjLTk2M2MtYTk0MS1jMzkzYTg1ODU2YjFfMTEiCn0=", "workType": "Full Time", "isPrivateAdvertiser": false}, {"advertiser": {"id": "27493644", "description": "Aldi Stores"}, "area": "Northern Suburbs & Joondalup", "areaId": 5051, "areaWhereValue": "Northern Suburbs & Joondalup Perth WA", "automaticInclusion": false, "bulletPoints": [], "classification": {"id": "6043", "description": "Retail & Consumer Products"}, "companyName": "ALDI", "companyProfileStructuredDataId": 5197, "displayType": "standard", "listingDateDisplay": "20d ago", "location": "Perth", "locationId": 1009, "locationWhereValue": "All Perth WA", "id": 59552404, "isPremium": false, "isStandOut": false, "jobLocation": {"label": "Yokine, Perth WA", "countryCode": "AU", "seoHierarchy": [{"contextualName": "Yokine WA 6060"}, {"contextualName": "All Perth WA"}]}, "listingDate": "2022-12-22T03:51:00Z", "logo": {"id": "", "description": null}, "roleId": "store-manager", "salary": "", "solMetadata": {"searchRequestToken": "5b1c69d1-32c4-4454-8186-095c83e5efdb", "token": "0~5b1c69d1-32c4-4454-8186-095c83e5efdb", "jobId": "59552404", "section": "MAIN", "sectionRank": 352, "jobAdType": "ORGANIC", "tags": {"mordor__flights": "mordor_123"}}, "subClassification": {"id": "6047", "description": "Management - Store"}, "suburb": "Yokine", "suburbId": 10830, "suburbWhereValue": "Yokine WA 6060", "teaser": "From driving sales and controlling costs, to serving customers & training staff, our Duty Store Managers always lead from the front.", "title": "Duty Store Manager - Yokine/Inglewood", "tracking": "ewogICJ0b2tlbiI6ICI2NWI5ZDdmYy01MWJjLTk2M2MtYTk0MS1jMzkzYTg1ODU2YjFfMTIiCn0=", "workType": "Part Time", "isPrivateAdvertiser": false}, {"advertiser": {"id": "27493644", "description": "Aldi Stores"}, "area": "Bayside & South Eastern Suburbs", "areaId": 5070, "areaWhereValue": "Bayside & South Eastern Suburbs Melbourne VIC", "automaticInclusion": false, "bulletPoints": [], "classification": {"id": "6043", "description": "Retail & Consumer Products"}, "companyName": "ALDI", "companyProfileStructuredDataId": 5197, "displayType": "standard", "listingDateDisplay": "20d ago", "location": "Melbourne", "locationId": 1002, "locationWhereValue": "All Melbourne VIC", "id": 59545929, "isPremium": false, "isStandOut": false, "jobLocation": {"label": "Hampton Park, Melbourne VIC", "countryCode": "AU", "seoHierarchy": [{"contextualName": "Hampton Park VIC 3976"}, {"contextualName": "All Melbourne VIC"}]}, "listingDate": "2022-12-21T22:01:26Z", "logo": {"id": "", "description": null}, "roleId": "assistant-store-manager", "salary": "", "solMetadata": {"searchRequestToken": "5b1c69d1-32c4-4454-8186-095c83e5efdb", "token": "0~5b1c69d1-32c4-4454-8186-095c83e5efdb", "jobId": "59545929", "section": "MAIN", "sectionRank": 353, "jobAdType": "ORGANIC", "tags": {"mordor__flights": "mordor_123"}}, "subClassification": {"id": "6047", "description": "Management - Store"}, "suburb": "Hampton Park", "suburbId": 23017, "suburbWhereValue": "Hampton Park VIC 3976", "teaser": "Whether it\u2019s managing rosters or cleaning up a spill in aisle 3, our Assistant Store Managers always lead from the front.", "title": "Assistant Store Manager - Hampton Park/Fountain Gate", "tracking": "ewogICJ0b2tlbiI6ICI2NWI5ZDdmYy01MWJjLTk2M2MtYTk0MS1jMzkzYTg1ODU2YjFfMTMiCn0=", "workType": "Full Time", "isPrivateAdvertiser": false}, {"advertiser": {"id": "27493644", "description": "Aldi Stores"}, "area": "Ryde & Macquarie Park", "areaId": 5031, "areaWhereValue": "Ryde & Macquarie Park Sydney NSW", "automaticInclusion": false, "bulletPoints": [], "classification": {"id": "6043", "description": "Retail & Consumer Products"}, "companyName": "ALDI", "companyProfileStructuredDataId": 5197, "displayType": "standard", "listingDateDisplay": "23d ago", "location": "Sydney", "locationId": 1000, "locationWhereValue": "All Sydney NSW", "id": 59514593, "isPremium": false, "isStandOut": false, "jobLocation": {"label": "Gladesville, Sydney NSW", "countryCode": "AU", "seoHierarchy": [{"contextualName": "Gladesville NSW 2111"}, {"contextualName": "All Sydney NSW"}]}, "listingDate": "2022-12-18T22:06:21Z", "logo": {"id": "", "description": null}, "roleId": "store-manager", "salary": "", "solMetadata": {"searchRequestToken": "5b1c69d1-32c4-4454-8186-095c83e5efdb", "token": "0~5b1c69d1-32c4-4454-8186-095c83e5efdb", "jobId": "59514593", "section": "MAIN", "sectionRank": 354, "jobAdType": "ORGANIC", "tags": {"mordor__flights": "mordor_123"}}, "subClassification": {"id": "6047", "description": "Management - Store"}, "suburb": "Gladesville", "suburbId": 20734, "suburbWhereValue": "Gladesville NSW 2111", "teaser": "From driving sales and controlling costs, to serving customers & training staff, our Duty Store Managers always lead from the front.", "title": "Duty Store Manager - Gladesville", "tracking": "ewogICJ0b2tlbiI6ICI2NWI5ZDdmYy01MWJjLTk2M2MtYTk0MS1jMzkzYTg1ODU2YjFfMTQiCn0=", "workType": "Part Time", "isPrivateAdvertiser": false}, {"advertiser": {"id": "27493644", "description": "Aldi Stores"}, "automaticInclusion": false, "bulletPoints": [], "classification": {"id": "6317", "description": "Human Resources & Recruitment"}, "companyName": "ALDI", "companyProfileStructuredDataId": 5197, "displayType": "standard", "listingDateDisplay": "21d ago", "location": "Gold Coast", "locationId": 1005, "locationWhereValue": "All Gold Coast QLD", "id": 59536028, "isPremium": false, "isStandOut": false, "jobLocation": {"label": "Stapylton, Gold Coast QLD", "countryCode": "AU", "seoHierarchy": [{"contextualName": "Stapylton QLD 4207"}, {"contextualName": "All Gold Coast QLD"}]}, "listingDate": "2022-12-20T23:01:01Z", "logo": {"id": "", "description": null}, "roleId": "injury-management-specialist", "salary": "$99,800 - $119,900 (including superannuation)", "solMetadata": {"searchRequestToken": "5b1c69d1-32c4-4454-8186-095c83e5efdb", "token": "0~5b1c69d1-32c4-4454-8186-095c83e5efdb", "jobId": "59536028", "section": "MAIN", "sectionRank": 355, "jobAdType": "ORGANIC", "tags": {"mordor__flights": "mordor_123"}}, "subClassification": {"id": "6322", "description": "Occupational Health & Safety"}, "suburb": "Stapylton", "suburbId": 16111, "suburbWhereValue": "Stapylton QLD 4207", "teaser": "A rewarding role with a high degree of responsibility and autonomy, working in a fast-paced environment and while managing multiple stakeholders.", "title": "Injury Management Specialist", "tracking": "ewogICJ0b2tlbiI6ICI2NWI5ZDdmYy01MWJjLTk2M2MtYTk0MS1jMzkzYTg1ODU2YjFfMTUiCn0=", "workType": "Full Time", "isPrivateAdvertiser": false}, {"advertiser": {"id": "27493644", "description": "Aldi Stores"}, "area": "North Shore & Northern Beaches", "areaId": 5028, "areaWhereValue": "North Shore & Northern Beaches Sydney NSW", "automaticInclusion": false, "bulletPoints": [], "classification": {"id": "6043", "description": "Retail & Consumer Products"}, "companyName": "ALDI", "companyProfileStructuredDataId": 5197, "displayType": "standard", "listingDateDisplay": "23d ago", "location": "Sydney", "locationId": 1000, "locationWhereValue": "All Sydney NSW", "id": 59514570, "isPremium": false, "isStandOut": false, "jobLocation": {"label": "Chatswood, Sydney NSW", "countryCode": "AU", "seoHierarchy": [{"contextualName": "Chatswood NSW 2067"}, {"contextualName": "All Sydney NSW"}]}, "listingDate": "2022-12-18T22:04:36Z", "logo": {"id": "", "description": null}, "roleId": "store-manager", "salary": "", "solMetadata": {"searchRequestToken": "5b1c69d1-32c4-4454-8186-095c83e5efdb", "token": "0~5b1c69d1-32c4-4454-8186-095c83e5efdb", "jobId": "59514570", "section": "MAIN", "sectionRank": 356, "jobAdType": "ORGANIC", "tags": {"mordor__flights": "mordor_123"}}, "subClassification": {"id": "6047", "description": "Management - Store"}, "suburb": "Chatswood", "suburbId": 22815, "suburbWhereValue": "Chatswood NSW 2067", "teaser": "From driving sales and controlling costs, to serving customers & training staff, our Duty Store Managers always lead from the front.", "title": "Duty Store Manager- Chatswood Westfield", "tracking": "ewogICJ0b2tlbiI6ICI2NWI5ZDdmYy01MWJjLTk2M2MtYTk0MS1jMzkzYTg1ODU2YjFfMTYiCn0=", "workType": "Part Time", "isPrivateAdvertiser": false}, {"advertiser": {"id": "27493644", "description": "Aldi Stores"}, "area": "Ryde & Macquarie Park", "areaId": 5031, "areaWhereValue": "Ryde & Macquarie Park Sydney NSW", "automaticInclusion": false, "bulletPoints": [], "classification": {"id": "6043", "description": "Retail & Consumer Products"}, "companyName": "ALDI", "companyProfileStructuredDataId": 5197, "displayType": "standard", "listingDateDisplay": "23d ago", "location": "Sydney", "locationId": 1000, "locationWhereValue": "All Sydney NSW", "id": 59514665, "isPremium": false, "isStandOut": false, "jobLocation": {"label": "Ryde, Sydney NSW", "countryCode": "AU", "seoHierarchy": [{"contextualName": "Ryde NSW 2112"}, {"contextualName": "All Sydney NSW"}]}, "listingDate": "2022-12-18T22:15:17Z", "logo": {"id": "", "description": null}, "roleId": "store-manager", "salary": "", "solMetadata": {"searchRequestToken": "5b1c69d1-32c4-4454-8186-095c83e5efdb", "token": "0~5b1c69d1-32c4-4454-8186-095c83e5efdb", "jobId": "59514665", "section": "MAIN", "sectionRank": 357, "jobAdType": "ORGANIC", "tags": {"mordor__flights": "mordor_123"}}, "subClassification": {"id": "6047", "description": "Management - Store"}, "suburb": "Ryde", "suburbId": 12599, "suburbWhereValue": "Ryde NSW 2112", "teaser": "From driving sales and controlling costs, to serving customers & training staff, our Duty Store Managers always lead from the front.", "title": "Duty Store Manager - Top Ryde", "tracking": "ewogICJ0b2tlbiI6ICI2NWI5ZDdmYy01MWJjLTk2M2MtYTk0MS1jMzkzYTg1ODU2YjFfMTciCn0=", "workType": "Part Time", "isPrivateAdvertiser": false}, {"advertiser": {"id": "27493644", "description": "Aldi Stores"}, "area": "North Shore & Northern Beaches", "areaId": 5028, "areaWhereValue": "North Shore & Northern Beaches Sydney NSW", "automaticInclusion": false, "bulletPoints": [], "classification": {"id": "6043", "description": "Retail & Consumer Products"}, "companyName": "ALDI", "companyProfileStructuredDataId": 5197, "displayType": "standard", "listingDateDisplay": "23d ago", "location": "Sydney", "locationId": 1000, "locationWhereValue": "All Sydney NSW", "id": 59515594, "isPremium": false, "isStandOut": false, "jobLocation": {"label": "Chatswood, Sydney NSW", "countryCode": "AU", "seoHierarchy": [{"contextualName": "Chatswood NSW 2067"}, {"contextualName": "All Sydney NSW"}]}, "listingDate": "2022-12-18T23:17:49Z", "logo": {"id": "", "description": null}, "roleId": "store-manager", "salary": "", "solMetadata": {"searchRequestToken": "5b1c69d1-32c4-4454-8186-095c83e5efdb", "token": "0~5b1c69d1-32c4-4454-8186-095c83e5efdb", "jobId": "59515594", "section": "MAIN", "sectionRank": 358, "jobAdType": "ORGANIC", "tags": {"mordor__flights": "mordor_123"}}, "subClassification": {"id": "6047", "description": "Management - Store"}, "suburb": "Chatswood", "suburbId": 22815, "suburbWhereValue": "Chatswood NSW 2067", "teaser": "From driving sales and controlling costs, to serving customers & training staff, our Duty Store Managers always lead from the front.", "title": "Duty Store Manager - ALDI Chatswood Place/North Sydney", "tracking": "ewogICJ0b2tlbiI6ICI2NWI5ZDdmYy01MWJjLTk2M2MtYTk0MS1jMzkzYTg1ODU2YjFfMTgiCn0=", "workType": "Full Time", "isPrivateAdvertiser": false}, {"advertiser": {"id": "27493644", "description": "Aldi Stores"}, "area": "North Shore & Northern Beaches", "areaId": 5028, "areaWhereValue": "North Shore & Northern Beaches Sydney NSW", "automaticInclusion": false, "bulletPoints": [], "classification": {"id": "6043", "description": "Retail & Consumer Products"}, "companyName": "ALDI", "companyProfileStructuredDataId": 5197, "displayType": "standard", "listingDateDisplay": "23d ago", "location": "Sydney", "locationId": 1000, "locationWhereValue": "All Sydney NSW", "id": 59514643, "isPremium": false, "isStandOut": false, "jobLocation": {"label": "Lane Cove, Sydney NSW", "countryCode": "AU", "seoHierarchy": [{"contextualName": "Lane Cove NSW 2066"}, {"contextualName": "All Sydney NSW"}]}, "listingDate": "2022-12-18T22:12:08Z", "logo": {"id": "", "description": null}, "roleId": "store-manager", "salary": "", "solMetadata": {"searchRequestToken": "5b1c69d1-32c4-4454-8186-095c83e5efdb", "token": "0~5b1c69d1-32c4-4454-8186-095c83e5efdb", "jobId": "59514643", "section": "MAIN", "sectionRank": 359, "jobAdType": "ORGANIC", "tags": {"mordor__flights": "mordor_123"}}, "subClassification": {"id": "6047", "description": "Management - Store"}, "suburb": "Lane Cove", "suburbId": 13560, "suburbWhereValue": "Lane Cove NSW 2066", "teaser": "From driving sales and controlling costs, to serving customers & training staff, our Duty Store Managers always lead from the front.", "title": "Duty Store Manager - Lane Cove", "tracking": "ewogICJ0b2tlbiI6ICI2NWI5ZDdmYy01MWJjLTk2M2MtYTk0MS1jMzkzYTg1ODU2YjFfMTkiCn0=", "workType": "Part Time", "isPrivateAdvertiser": false}, {"advertiser": {"id": "27493644", "description": "Aldi Stores"}, "area": "North Shore & Northern Beaches", "areaId": 5028, "areaWhereValue": "North Shore & Northern Beaches Sydney NSW", "automaticInclusion": false, "bulletPoints": [], "classification": {"id": "6043", "description": "Retail & Consumer Products"}, "companyName": "ALDI", "companyProfileStructuredDataId": 5197, "displayType": "standard", "listingDateDisplay": "23d ago", "location": "Sydney", "locationId": 1000, "locationWhereValue": "All Sydney NSW", "id": 59515567, "isPremium": false, "isStandOut": false, "jobLocation": {"label": "Balgowlah, Sydney NSW", "countryCode": "AU", "seoHierarchy": [{"contextualName": "Balgowlah NSW 2093"}, {"contextualName": "All Sydney NSW"}]}, "listingDate": "2022-12-18T23:15:56Z", "logo": {"id": "", "description": null}, "roleId": "store-manager", "salary": "", "solMetadata": {"searchRequestToken": "5b1c69d1-32c4-4454-8186-095c83e5efdb", "token": "0~5b1c69d1-32c4-4454-8186-095c83e5efdb", "jobId": "59515567", "section": "MAIN", "sectionRank": 360, "jobAdType": "ORGANIC", "tags": {"mordor__flights": "mordor_123"}}, "subClassification": {"id": "6047", "description": "Management - Store"}, "suburb": "Balgowlah", "suburbId": 16967, "suburbWhereValue": "Balgowlah NSW 2093", "teaser": "From driving sales and controlling costs, to serving customers & training staff, our Duty Store Managers always lead from the front.", "title": "Duty Store Manager - ALDI Balgowlah", "tracking": "ewogICJ0b2tlbiI6ICI2NWI5ZDdmYy01MWJjLTk2M2MtYTk0MS1jMzkzYTg1ODU2YjFfMjAiCn0=", "workType": "Part Time", "isPrivateAdvertiser": false}], "title": "Jobs in All Australia", "totalCount": 417, "paginationParameters": {"seekSelectAllPages": true, "hadPremiumListings": false}, "info": {"timeTaken": 58, "source": "JobSearch-sm", "experiment": "mordor_123"}, "userQueryId": "a3f7e6f85be73fd8fe2e3d5ea92001b7-7335003", "sortMode": [{"isActive": true, "name": "Relevance", "value": "KeywordRelevance"}, {"isActive": false, "name": "Date", "value": "ListedDate"}], "solMetadata": {"requestToken": "5b1c69d1-32c4-4454-8186-095c83e5efdb", "token": "0~5b1c69d1-32c4-4454-8186-095c83e5efdb", "sortMode": "RELEVANCE", "locations": ["seek-3000"], "locationDistance": 50, "employer": "ALDI", "pageSize": 20, "pageNumber": 18, "totalJobCount": 417, "tags": {"mordor__flights": "mordor_123", "chalice-search-api:solId": "c00c353f-a376-4b96-b397-16e262dbd3d3"}}, "location": {"matched": true, "whereId": 3000, "type": "Country", "suburbType": "rural", "description": "All Australia", "stateDescription": "", "locationId": 3000, "locationDescription": "", "areaId": 0, "areaDescription": "", "suburbParentDescription": ""}, "canonicalCompany": {"id": "5197", "description": "ALDI"}, "companySuggestion": {"search": {"keywords": "ALDI"}, "count": "461"}, "joraCrossLink": {"canCrossLink": false}, "searchParams": {"sitekey": "AU-Main", "sourcesystem": "houston", "userqueryid": "a3f7e6f85be73fd8fe2e3d5ea92001b7-7335003", "userid": "5959404e-631e-45a1-bb3b-2ae481757cf6", "usersessionid": "5959404e-631e-45a1-bb3b-2ae481757cf6", "eventcapturesessionid": "5959404e-631e-45a1-bb3b-2ae481757cf6", "where": "All Australia", "page": "18", "seekselectallpages": "true", "companyname": "ALDI", "include": "seodata", "solid": "c00c353f-a376-4b96-b397-16e262dbd3d3"}}