{"data": [{"advertiser": {"id": "27493644", "description": "Aldi Stores"}, "area": "Bayside & South Eastern Suburbs", "areaId": 5070, "areaWhereValue": "Bayside & South Eastern Suburbs Melbourne VIC", "automaticInclusion": false, "bulletPoints": [], "classification": {"id": "6043", "description": "Retail & Consumer Products"}, "companyName": "ALDI", "companyProfileStructuredDataId": 5197, "displayType": "standard", "listingDateDisplay": "14d ago", "location": "Melbourne", "locationId": 1002, "locationWhereValue": "All Melbourne VIC", "id": 59569892, "isPremium": false, "isStandOut": false, "jobLocation": {"label": "Bentleigh, Melbourne VIC", "countryCode": "AU", "seoHierarchy": [{"contextualName": "Bentleigh VIC 3204"}, {"contextualName": "All Melbourne VIC"}]}, "listingDate": "2022-12-28T00:58:53Z", "logo": {"id": "", "description": null}, "roleId": "store-manager", "salary": "", "solMetadata": {"searchRequestToken": "e4652e57-cd05-48dc-b2dc-eb56b0f44a61", "token": "0~e4652e57-cd05-48dc-b2dc-eb56b0f44a61", "jobId": "59569892", "section": "MAIN", "sectionRank": 321, "jobAdType": "ORGANIC", "tags": {"mordor__flights": "mordor_123"}}, "subClassification": {"id": "6047", "description": "Management - Store"}, "suburb": "Bentleigh", "suburbId": 17406, "suburbWhereValue": "Bentleigh VIC 3204", "teaser": "From driving sales and controlling costs, to serving customers & training staff, our Duty Store Managers always lead from the front.", "title": "ALDI Bentleigh - Duty Store Manager", "tracking": "ewogICJ0b2tlbiI6ICJlNTBjNjgxZC1iNmZlLTk4MTEtOWE3Ni05NWRkODc0YjUyZjRfMSIKfQ==", "workType": "Part Time", "isPrivateAdvertiser": false}, {"advertiser": {"id": "27493644", "description": "Aldi Stores"}, "automaticInclusion": false, "bulletPoints": [], "classification": {"id": "6043", "description": "Retail & Consumer Products"}, "companyName": "ALDI", "companyProfileStructuredDataId": 5197, "displayType": "standard", "listingDateDisplay": "13d ago", "location": "Dubbo & Central NSW", "locationId": 5044, "locationWhereValue": "Dubbo & Central NSW", "id": 59574382, "isPremium": false, "isStandOut": false, "jobLocation": {"label": "Parkes, Dubbo & Central NSW", "countryCode": "AU", "seoHierarchy": [{"contextualName": "Parkes NSW 2870"}, {"contextualName": "Dubbo & Central NSW"}]}, "listingDate": "2022-12-29T01:39:08Z", "logo": {"id": "", "description": null}, "roleId": "retail-sales-assistant", "salary": "", "solMetadata": {"searchRequestToken": "e4652e57-cd05-48dc-b2dc-eb56b0f44a61", "token": "0~e4652e57-cd05-48dc-b2dc-eb56b0f44a61", "jobId": "59574382", "section": "MAIN", "sectionRank": 322, "jobAdType": "ORGANIC", "tags": {"mordor__flights": "mordor_123"}}, "subClassification": {"id": "6050", "description": "Retail Assistants"}, "suburb": "Parkes", "suburbId": 11547, "suburbWhereValue": "Parkes NSW 2870", "teaser": "Whether they\u2019re racing to fill shelves or scanning through customers, our Retail Assistants can do everything and anything.", "title": "Retail Assistant - Parkes", "tracking": "ewogICJ0b2tlbiI6ICJlNTBjNjgxZC1iNmZlLTk4MTEtOWE3Ni05NWRkODc0YjUyZjRfMiIKfQ==", "workType": "Part Time", "isPrivateAdvertiser": false}, {"advertiser": {"id": "27493644", "description": "Aldi Stores"}, "automaticInclusion": false, "bulletPoints": [], "classification": {"id": "6043", "description": "Retail & Consumer Products"}, "companyName": "ALDI", "companyProfileStructuredDataId": 5197, "displayType": "standard", "listingDateDisplay": "26d ago", "location": "Mornington Peninsula & Bass Coast", "locationId": 5077, "locationWhereValue": "Mornington Peninsula & Bass Coast VIC", "id": 59502206, "isPremium": false, "isStandOut": false, "jobLocation": {"label": "Hastings, Mornington Peninsula & Bass Coast VIC", "countryCode": "AU", "seoHierarchy": [{"contextualName": "Hastings VIC 3915"}, {"contextualName": "Mornington Peninsula & Bass Coast VIC"}]}, "listingDate": "2022-12-15T22:01:02Z", "logo": {"id": "", "description": null}, "roleId": "retail-sales-assistant", "salary": "", "solMetadata": {"searchRequestToken": "e4652e57-cd05-48dc-b2dc-eb56b0f44a61", "token": "0~e4652e57-cd05-48dc-b2dc-eb56b0f44a61", "jobId": "59502206", "section": "MAIN", "sectionRank": 323, "jobAdType": "ORGANIC", "tags": {"mordor__flights": "mordor_123"}}, "subClassification": {"id": "6050", "description": "Retail Assistants"}, "suburb": "Hastings", "suburbId": 23079, "suburbWhereValue": "Hastings VIC 3915", "teaser": "Whether they\u2019re racing to fill shelves or scanning through customers, our Retail Assistants can do everything and anything.", "title": "Retail Assistant - Hastings", "tracking": "ewogICJ0b2tlbiI6ICJlNTBjNjgxZC1iNmZlLTk4MTEtOWE3Ni05NWRkODc0YjUyZjRfMyIKfQ==", "workType": "Part Time", "isPrivateAdvertiser": false}, {"advertiser": {"id": "27493644", "description": "Aldi Stores"}, "automaticInclusion": false, "bulletPoints": [], "classification": {"id": "6043", "description": "Retail & Consumer Products"}, "companyName": "ALDI", "companyProfileStructuredDataId": 5197, "displayType": "standard", "listingDateDisplay": "22d ago", "location": "Horsham & Grampians", "locationId": 5064, "locationWhereValue": "Horsham & Grampians VIC", "id": 59532038, "isPremium": false, "isStandOut": false, "jobLocation": {"label": "Hamilton, Horsham & Grampians VIC", "countryCode": "AU", "seoHierarchy": [{"contextualName": "Hamilton VIC 3300"}, {"contextualName": "Horsham & Grampians VIC"}]}, "listingDate": "2022-12-20T05:56:22Z", "logo": {"id": "", "description": null}, "roleId": "retail-sales-assistant", "salary": "", "solMetadata": {"searchRequestToken": "e4652e57-cd05-48dc-b2dc-eb56b0f44a61", "token": "0~e4652e57-cd05-48dc-b2dc-eb56b0f44a61", "jobId": "59532038", "section": "MAIN", "sectionRank": 324, "jobAdType": "ORGANIC", "tags": {"mordor__flights": "mordor_123"}}, "subClassification": {"id": "6050", "description": "Retail Assistants"}, "suburb": "Hamilton", "suburbId": 23002, "suburbWhereValue": "Hamilton VIC 3300", "teaser": "Whether they\u2019re racing to fill shelves or scanning through customers, our Retail Assistants can do everything and anything.", "title": "Retail Assistant - Hamilton", "tracking": "ewogICJ0b2tlbiI6ICJlNTBjNjgxZC1iNmZlLTk4MTEtOWE3Ni05NWRkODc0YjUyZjRfNCIKfQ==", "workType": "Part Time", "isPrivateAdvertiser": false}, {"advertiser": {"id": "27493644", "description": "Aldi Stores"}, "automaticInclusion": false, "bulletPoints": [], "classification": {"id": "6043", "description": "Retail & Consumer Products"}, "companyName": "ALDI", "companyProfileStructuredDataId": 5197, "displayType": "standard", "listingDateDisplay": "26d ago", "location": "Gold Coast", "locationId": 1005, "locationWhereValue": "All Gold Coast QLD", "id": 59507011, "isPremium": false, "isStandOut": false, "jobLocation": {"label": "Hope Island, Gold Coast QLD", "countryCode": "AU", "seoHierarchy": [{"contextualName": "Hope Island QLD 4212"}, {"contextualName": "All Gold Coast QLD"}]}, "listingDate": "2022-12-16T03:14:43Z", "logo": {"id": "", "description": null}, "roleId": "retail-sales-assistant", "salary": "", "solMetadata": {"searchRequestToken": "e4652e57-cd05-48dc-b2dc-eb56b0f44a61", "token": "0~e4652e57-cd05-48dc-b2dc-eb56b0f44a61", "jobId": "59507011", "section": "MAIN", "sectionRank": 325, "jobAdType": "ORGANIC", "tags": {"mordor__flights": "mordor_123"}}, "subClassification": {"id": "6050", "description": "Retail Assistants"}, "suburb": "Hope Island", "suburbId": 23346, "suburbWhereValue": "Hope Island QLD 4212", "teaser": "Whether they\u2019re racing to fill shelves or scanning through customers, our Retail Assistants can do everything and anything.", "title": "Retail Assistant - Hope Island/ Oxenford - 20 hours p/w", "tracking": "ewogICJ0b2tlbiI6ICJlNTBjNjgxZC1iNmZlLTk4MTEtOWE3Ni05NWRkODc0YjUyZjRfNSIKfQ==", "workType": "Part Time", "isPrivateAdvertiser": false}, {"advertiser": {"id": "27493644", "description": "Aldi Stores"}, "automaticInclusion": false, "bulletPoints": [], "classification": {"id": "6043", "description": "Retail & Consumer Products"}, "companyName": "ALDI", "companyProfileStructuredDataId": 5197, "displayType": "standard", "listingDateDisplay": "27d ago", "location": "Southern Highlands & Tablelands", "locationId": 5035, "locationWhereValue": "Southern Highlands & Tablelands NSW", "id": 59493409, "isPremium": false, "isStandOut": false, "jobLocation": {"label": "Bowral, Southern Highlands & Tablelands NSW", "countryCode": "AU", "seoHierarchy": [{"contextualName": "Bowral NSW 2576"}, {"contextualName": "Southern Highlands & Tablelands NSW"}]}, "listingDate": "2022-12-14T23:32:32Z", "logo": {"id": "", "description": null}, "roleId": "retail-sales-assistant", "salary": "Fast Paced, Team Environment, Permanent Part Time.", "solMetadata": {"searchRequestToken": "e4652e57-cd05-48dc-b2dc-eb56b0f44a61", "token": "0~e4652e57-cd05-48dc-b2dc-eb56b0f44a61", "jobId": "59493409", "section": "MAIN", "sectionRank": 326, "jobAdType": "ORGANIC", "tags": {"mordor__flights": "mordor_123"}}, "subClassification": {"id": "6050", "description": "Retail Assistants"}, "suburb": "Bowral", "suburbId": 17957, "suburbWhereValue": "Bowral NSW 2576", "teaser": "Whether they\u2019re racing to fill shelves or scanning through customers, our Retail Assistants can do everything and anything.", "title": "Retail Assistant - Bowral and Moss Vale -  20 hours p/w", "tracking": "ewogICJ0b2tlbiI6ICJlNTBjNjgxZC1iNmZlLTk4MTEtOWE3Ni05NWRkODc0YjUyZjRfNiIKfQ==", "workType": "Part Time", "isPrivateAdvertiser": false}, {"advertiser": {"id": "27493644", "description": "Aldi Stores"}, "automaticInclusion": false, "bulletPoints": [], "classification": {"id": "6043", "description": "Retail & Consumer Products"}, "companyName": "ALDI", "companyProfileStructuredDataId": 5197, "displayType": "standard", "listingDateDisplay": "14d ago", "location": "Bunbury & South West", "locationId": 5047, "locationWhereValue": "Bunbury & South West WA", "id": 59570911, "isPremium": false, "isStandOut": false, "jobLocation": {"label": "Bunbury, Bunbury & South West WA", "countryCode": "AU", "seoHierarchy": [{"contextualName": "Bunbury WA 6230"}, {"contextualName": "Bunbury & South West WA"}]}, "listingDate": "2022-12-28T03:40:12Z", "logo": {"id": "", "description": null}, "roleId": "assistant-store-manager", "salary": "", "solMetadata": {"searchRequestToken": "e4652e57-cd05-48dc-b2dc-eb56b0f44a61", "token": "0~e4652e57-cd05-48dc-b2dc-eb56b0f44a61", "jobId": "59570911", "section": "MAIN", "sectionRank": 327, "jobAdType": "ORGANIC", "tags": {"mordor__flights": "mordor_123"}}, "subClassification": {"id": "6047", "description": "Management - Store"}, "suburb": "Bunbury", "suburbId": 22156, "suburbWhereValue": "Bunbury WA 6230", "teaser": "Whether it\u2019s managing rosters or cleaning up a spill in aisle 3, our Assistant Store Managers always lead from the front.", "title": "Assistant Store Manager - Bunbury / Australind - 45 Hours", "tracking": "ewogICJ0b2tlbiI6ICJlNTBjNjgxZC1iNmZlLTk4MTEtOWE3Ni05NWRkODc0YjUyZjRfNyIKfQ==", "workType": "Full Time", "isPrivateAdvertiser": false}, {"advertiser": {"id": "27493644", "description": "Aldi Stores"}, "automaticInclusion": false, "bulletPoints": [], "classification": {"id": "6043", "description": "Retail & Consumer Products"}, "companyName": "ALDI", "companyProfileStructuredDataId": 5197, "displayType": "standard", "listingDateDisplay": "27d ago", "location": "Sunshine Coast", "locationId": 5002, "locationWhereValue": "Sunshine Coast QLD", "id": 59500732, "isPremium": false, "isStandOut": false, "jobLocation": {"label": "Maroochydore, Sunshine Coast QLD", "countryCode": "AU", "seoHierarchy": [{"contextualName": "Maroochydore QLD 4558"}, {"contextualName": "Sunshine Coast QLD"}]}, "listingDate": "2022-12-15T10:32:54Z", "logo": {"id": "", "description": null}, "roleId": "retail-sales-assistant", "salary": "", "solMetadata": {"searchRequestToken": "e4652e57-cd05-48dc-b2dc-eb56b0f44a61", "token": "0~e4652e57-cd05-48dc-b2dc-eb56b0f44a61", "jobId": "59500732", "section": "MAIN", "sectionRank": 328, "jobAdType": "ORGANIC", "tags": {"mordor__flights": "mordor_123"}}, "subClassification": {"id": "6050", "description": "Retail Assistants"}, "suburb": "Maroochydore", "suburbId": 18419, "suburbWhereValue": "Maroochydore QLD 4558", "teaser": "Whether they\u2019re racing to fill shelves or scanning through customers, our Retail Assistants can do everything and anything.", "title": "Retail Assistant - Maroochydore - 25 hours p/w", "tracking": "ewogICJ0b2tlbiI6ICJlNTBjNjgxZC1iNmZlLTk4MTEtOWE3Ni05NWRkODc0YjUyZjRfOCIKfQ==", "workType": "Part Time", "isPrivateAdvertiser": false}, {"advertiser": {"id": "27493644", "description": "Aldi Stores"}, "automaticInclusion": false, "bulletPoints": [], "classification": {"id": "6043", "description": "Retail & Consumer Products"}, "companyName": "ALDI", "companyProfileStructuredDataId": 5197, "displayType": "standard", "listingDateDisplay": "14d ago", "location": "Dubbo & Central NSW", "locationId": 5044, "locationWhereValue": "Dubbo & Central NSW", "id": 59568725, "isPremium": false, "isStandOut": false, "jobLocation": {"label": "Dubbo, Dubbo & Central NSW", "countryCode": "AU", "seoHierarchy": [{"contextualName": "Dubbo NSW 2830"}, {"contextualName": "Dubbo & Central NSW"}]}, "listingDate": "2022-12-27T22:01:10Z", "logo": {"id": "", "description": null}, "roleId": "store-manager", "salary": "$29.96 per hour + penalties / 5 weeks Annual Leave", "solMetadata": {"searchRequestToken": "e4652e57-cd05-48dc-b2dc-eb56b0f44a61", "token": "0~e4652e57-cd05-48dc-b2dc-eb56b0f44a61", "jobId": "59568725", "section": "MAIN", "sectionRank": 329, "jobAdType": "ORGANIC", "tags": {"mordor__flights": "mordor_123"}}, "subClassification": {"id": "6047", "description": "Management - Store"}, "suburb": "Dubbo", "suburbId": 15421, "suburbWhereValue": "Dubbo NSW 2830", "teaser": "From driving sales and controlling costs, to serving customers & training staff, our Duty Store Managers always lead from the front.", "title": "Duty Store Manager - DUBBO", "tracking": "ewogICJ0b2tlbiI6ICJlNTBjNjgxZC1iNmZlLTk4MTEtOWE3Ni05NWRkODc0YjUyZjRfOSIKfQ==", "workType": "Part Time", "isPrivateAdvertiser": false}, {"advertiser": {"id": "27493644", "description": "Aldi Stores"}, "automaticInclusion": false, "bulletPoints": [], "classification": {"id": "6043", "description": "Retail & Consumer Products"}, "companyName": "ALDI", "companyProfileStructuredDataId": 5197, "displayType": "standard", "listingDateDisplay": "26d ago", "location": "Gold Coast", "locationId": 1005, "locationWhereValue": "All Gold Coast QLD", "id": 59506956, "isPremium": false, "isStandOut": false, "jobLocation": {"label": "Burleigh Heads, Gold Coast QLD", "countryCode": "AU", "seoHierarchy": [{"contextualName": "Burleigh Heads QLD 4220"}, {"contextualName": "All Gold Coast QLD"}]}, "listingDate": "2022-12-16T03:10:39Z", "logo": {"id": "", "description": null}, "roleId": "retail-sales-assistant", "salary": "", "solMetadata": {"searchRequestToken": "e4652e57-cd05-48dc-b2dc-eb56b0f44a61", "token": "0~e4652e57-cd05-48dc-b2dc-eb56b0f44a61", "jobId": "59506956", "section": "MAIN", "sectionRank": 330, "jobAdType": "ORGANIC", "tags": {"mordor__flights": "mordor_123"}}, "subClassification": {"id": "6050", "description": "Retail Assistants"}, "suburb": "Burleigh Heads", "suburbId": 22241, "suburbWhereValue": "Burleigh Heads QLD 4220", "teaser": "Whether they\u2019re racing to fill shelves or scanning through customers, our Retail Assistants can do everything and anything.", "title": "Retail Assistant - Burleigh Heads - 20 hours p/w", "tracking": "ewogICJ0b2tlbiI6ICJlNTBjNjgxZC1iNmZlLTk4MTEtOWE3Ni05NWRkODc0YjUyZjRfMTAiCn0=", "workType": "Part Time", "isPrivateAdvertiser": false}, {"advertiser": {"id": "27493644", "description": "Aldi Stores"}, "automaticInclusion": false, "bulletPoints": [], "classification": {"id": "6043", "description": "Retail & Consumer Products"}, "companyName": "ALDI", "companyProfileStructuredDataId": 5197, "displayType": "standard", "listingDateDisplay": "26d ago", "location": "Coffs Harbour & North Coast", "locationId": 5043, "locationWhereValue": "Coffs Harbour & North Coast NSW", "id": 59506791, "isPremium": false, "isStandOut": false, "jobLocation": {"label": "Coffs Harbour, Coffs Harbour & North Coast NSW", "countryCode": "AU", "seoHierarchy": [{"contextualName": "Coffs Harbour NSW 2450"}, {"contextualName": "Coffs Harbour & North Coast NSW"}]}, "listingDate": "2022-12-16T02:58:29Z", "logo": {"id": "", "description": null}, "roleId": "retail-sales-assistant", "salary": "", "solMetadata": {"searchRequestToken": "e4652e57-cd05-48dc-b2dc-eb56b0f44a61", "token": "0~e4652e57-cd05-48dc-b2dc-eb56b0f44a61", "jobId": "59506791", "section": "MAIN", "sectionRank": 331, "jobAdType": "ORGANIC", "tags": {"mordor__flights": "mordor_123"}}, "subClassification": {"id": "6050", "description": "Retail Assistants"}, "suburb": "Coffs Harbour", "suburbId": 14426, "suburbWhereValue": "Coffs Harbour NSW 2450", "teaser": "Whether they\u2019re racing to fill shelves or scanning through customers, our Retail Assistants can do everything and anything.", "title": "Retail Assistant - Coffs Harbour/ Toormina/ Moonee Beach - 20 hours p/w", "tracking": "ewogICJ0b2tlbiI6ICJlNTBjNjgxZC1iNmZlLTk4MTEtOWE3Ni05NWRkODc0YjUyZjRfMTEiCn0=", "workType": "Part Time", "isPrivateAdvertiser": false}, {"advertiser": {"id": "27493644", "description": "Aldi Stores"}, "automaticInclusion": false, "bulletPoints": [], "classification": {"id": "6043", "description": "Retail & Consumer Products"}, "companyName": "ALDI", "companyProfileStructuredDataId": 5197, "displayType": "standard", "listingDateDisplay": "26d ago", "location": "Lismore & Far North Coast", "locationId": 5036, "locationWhereValue": "Lismore & Far North Coast NSW", "id": 59503910, "isPremium": false, "isStandOut": false, "jobLocation": {"label": "Byron Bay, Lismore & Far North Coast NSW", "countryCode": "AU", "seoHierarchy": [{"contextualName": "Byron Bay NSW 2481"}, {"contextualName": "Lismore & Far North Coast NSW"}]}, "listingDate": "2022-12-16T00:02:02Z", "logo": {"id": "", "description": null}, "roleId": "retail-sales-assistant", "salary": "", "solMetadata": {"searchRequestToken": "e4652e57-cd05-48dc-b2dc-eb56b0f44a61", "token": "0~e4652e57-cd05-48dc-b2dc-eb56b0f44a61", "jobId": "59503910", "section": "MAIN", "sectionRank": 332, "jobAdType": "ORGANIC", "tags": {"mordor__flights": "mordor_123"}}, "subClassification": {"id": "6050", "description": "Retail Assistants"}, "suburb": "Byron Bay", "suburbId": 22343, "suburbWhereValue": "Byron Bay NSW 2481", "teaser": "Whether they\u2019re racing to fill shelves or scanning through customers, our Retail Assistants can do everything and anything.", "title": "BYRON BAY Retail Assistant", "tracking": "ewogICJ0b2tlbiI6ICJlNTBjNjgxZC1iNmZlLTk4MTEtOWE3Ni05NWRkODc0YjUyZjRfMTIiCn0=", "workType": "Part Time", "isPrivateAdvertiser": false}, {"advertiser": {"id": "27493644", "description": "Aldi Stores"}, "area": "North Shore & Northern Beaches", "areaId": 5028, "areaWhereValue": "North Shore & Northern Beaches Sydney NSW", "automaticInclusion": false, "bulletPoints": [], "classification": {"id": "6043", "description": "Retail & Consumer Products"}, "companyName": "ALDI", "companyProfileStructuredDataId": 5197, "displayType": "standard", "listingDateDisplay": "23d ago", "location": "Sydney", "locationId": 1000, "locationWhereValue": "All Sydney NSW", "id": 59515519, "isPremium": false, "isStandOut": false, "jobLocation": {"label": "North Sydney, Sydney NSW", "countryCode": "AU", "seoHierarchy": [{"contextualName": "North Sydney NSW 2060"}, {"contextualName": "All Sydney NSW"}]}, "listingDate": "2022-12-18T23:13:58Z", "logo": {"id": "", "description": null}, "roleId": "store-manager", "salary": "", "solMetadata": {"searchRequestToken": "e4652e57-cd05-48dc-b2dc-eb56b0f44a61", "token": "0~e4652e57-cd05-48dc-b2dc-eb56b0f44a61", "jobId": "59515519", "section": "MAIN", "sectionRank": 333, "jobAdType": "ORGANIC", "tags": {"mordor__flights": "mordor_123"}}, "subClassification": {"id": "6047", "description": "Management - Store"}, "suburb": "North Sydney", "suburbId": 24000, "suburbWhereValue": "North Sydney NSW 2060", "teaser": "From driving sales targets to supervising the training and development of a close-knit team, the role of an ALDI Store Manager is diverse and dynamic.", "title": "Store Manager- North Shore/Northern Beaches Sydney- 40 Hours/Week", "tracking": "ewogICJ0b2tlbiI6ICJlNTBjNjgxZC1iNmZlLTk4MTEtOWE3Ni05NWRkODc0YjUyZjRfMTMiCn0=", "workType": "Full Time", "isPrivateAdvertiser": false}, {"advertiser": {"id": "27493644", "description": "Aldi Stores"}, "area": "Ryde & Macquarie Park", "areaId": 5031, "areaWhereValue": "Ryde & Macquarie Park Sydney NSW", "automaticInclusion": false, "bulletPoints": [], "classification": {"id": "6043", "description": "Retail & Consumer Products"}, "companyName": "ALDI", "companyProfileStructuredDataId": 5197, "displayType": "standard", "listingDateDisplay": "23d ago", "location": "Sydney", "locationId": 1000, "locationWhereValue": "All Sydney NSW", "id": 59514653, "isPremium": false, "isStandOut": false, "jobLocation": {"label": "Ryde, Sydney NSW", "countryCode": "AU", "seoHierarchy": [{"contextualName": "Ryde NSW 2112"}, {"contextualName": "All Sydney NSW"}]}, "listingDate": "2022-12-18T22:13:41Z", "logo": {"id": "", "description": null}, "roleId": "store-manager", "salary": "", "solMetadata": {"searchRequestToken": "e4652e57-cd05-48dc-b2dc-eb56b0f44a61", "token": "0~e4652e57-cd05-48dc-b2dc-eb56b0f44a61", "jobId": "59514653", "section": "MAIN", "sectionRank": 334, "jobAdType": "ORGANIC", "tags": {"mordor__flights": "mordor_123"}}, "subClassification": {"id": "6047", "description": "Management - Store"}, "suburb": "Ryde", "suburbId": 12599, "suburbWhereValue": "Ryde NSW 2112", "teaser": "From driving sales targets to supervising the training and development of a close-knit team, the role of an ALDI Store Manager is diverse and dynamic.", "title": "Store Manager - Top Ryde", "tracking": "ewogICJ0b2tlbiI6ICJlNTBjNjgxZC1iNmZlLTk4MTEtOWE3Ni05NWRkODc0YjUyZjRfMTQiCn0=", "workType": "Full Time", "isPrivateAdvertiser": false}, {"advertiser": {"id": "27493644", "description": "Aldi Stores"}, "automaticInclusion": false, "bulletPoints": [], "classification": {"id": "6043", "description": "Retail & Consumer Products"}, "companyName": "ALDI", "companyProfileStructuredDataId": 5197, "displayType": "standard", "listingDateDisplay": "5d ago", "location": "Toowoomba & Darling Downs", "locationId": 5016, "locationWhereValue": "Toowoomba & Darling Downs QLD", "id": 59627165, "isPremium": false, "isStandOut": false, "jobLocation": {"label": "Stanthorpe, Toowoomba & Darling Downs QLD", "countryCode": "AU", "seoHierarchy": [{"contextualName": "Stanthorpe QLD 4380"}, {"contextualName": "Toowoomba & Darling Downs QLD"}]}, "listingDate": "2023-01-06T04:18:20Z", "logo": {"id": "", "description": null}, "roleId": "store-manager", "salary": "", "solMetadata": {"searchRequestToken": "e4652e57-cd05-48dc-b2dc-eb56b0f44a61", "token": "0~e4652e57-cd05-48dc-b2dc-eb56b0f44a61", "jobId": "59627165", "section": "MAIN", "sectionRank": 335, "jobAdType": "ORGANIC", "tags": {"mordor__flights": "mordor_123"}}, "subClassification": {"id": "6047", "description": "Management - Store"}, "suburb": "Stanthorpe", "suburbId": 16107, "suburbWhereValue": "Stanthorpe QLD 4380", "teaser": "From driving sales and controlling costs, to serving customers & training staff, our Duty Store Managers always lead from the front.", "title": "Duty Store Manager (DSM) - Stanthorpe", "tracking": "ewogICJ0b2tlbiI6ICJlNTBjNjgxZC1iNmZlLTk4MTEtOWE3Ni05NWRkODc0YjUyZjRfMTUiCn0=", "workType": "Part Time", "isPrivateAdvertiser": false}, {"advertiser": {"id": "27493644", "description": "Aldi Stores"}, "area": "North Shore & Northern Beaches", "areaId": 5028, "areaWhereValue": "North Shore & Northern Beaches Sydney NSW", "automaticInclusion": false, "bulletPoints": [], "classification": {"id": "6043", "description": "Retail & Consumer Products"}, "companyName": "ALDI", "companyProfileStructuredDataId": 5197, "displayType": "standard", "listingDateDisplay": "20d ago", "location": "Sydney", "locationId": 1000, "locationWhereValue": "All Sydney NSW", "id": 59547600, "isPremium": false, "isStandOut": false, "jobLocation": {"label": "Dee Why, Sydney NSW", "countryCode": "AU", "seoHierarchy": [{"contextualName": "Dee Why NSW 2099"}, {"contextualName": "All Sydney NSW"}]}, "listingDate": "2022-12-21T23:38:40Z", "logo": {"id": "", "description": null}, "roleId": "store-manager", "salary": "", "solMetadata": {"searchRequestToken": "e4652e57-cd05-48dc-b2dc-eb56b0f44a61", "token": "0~e4652e57-cd05-48dc-b2dc-eb56b0f44a61", "jobId": "59547600", "section": "MAIN", "sectionRank": 336, "jobAdType": "ORGANIC", "tags": {"mordor__flights": "mordor_123"}}, "subClassification": {"id": "6047", "description": "Management - Store"}, "suburb": "Dee Why", "suburbId": 15167, "suburbWhereValue": "Dee Why NSW 2099", "teaser": "From driving sales and controlling costs, to serving customers & training staff, our Duty Store Managers always lead from the front.", "title": "Duty Store Manager - Dee Why", "tracking": "ewogICJ0b2tlbiI6ICJlNTBjNjgxZC1iNmZlLTk4MTEtOWE3Ni05NWRkODc0YjUyZjRfMTYiCn0=", "workType": "Part Time", "isPrivateAdvertiser": false}, {"advertiser": {"id": "27493644", "description": "Aldi Stores"}, "automaticInclusion": false, "bulletPoints": [], "classification": {"id": "6043", "description": "Retail & Consumer Products"}, "companyName": "ALDI", "companyProfileStructuredDataId": 5197, "displayType": "standard", "listingDateDisplay": "23d ago", "location": "Coffs Harbour & North Coast", "locationId": 5043, "locationWhereValue": "Coffs Harbour & North Coast NSW", "id": 59519189, "isPremium": false, "isStandOut": false, "jobLocation": {"label": "Grafton, Coffs Harbour & North Coast NSW", "countryCode": "AU", "seoHierarchy": [{"contextualName": "Grafton NSW 2460"}, {"contextualName": "Coffs Harbour & North Coast NSW"}]}, "listingDate": "2022-12-19T02:47:54Z", "logo": {"id": "", "description": null}, "roleId": "retail-sales-assistant", "salary": "", "solMetadata": {"searchRequestToken": "e4652e57-cd05-48dc-b2dc-eb56b0f44a61", "token": "0~e4652e57-cd05-48dc-b2dc-eb56b0f44a61", "jobId": "59519189", "section": "MAIN", "sectionRank": 337, "jobAdType": "ORGANIC", "tags": {"mordor__flights": "mordor_123"}}, "subClassification": {"id": "6050", "description": "Retail Assistants"}, "suburb": "Grafton", "suburbId": 21059, "suburbWhereValue": "Grafton NSW 2460", "teaser": "Whether they\u2019re racing to fill shelves or scanning through customers, our Retail Assistants can do everything and anything.", "title": "Retail Assistant- Grafton - 20 hours p/w", "tracking": "ewogICJ0b2tlbiI6ICJlNTBjNjgxZC1iNmZlLTk4MTEtOWE3Ni05NWRkODc0YjUyZjRfMTciCn0=", "workType": "Part Time", "isPrivateAdvertiser": false}, {"advertiser": {"id": "27493644", "description": "Aldi Stores"}, "automaticInclusion": false, "bulletPoints": [], "classification": {"id": "6043", "description": "Retail & Consumer Products"}, "companyName": "ALDI", "companyProfileStructuredDataId": 5197, "displayType": "standard", "listingDateDisplay": "13d ago", "location": "Wagga Wagga & Riverina", "locationId": 5037, "locationWhereValue": "Wagga Wagga & Riverina NSW", "id": 59576130, "isPremium": false, "isStandOut": false, "jobLocation": {"label": "Wagga Wagga, Wagga Wagga & Riverina NSW", "countryCode": "AU", "seoHierarchy": [{"contextualName": "Wagga Wagga NSW 2650"}, {"contextualName": "Wagga Wagga & Riverina NSW"}]}, "listingDate": "2022-12-29T10:08:59Z", "logo": {"id": "", "description": null}, "roleId": "store-manager", "salary": "", "solMetadata": {"searchRequestToken": "e4652e57-cd05-48dc-b2dc-eb56b0f44a61", "token": "0~e4652e57-cd05-48dc-b2dc-eb56b0f44a61", "jobId": "59576130", "section": "MAIN", "sectionRank": 338, "jobAdType": "ORGANIC", "tags": {"mordor__flights": "mordor_123"}}, "subClassification": {"id": "6047", "description": "Management - Store"}, "suburb": "Wagga Wagga", "suburbId": 21637, "suburbWhereValue": "Wagga Wagga NSW 2650", "teaser": "From driving sales and controlling costs, to serving customers & training staff, our Duty Store Managers always lead from the front.", "title": "Duty Store Manager - Wagga Wagga", "tracking": "ewogICJ0b2tlbiI6ICJlNTBjNjgxZC1iNmZlLTk4MTEtOWE3Ni05NWRkODc0YjUyZjRfMTgiCn0=", "workType": "Full Time", "isPrivateAdvertiser": false}, {"advertiser": {"id": "27493644", "description": "Aldi Stores"}, "automaticInclusion": false, "bulletPoints": [], "classification": {"id": "6043", "description": "Retail & Consumer Products"}, "companyName": "ALDI", "companyProfileStructuredDataId": 5197, "displayType": "standard", "listingDateDisplay": "24d ago", "location": "Shepparton & Goulburn Valley", "locationId": 5078, "locationWhereValue": "Shepparton & Goulburn Valley VIC", "id": 59513535, "isPremium": false, "isStandOut": false, "jobLocation": {"label": "Echuca, Shepparton & Goulburn Valley VIC", "countryCode": "AU", "seoHierarchy": [{"contextualName": "Echuca VIC 3564"}, {"contextualName": "Shepparton & Goulburn Valley VIC"}]}, "listingDate": "2022-12-18T10:13:11Z", "logo": {"id": "", "description": null}, "roleId": "retail-sales-assistant", "salary": "", "solMetadata": {"searchRequestToken": "e4652e57-cd05-48dc-b2dc-eb56b0f44a61", "token": "0~e4652e57-cd05-48dc-b2dc-eb56b0f44a61", "jobId": "59513535", "section": "MAIN", "sectionRank": 339, "jobAdType": "ORGANIC", "tags": {"mordor__flights": "mordor_123"}}, "subClassification": {"id": "6050", "description": "Retail Assistants"}, "suburb": "Echuca", "suburbId": 19916, "suburbWhereValue": "Echuca VIC 3564", "teaser": "Whether they\u2019re racing to fill shelves or scanning through customers, our Retail Assistants can do everything and anything.", "title": "Retail Assistant - Echuca", "tracking": "ewogICJ0b2tlbiI6ICJlNTBjNjgxZC1iNmZlLTk4MTEtOWE3Ni05NWRkODc0YjUyZjRfMTkiCn0=", "workType": "Part Time", "isPrivateAdvertiser": false}, {"advertiser": {"id": "27493644", "description": "Aldi Stores"}, "area": "North Shore & Northern Beaches", "areaId": 5028, "areaWhereValue": "North Shore & Northern Beaches Sydney NSW", "automaticInclusion": false, "bulletPoints": [], "classification": {"id": "6043", "description": "Retail & Consumer Products"}, "companyName": "ALDI", "companyProfileStructuredDataId": 5197, "displayType": "standard", "listingDateDisplay": "20d ago", "location": "Sydney", "locationId": 1000, "locationWhereValue": "All Sydney NSW", "id": 59547624, "isPremium": false, "isStandOut": false, "jobLocation": {"label": "Mona Vale, Sydney NSW", "countryCode": "AU", "seoHierarchy": [{"contextualName": "Mona Vale NSW 2103"}, {"contextualName": "All Sydney NSW"}]}, "listingDate": "2022-12-21T23:40:01Z", "logo": {"id": "", "description": null}, "roleId": "store-manager", "salary": "", "solMetadata": {"searchRequestToken": "e4652e57-cd05-48dc-b2dc-eb56b0f44a61", "token": "0~e4652e57-cd05-48dc-b2dc-eb56b0f44a61", "jobId": "59547624", "section": "MAIN", "sectionRank": 340, "jobAdType": "ORGANIC", "tags": {"mordor__flights": "mordor_123"}}, "subClassification": {"id": "6047", "description": "Management - Store"}, "suburb": "Mona Vale", "suburbId": 18945, "suburbWhereValue": "Mona Vale NSW 2103", "teaser": "From driving sales and controlling costs, to serving customers & training staff, our Duty Store Managers always lead from the front.", "title": "Duty Store Manager - Mona Vale/Warriewood", "tracking": "ewogICJ0b2tlbiI6ICJlNTBjNjgxZC1iNmZlLTk4MTEtOWE3Ni05NWRkODc0YjUyZjRfMjAiCn0=", "workType": "Part Time", "isPrivateAdvertiser": false}], "title": "Jobs in All Australia", "totalCount": 417, "paginationParameters": {"seekSelectAllPages": true, "hadPremiumListings": false}, "info": {"timeTaken": 57, "source": "JobSearch-sm", "experiment": "mordor_123"}, "userQueryId": "a3f7e6f85be73fd8fe2e3d5ea92001b7-7335003", "sortMode": [{"isActive": true, "name": "Relevance", "value": "KeywordRelevance"}, {"isActive": false, "name": "Date", "value": "ListedDate"}], "solMetadata": {"requestToken": "e4652e57-cd05-48dc-b2dc-eb56b0f44a61", "token": "0~e4652e57-cd05-48dc-b2dc-eb56b0f44a61", "sortMode": "RELEVANCE", "locations": ["seek-3000"], "locationDistance": 50, "employer": "ALDI", "pageSize": 20, "pageNumber": 17, "totalJobCount": 417, "tags": {"mordor__flights": "mordor_123", "chalice-search-api:solId": "c00c353f-a376-4b96-b397-16e262dbd3d3"}}, "location": {"matched": true, "whereId": 3000, "type": "Country", "suburbType": "rural", "description": "All Australia", "stateDescription": "", "locationId": 3000, "locationDescription": "", "areaId": 0, "areaDescription": "", "suburbParentDescription": ""}, "canonicalCompany": {"id": "5197", "description": "ALDI"}, "companySuggestion": {"search": {"keywords": "ALDI"}, "count": "461"}, "joraCrossLink": {"canCrossLink": false}, "searchParams": {"sitekey": "AU-Main", "sourcesystem": "houston", "userqueryid": "a3f7e6f85be73fd8fe2e3d5ea92001b7-7335003", "userid": "5959404e-631e-45a1-bb3b-2ae481757cf6", "usersessionid": "5959404e-631e-45a1-bb3b-2ae481757cf6", "eventcapturesessionid": "5959404e-631e-45a1-bb3b-2ae481757cf6", "where": "All Australia", "page": "17", "seekselectallpages": "true", "companyname": "ALDI", "include": "seodata", "solid": "c00c353f-a376-4b96-b397-16e262dbd3d3"}}