{"data": [{"advertiser": {"id": "27493644", "description": "Aldi Stores"}, "area": "CBD & Inner Suburbs", "areaId": 5069, "areaWhereValue": "Melbourne CBD & Inner Suburbs Melbourne VIC", "automaticInclusion": false, "bulletPoints": [], "classification": {"id": "6043", "description": "Retail & Consumer Products"}, "companyName": "ALDI", "companyProfileStructuredDataId": 5197, "displayType": "standard", "listingDateDisplay": "7d ago", "location": "Melbourne", "locationId": 1002, "locationWhereValue": "All Melbourne VIC", "id": 59598838, "isPremium": false, "isStandOut": false, "jobLocation": {"label": "Prahran, Melbourne VIC", "countryCode": "AU", "seoHierarchy": [{"contextualName": "Prahran VIC 3181"}, {"contextualName": "All Melbourne VIC"}]}, "listingDate": "2023-01-03T22:01:07Z", "logo": {"id": "", "description": null}, "roleId": "retail-sales-assistant", "salary": "", "solMetadata": {"searchRequestToken": "ac5082a3-b1cf-4b9b-b67c-7102bcfc5ce6", "token": "0~ac5082a3-b1cf-4b9b-b67c-7102bcfc5ce6", "jobId": "59598838", "section": "MAIN", "sectionRank": 41, "jobAdType": "ORGANIC", "tags": {"mordor__flights": "mordor_123"}}, "subClassification": {"id": "6050", "description": "Retail Assistants"}, "suburb": "Prahran", "suburbId": 11999, "suburbWhereValue": "Prahran VIC 3181", "teaser": "Whether they\u2019re racing to fill shelves or scanning through customers, our Retail Assistants can do everything and anything.", "title": "Retail Assistant - Prahran", "tracking": "ewogICJ0b2tlbiI6ICI0ZDkwMjVmYS1iM2IzLTk5NzAtYjcxMC1kYzA5MzJlMjQ1N2VfMSIKfQ==", "workType": "Part Time", "isPrivateAdvertiser": false}, {"advertiser": {"id": "27493644", "description": "Aldi Stores"}, "automaticInclusion": false, "bulletPoints": [], "classification": {"id": "6092", "description": "Manufacturing, Transport & Logistics"}, "companyName": "ALDI", "companyProfileStructuredDataId": 5197, "displayType": "standard", "listingDateDisplay": "3h ago", "location": "Gold Coast", "locationId": 1005, "locationWhereValue": "All Gold Coast QLD", "id": 59677080, "isPremium": false, "isStandOut": false, "jobLocation": {"label": "Stapylton, Gold Coast QLD", "countryCode": "AU", "seoHierarchy": [{"contextualName": "Stapylton QLD 4207"}, {"contextualName": "All Gold Coast QLD"}]}, "listingDate": "2023-01-11T00:38:03Z", "logo": {"id": "", "description": null}, "roleId": "warehouse-operator", "salary": "", "solMetadata": {"searchRequestToken": "ac5082a3-b1cf-4b9b-b67c-7102bcfc5ce6", "token": "0~ac5082a3-b1cf-4b9b-b67c-7102bcfc5ce6", "jobId": "59677080", "section": "MAIN", "sectionRank": 42, "jobAdType": "ORGANIC", "tags": {"mordor__flights": "mordor_123"}}, "subClassification": {"id": "6108", "description": "Warehousing, Storage & Distribution"}, "suburb": "Stapylton", "suburbId": 16111, "suburbWhereValue": "Stapylton QLD 4207", "teaser": "Our energetic Warehouse Pickers are responsible for accurately picking and dispatching goods, managing orders and controlling stock levels.", "title": "Warehouse Operator - Stapylton DC", "tracking": "ewogICJ0b2tlbiI6ICI0ZDkwMjVmYS1iM2IzLTk5NzAtYjcxMC1kYzA5MzJlMjQ1N2VfMiIKfQ==", "workType": "Part Time", "isPrivateAdvertiser": false}, {"advertiser": {"id": "27493644", "description": "Aldi Stores"}, "automaticInclusion": false, "bulletPoints": [], "classification": {"id": "6043", "description": "Retail & Consumer Products"}, "companyName": "ALDI", "companyProfileStructuredDataId": 5197, "displayType": "standard", "listingDateDisplay": "1d ago", "location": "Yarra Valley & High Country", "locationId": 5065, "locationWhereValue": "Yarra Valley & High Country VIC", "id": 59659656, "isPremium": false, "isStandOut": false, "jobLocation": {"label": "Wodonga, Yarra Valley & High Country VIC", "countryCode": "AU", "seoHierarchy": [{"contextualName": "Wodonga VIC 3690"}, {"contextualName": "Yarra Valley & High Country VIC"}]}, "listingDate": "2023-01-10T00:47:59Z", "logo": {"id": "", "description": null}, "roleId": "retail-sales-assistant", "salary": "", "solMetadata": {"searchRequestToken": "ac5082a3-b1cf-4b9b-b67c-7102bcfc5ce6", "token": "0~ac5082a3-b1cf-4b9b-b67c-7102bcfc5ce6", "jobId": "59659656", "section": "MAIN", "sectionRank": 43, "jobAdType": "ORGANIC", "tags": {"mordor__flights": "mordor_123"}}, "subClassification": {"id": "6050", "description": "Retail Assistants"}, "suburb": "Wodonga", "suburbId": 10333, "suburbWhereValue": "Wodonga VIC 3690", "teaser": "Whether they\u2019re racing to fill shelves or scanning through customers, our Retail Assistants can do everything and anything.", "title": "Retail Assistant - White Box Rise - 20 hours p/w", "tracking": "ewogICJ0b2tlbiI6ICI0ZDkwMjVmYS1iM2IzLTk5NzAtYjcxMC1kYzA5MzJlMjQ1N2VfMyIKfQ==", "workType": "Part Time", "isPrivateAdvertiser": false}, {"advertiser": {"id": "27493644", "description": "Aldi Stores"}, "automaticInclusion": false, "bulletPoints": [], "classification": {"id": "6043", "description": "Retail & Consumer Products"}, "companyName": "ALDI", "companyProfileStructuredDataId": 5197, "displayType": "standard", "listingDateDisplay": "20h ago", "location": "Mt Gambier & Limestone Coast", "locationId": 5022, "locationWhereValue": "Mt Gambier & Limestone Coast SA", "id": 59670092, "isPremium": false, "isStandOut": false, "jobLocation": {"label": "Mount Gambier, Mt Gambier & Limestone Coast SA", "countryCode": "AU", "seoHierarchy": [{"contextualName": "Mount Gambier SA 5290"}, {"contextualName": "Mt Gambier & Limestone Coast SA"}]}, "listingDate": "2023-01-10T07:07:03Z", "logo": {"id": "", "description": null}, "roleId": "retail-sales-assistant", "salary": "", "solMetadata": {"searchRequestToken": "ac5082a3-b1cf-4b9b-b67c-7102bcfc5ce6", "token": "0~ac5082a3-b1cf-4b9b-b67c-7102bcfc5ce6", "jobId": "59670092", "section": "MAIN", "sectionRank": 44, "jobAdType": "ORGANIC", "tags": {"mordor__flights": "mordor_123"}}, "subClassification": {"id": "6050", "description": "Retail Assistants"}, "suburb": "Mount Gambier", "suburbId": 19276, "suburbWhereValue": "Mount Gambier SA 5290", "teaser": "Whether they\u2019re racing to fill shelves or scanning through customers, our Retail Assistants can do everything and anything.", "title": "Retail Assistant - Mt Gambier", "tracking": "ewogICJ0b2tlbiI6ICI0ZDkwMjVmYS1iM2IzLTk5NzAtYjcxMC1kYzA5MzJlMjQ1N2VfNCIKfQ==", "workType": "Part Time", "isPrivateAdvertiser": false}, {"advertiser": {"id": "27493644", "description": "Aldi Stores"}, "automaticInclusion": false, "bulletPoints": [], "classification": {"id": "6043", "description": "Retail & Consumer Products"}, "companyName": "ALDI", "companyProfileStructuredDataId": 5197, "displayType": "standard", "listingDateDisplay": "4h ago", "location": "Lismore & Far North Coast", "locationId": 5036, "locationWhereValue": "Lismore & Far North Coast NSW", "id": 59675313, "isPremium": false, "isStandOut": false, "jobLocation": {"label": "Lismore, Lismore & Far North Coast NSW", "countryCode": "AU", "seoHierarchy": [{"contextualName": "Lismore NSW 2480"}, {"contextualName": "Lismore & Far North Coast NSW"}]}, "listingDate": "2023-01-10T23:27:44Z", "logo": {"id": "", "description": null}, "roleId": "retail-sales-assistant", "salary": "", "solMetadata": {"searchRequestToken": "ac5082a3-b1cf-4b9b-b67c-7102bcfc5ce6", "token": "0~ac5082a3-b1cf-4b9b-b67c-7102bcfc5ce6", "jobId": "59675313", "section": "MAIN", "sectionRank": 45, "jobAdType": "ORGANIC", "tags": {"mordor__flights": "mordor_123"}}, "subClassification": {"id": "6050", "description": "Retail Assistants"}, "suburb": "Lismore", "suburbId": 13796, "suburbWhereValue": "Lismore NSW 2480", "teaser": "Whether they\u2019re racing to fill shelves or scanning through customers, our Retail Assistants can do everything and anything.", "title": "Retail Assistant -  GOONELLABAH/LISMORE", "tracking": "ewogICJ0b2tlbiI6ICI0ZDkwMjVmYS1iM2IzLTk5NzAtYjcxMC1kYzA5MzJlMjQ1N2VfNSIKfQ==", "workType": "Part Time", "isPrivateAdvertiser": false}, {"advertiser": {"id": "27493644", "description": "Aldi Stores"}, "automaticInclusion": false, "bulletPoints": [], "classification": {"id": "6043", "description": "Retail & Consumer Products"}, "companyName": "ALDI", "companyProfileStructuredDataId": 5197, "displayType": "standard", "listingDateDisplay": "2d ago", "location": "Wollongong, Illawarra & South Coast", "locationId": 5038, "locationWhereValue": "Wollongong, Illawarra & South Coast NSW", "id": 59650315, "isPremium": false, "isStandOut": false, "jobLocation": {"label": "Narooma, Wollongong, Illawarra & South Coast NSW", "countryCode": "AU", "seoHierarchy": [{"contextualName": "Narooma NSW 2546"}, {"contextualName": "Wollongong, Illawarra & South Coast NSW"}]}, "listingDate": "2023-01-09T05:51:59Z", "logo": {"id": "", "description": null}, "roleId": "retail-sales-assistant", "salary": "", "solMetadata": {"searchRequestToken": "ac5082a3-b1cf-4b9b-b67c-7102bcfc5ce6", "token": "0~ac5082a3-b1cf-4b9b-b67c-7102bcfc5ce6", "jobId": "59650315", "section": "MAIN", "sectionRank": 46, "jobAdType": "ORGANIC", "tags": {"mordor__flights": "mordor_123"}}, "subClassification": {"id": "6050", "description": "Retail Assistants"}, "suburb": "Narooma", "suburbId": 19762, "suburbWhereValue": "Narooma NSW 2546", "teaser": "Whether they\u2019re racing to fill shelves or scanning through customers, our Retail Assistants can do everything and anything.", "title": "Retail Assistant - Narooma - 15-30 hours p/w", "tracking": "ewogICJ0b2tlbiI6ICI0ZDkwMjVmYS1iM2IzLTk5NzAtYjcxMC1kYzA5MzJlMjQ1N2VfNiIKfQ==", "workType": "Part Time", "isPrivateAdvertiser": false}, {"advertiser": {"id": "27493644", "description": "Aldi Stores"}, "area": "Eastern Suburbs", "areaId": 5071, "areaWhereValue": "Eastern Suburbs Melbourne VIC", "automaticInclusion": false, "bulletPoints": [], "classification": {"id": "6043", "description": "Retail & Consumer Products"}, "companyName": "ALDI", "companyProfileStructuredDataId": 5197, "displayType": "standard", "listingDateDisplay": "5d ago", "location": "Melbourne", "locationId": 1002, "locationWhereValue": "All Melbourne VIC", "id": 59630371, "isPremium": false, "isStandOut": false, "jobLocation": {"label": "Rowville, Melbourne VIC", "countryCode": "AU", "seoHierarchy": [{"contextualName": "Rowville VIC 3178"}, {"contextualName": "All Melbourne VIC"}]}, "listingDate": "2023-01-06T10:01:10Z", "logo": {"id": "", "description": null}, "roleId": "retail-sales-assistant", "salary": "", "solMetadata": {"searchRequestToken": "ac5082a3-b1cf-4b9b-b67c-7102bcfc5ce6", "token": "0~ac5082a3-b1cf-4b9b-b67c-7102bcfc5ce6", "jobId": "59630371", "section": "MAIN", "sectionRank": 47, "jobAdType": "ORGANIC", "tags": {"mordor__flights": "mordor_123"}}, "subClassification": {"id": "6050", "description": "Retail Assistants"}, "suburb": "Rowville", "suburbId": 12546, "suburbWhereValue": "Rowville VIC 3178", "teaser": "Whether they\u2019re racing to fill shelves or scanning through customers, our Retail Assistants can do everything and anything.", "title": "ALDI Retail Assistant - Dandenong/Rowville/Scoresby", "tracking": "ewogICJ0b2tlbiI6ICI0ZDkwMjVmYS1iM2IzLTk5NzAtYjcxMC1kYzA5MzJlMjQ1N2VfNyIKfQ==", "workType": "Part Time", "isPrivateAdvertiser": false}, {"advertiser": {"id": "27493644", "description": "Aldi Stores"}, "area": "Parramatta & Western Suburbs", "areaId": 5030, "areaWhereValue": "Parramatta & Western Suburbs Sydney NSW", "automaticInclusion": false, "bulletPoints": [], "classification": {"id": "6251", "description": "Administration & Office Support"}, "companyName": "ALDI", "companyProfileStructuredDataId": 5197, "displayType": "standard", "listingDateDisplay": "8d ago", "location": "Sydney", "locationId": 1000, "locationWhereValue": "All Sydney NSW", "id": 59593067, "isPremium": false, "isStandOut": false, "jobLocation": {"label": "Minchinbury, Sydney NSW", "countryCode": "AU", "seoHierarchy": [{"contextualName": "Minchinbury NSW 2770"}, {"contextualName": "All Sydney NSW"}]}, "listingDate": "2023-01-03T03:51:21Z", "logo": {"id": "", "description": null}, "roleId": "project-assistant", "salary": "$90,000 - $100,000 (inclusive of super)", "solMetadata": {"searchRequestToken": "ac5082a3-b1cf-4b9b-b67c-7102bcfc5ce6", "token": "0~ac5082a3-b1cf-4b9b-b67c-7102bcfc5ce6", "jobId": "59593067", "section": "MAIN", "sectionRank": 48, "jobAdType": "ORGANIC", "tags": {"mordor__flights": "mordor_123"}}, "subClassification": {"id": "6252", "description": "Administrative Assistants"}, "suburb": "Minchinbury", "suburbId": 18808, "suburbWhereValue": "Minchinbury NSW 2770", "teaser": "As a Project Assistant, you will assist in the project management and roll out of ad hoc projects within the National Supply Chain department.", "title": "Project Assistant - National Supply Chain", "tracking": "ewogICJ0b2tlbiI6ICI0ZDkwMjVmYS1iM2IzLTk5NzAtYjcxMC1kYzA5MzJlMjQ1N2VfOCIKfQ==", "workType": "Contract/Temp", "isPrivateAdvertiser": false}, {"advertiser": {"id": "27493644", "description": "Aldi Stores"}, "area": "Parramatta & Western Suburbs", "areaId": 5030, "areaWhereValue": "Parramatta & Western Suburbs Sydney NSW", "automaticInclusion": false, "bulletPoints": [], "classification": {"id": "6043", "description": "Retail & Consumer Products"}, "companyName": "ALDI", "companyProfileStructuredDataId": 5197, "displayType": "standard", "listingDateDisplay": "8d ago", "location": "Sydney", "locationId": 1000, "locationWhereValue": "All Sydney NSW", "id": 59584705, "isPremium": false, "isStandOut": false, "jobLocation": {"label": "Wentworthville, Sydney NSW", "countryCode": "AU", "seoHierarchy": [{"contextualName": "Wentworthville NSW 2145"}, {"contextualName": "All Sydney NSW"}]}, "listingDate": "2023-01-02T22:02:16Z", "logo": {"id": "", "description": null}, "roleId": "retail-sales-assistant", "salary": "", "solMetadata": {"searchRequestToken": "ac5082a3-b1cf-4b9b-b67c-7102bcfc5ce6", "token": "0~ac5082a3-b1cf-4b9b-b67c-7102bcfc5ce6", "jobId": "59584705", "section": "MAIN", "sectionRank": 49, "jobAdType": "ORGANIC", "tags": {"mordor__flights": "mordor_123"}}, "subClassification": {"id": "6050", "description": "Retail Assistants"}, "suburb": "Wentworthville", "suburbId": 22072, "suburbWhereValue": "Wentworthville NSW 2145", "teaser": "Whether they\u2019re racing to fill shelves or scanning through customers, our Retail Assistants can do everything and anything.", "title": "Retail Assistant - Wentworthville/ Guildford/ Parramatta", "tracking": "ewogICJ0b2tlbiI6ICI0ZDkwMjVmYS1iM2IzLTk5NzAtYjcxMC1kYzA5MzJlMjQ1N2VfOSIKfQ==", "workType": "Part Time", "isPrivateAdvertiser": false}, {"advertiser": {"id": "27493644", "description": "Aldi Stores"}, "area": "CBD & Inner Suburbs", "areaId": 5069, "areaWhereValue": "Melbourne CBD & Inner Suburbs Melbourne VIC", "automaticInclusion": false, "bulletPoints": [], "classification": {"id": "6043", "description": "Retail & Consumer Products"}, "companyName": "ALDI", "companyProfileStructuredDataId": 5197, "displayType": "standard", "listingDateDisplay": "7d ago", "location": "Melbourne", "locationId": 1002, "locationWhereValue": "All Melbourne VIC", "id": 59603896, "isPremium": false, "isStandOut": false, "jobLocation": {"label": "West Melbourne, Melbourne VIC", "countryCode": "AU", "seoHierarchy": [{"contextualName": "West Melbourne VIC 3003"}, {"contextualName": "All Melbourne VIC"}]}, "listingDate": "2023-01-04T02:45:06Z", "logo": {"id": "", "description": null}, "roleId": "retail-sales-assistant", "salary": "", "solMetadata": {"searchRequestToken": "ac5082a3-b1cf-4b9b-b67c-7102bcfc5ce6", "token": "0~ac5082a3-b1cf-4b9b-b67c-7102bcfc5ce6", "jobId": "59603896", "section": "MAIN", "sectionRank": 50, "jobAdType": "ORGANIC", "tags": {"mordor__flights": "mordor_123"}}, "subClassification": {"id": "6050", "description": "Retail Assistants"}, "suburb": "West Melbourne", "suburbId": 22129, "suburbWhereValue": "West Melbourne VIC 3003", "teaser": "Whether they\u2019re racing to fill shelves or scanning through customers, our Retail Assistants can do everything and anything.", "title": "Retail Assistant - West Melbourne", "tracking": "ewogICJ0b2tlbiI6ICI0ZDkwMjVmYS1iM2IzLTk5NzAtYjcxMC1kYzA5MzJlMjQ1N2VfMTAiCn0=", "workType": "Part Time", "isPrivateAdvertiser": false}, {"advertiser": {"id": "27493644", "description": "Aldi Stores"}, "automaticInclusion": false, "bulletPoints": [], "classification": {"id": "6043", "description": "Retail & Consumer Products"}, "companyName": "ALDI", "companyProfileStructuredDataId": 5197, "displayType": "standard", "listingDateDisplay": "2d ago", "location": "Canberra", "locationId": 1015, "locationWhereValue": "All Canberra ACT", "id": 59636288, "isPremium": false, "isStandOut": false, "jobLocation": {"label": "Macquarie, Canberra ACT", "countryCode": "AU", "seoHierarchy": [{"contextualName": "Macquarie ACT 2614"}, {"contextualName": "All Canberra ACT"}]}, "listingDate": "2023-01-08T22:08:51Z", "logo": {"id": "", "description": null}, "roleId": "retail-sales-assistant", "salary": "", "solMetadata": {"searchRequestToken": "ac5082a3-b1cf-4b9b-b67c-7102bcfc5ce6", "token": "0~ac5082a3-b1cf-4b9b-b67c-7102bcfc5ce6", "jobId": "59636288", "section": "MAIN", "sectionRank": 51, "jobAdType": "ORGANIC", "tags": {"mordor__flights": "mordor_123"}}, "subClassification": {"id": "6050", "description": "Retail Assistants"}, "suburb": "Macquarie", "suburbId": 14071, "suburbWhereValue": "Macquarie ACT 2614", "teaser": "Whether they\u2019re racing to fill shelves or scanning through customers, our Retail Assistants can do everything and anything.", "title": "JG - Retail Assistant - Macquarie 10.5 hours p/w", "tracking": "ewogICJ0b2tlbiI6ICI0ZDkwMjVmYS1iM2IzLTk5NzAtYjcxMC1kYzA5MzJlMjQ1N2VfMTEiCn0=", "workType": "Part Time", "isPrivateAdvertiser": false}, {"advertiser": {"id": "27493644", "description": "Aldi Stores"}, "automaticInclusion": false, "bulletPoints": [], "classification": {"id": "6043", "description": "Retail & Consumer Products"}, "companyName": "ALDI", "companyProfileStructuredDataId": 5197, "displayType": "standard", "listingDateDisplay": "4d ago", "location": "Ballarat & Central Highlands", "locationId": 5076, "locationWhereValue": "Ballarat & Central Highlands VIC", "id": 59631703, "isPremium": false, "isStandOut": false, "jobLocation": {"label": "Ballarat, Ballarat & Central Highlands VIC", "countryCode": "AU", "seoHierarchy": [{"contextualName": "Ballarat VIC 3350"}, {"contextualName": "Ballarat & Central Highlands VIC"}]}, "listingDate": "2023-01-07T02:20:29Z", "logo": {"id": "", "description": null}, "roleId": "retail-sales-assistant", "salary": "", "solMetadata": {"searchRequestToken": "ac5082a3-b1cf-4b9b-b67c-7102bcfc5ce6", "token": "0~ac5082a3-b1cf-4b9b-b67c-7102bcfc5ce6", "jobId": "59631703", "section": "MAIN", "sectionRank": 52, "jobAdType": "ORGANIC", "tags": {"mordor__flights": "mordor_123"}}, "subClassification": {"id": "6050", "description": "Retail Assistants"}, "suburb": "Ballarat", "suburbId": 16986, "suburbWhereValue": "Ballarat VIC 3350", "teaser": "Whether they\u2019re racing to fill shelves or scanning through customers, our Retail Assistants can do everything and anything.", "title": "Retail Assistant - ALDI Ballarat  15 to 35 hours per week", "tracking": "ewogICJ0b2tlbiI6ICI0ZDkwMjVmYS1iM2IzLTk5NzAtYjcxMC1kYzA5MzJlMjQ1N2VfMTIiCn0=", "workType": "Part Time", "isPrivateAdvertiser": false}, {"advertiser": {"id": "27493644", "description": "Aldi Stores"}, "automaticInclusion": false, "bulletPoints": [], "classification": {"id": "6043", "description": "Retail & Consumer Products"}, "companyName": "ALDI", "companyProfileStructuredDataId": 5197, "displayType": "standard", "listingDateDisplay": "5d ago", "location": "Mildura & Murray", "locationId": 5074, "locationWhereValue": "Mildura & Murray VIC", "id": 59628086, "isPremium": false, "isStandOut": false, "jobLocation": {"label": "Mildura, Mildura & Murray VIC", "countryCode": "AU", "seoHierarchy": [{"contextualName": "Mildura VIC 3500"}, {"contextualName": "Mildura & Murray VIC"}]}, "listingDate": "2023-01-06T05:06:00Z", "logo": {"id": "", "description": null}, "roleId": "retail-sales-assistant", "salary": "", "solMetadata": {"searchRequestToken": "ac5082a3-b1cf-4b9b-b67c-7102bcfc5ce6", "token": "0~ac5082a3-b1cf-4b9b-b67c-7102bcfc5ce6", "jobId": "59628086", "section": "MAIN", "sectionRank": 53, "jobAdType": "ORGANIC", "tags": {"mordor__flights": "mordor_123"}}, "subClassification": {"id": "6050", "description": "Retail Assistants"}, "suburb": "Mildura", "suburbId": 18745, "suburbWhereValue": "Mildura VIC 3500", "teaser": "Whether they\u2019re racing to fill shelves or scanning through customers, our Retail Assistants can do everything and anything.", "title": "Retail Assistant - Mildura", "tracking": "ewogICJ0b2tlbiI6ICI0ZDkwMjVmYS1iM2IzLTk5NzAtYjcxMC1kYzA5MzJlMjQ1N2VfMTMiCn0=", "workType": "Part Time", "isPrivateAdvertiser": false}, {"advertiser": {"id": "27493644", "description": "Aldi Stores"}, "automaticInclusion": false, "bulletPoints": [], "classification": {"id": "6043", "description": "Retail & Consumer Products"}, "companyName": "ALDI", "companyProfileStructuredDataId": 5197, "displayType": "standard", "listingDateDisplay": "2d ago", "location": "Gold Coast", "locationId": 1005, "locationWhereValue": "All Gold Coast QLD", "id": 59653019, "isPremium": false, "isStandOut": false, "jobLocation": {"label": "Miami, Gold Coast QLD", "countryCode": "AU", "seoHierarchy": [{"contextualName": "Miami QLD 4220"}, {"contextualName": "All Gold Coast QLD"}]}, "listingDate": "2023-01-09T12:01:10Z", "logo": {"id": "", "description": null}, "roleId": "retail-sales-assistant", "salary": "", "solMetadata": {"searchRequestToken": "ac5082a3-b1cf-4b9b-b67c-7102bcfc5ce6", "token": "0~ac5082a3-b1cf-4b9b-b67c-7102bcfc5ce6", "jobId": "59653019", "section": "MAIN", "sectionRank": 54, "jobAdType": "ORGANIC", "tags": {"mordor__flights": "mordor_123"}}, "subClassification": {"id": "6050", "description": "Retail Assistants"}, "suburb": "Miami", "suburbId": 18688, "suburbWhereValue": "Miami QLD 4220", "teaser": "Whether they\u2019re racing to fill shelves or scanning through customers, our Retail Assistants can do everything and anything.", "title": "Retail Assistant - 20 hours p/w - Miami/ Mermaid Waters", "tracking": "ewogICJ0b2tlbiI6ICI0ZDkwMjVmYS1iM2IzLTk5NzAtYjcxMC1kYzA5MzJlMjQ1N2VfMTQiCn0=", "workType": "Part Time", "isPrivateAdvertiser": false}, {"advertiser": {"id": "27493644", "description": "Aldi Stores"}, "area": "Northern Suburbs", "areaId": 5012, "areaWhereValue": "Northern Suburbs Brisbane QLD", "automaticInclusion": false, "bulletPoints": [], "classification": {"id": "6043", "description": "Retail & Consumer Products"}, "companyName": "ALDI", "companyProfileStructuredDataId": 5197, "displayType": "standard", "listingDateDisplay": "8d ago", "location": "Brisbane", "locationId": 1004, "locationWhereValue": "All Brisbane QLD", "id": 59585628, "isPremium": false, "isStandOut": false, "jobLocation": {"label": "North Lakes, Brisbane QLD", "countryCode": "AU", "seoHierarchy": [{"contextualName": "North Lakes QLD 4509"}, {"contextualName": "All Brisbane QLD"}]}, "listingDate": "2023-01-02T23:01:09Z", "logo": {"id": "", "description": null}, "roleId": "retail-sales-assistant", "salary": "", "solMetadata": {"searchRequestToken": "ac5082a3-b1cf-4b9b-b67c-7102bcfc5ce6", "token": "0~ac5082a3-b1cf-4b9b-b67c-7102bcfc5ce6", "jobId": "59585628", "section": "MAIN", "sectionRank": 55, "jobAdType": "ORGANIC", "tags": {"mordor__flights": "mordor_123"}}, "subClassification": {"id": "6050", "description": "Retail Assistants"}, "suburb": "North Lakes", "suburbId": 23965, "suburbWhereValue": "North Lakes QLD 4509", "teaser": "Whether they\u2019re racing to fill shelves or scanning through customers, our Retail Assistants can do everything and anything.", "title": "Retail Assistant - Kippa Ring / North Lakes Westfield", "tracking": "ewogICJ0b2tlbiI6ICI0ZDkwMjVmYS1iM2IzLTk5NzAtYjcxMC1kYzA5MzJlMjQ1N2VfMTUiCn0=", "workType": "Part Time", "isPrivateAdvertiser": false}, {"advertiser": {"id": "27493644", "description": "Aldi Stores"}, "area": "Bayside & South Eastern Suburbs", "areaId": 5070, "areaWhereValue": "Bayside & South Eastern Suburbs Melbourne VIC", "automaticInclusion": false, "bulletPoints": [], "classification": {"id": "6043", "description": "Retail & Consumer Products"}, "companyName": "ALDI", "companyProfileStructuredDataId": 5197, "displayType": "standard", "listingDateDisplay": "7d ago", "location": "Melbourne", "locationId": 1002, "locationWhereValue": "All Melbourne VIC", "id": 59608179, "isPremium": false, "isStandOut": false, "jobLocation": {"label": "Hampton Park, Melbourne VIC", "countryCode": "AU", "seoHierarchy": [{"contextualName": "Hampton Park VIC 3976"}, {"contextualName": "All Melbourne VIC"}]}, "listingDate": "2023-01-04T06:48:36Z", "logo": {"id": "", "description": null}, "roleId": "retail-sales-assistant", "salary": "", "solMetadata": {"searchRequestToken": "ac5082a3-b1cf-4b9b-b67c-7102bcfc5ce6", "token": "0~ac5082a3-b1cf-4b9b-b67c-7102bcfc5ce6", "jobId": "59608179", "section": "MAIN", "sectionRank": 56, "jobAdType": "ORGANIC", "tags": {"mordor__flights": "mordor_123"}}, "subClassification": {"id": "6050", "description": "Retail Assistants"}, "suburb": "Hampton Park", "suburbId": 23017, "suburbWhereValue": "Hampton Park VIC 3976", "teaser": "Whether they\u2019re racing to fill shelves or scanning through customers, our Retail Assistants can do everything and anything.", "title": "Retail Assistant - Hampton Park/Fountain Gate", "tracking": "ewogICJ0b2tlbiI6ICI0ZDkwMjVmYS1iM2IzLTk5NzAtYjcxMC1kYzA5MzJlMjQ1N2VfMTYiCn0=", "workType": "Part Time", "isPrivateAdvertiser": false}, {"advertiser": {"id": "27493644", "description": "Aldi Stores"}, "area": "Bayside & South Eastern Suburbs", "areaId": 5070, "areaWhereValue": "Bayside & South Eastern Suburbs Melbourne VIC", "automaticInclusion": false, "bulletPoints": [], "classification": {"id": "6043", "description": "Retail & Consumer Products"}, "companyName": "ALDI", "companyProfileStructuredDataId": 5197, "displayType": "standard", "listingDateDisplay": "7d ago", "location": "Melbourne", "locationId": 1002, "locationWhereValue": "All Melbourne VIC", "id": 59608241, "isPremium": false, "isStandOut": false, "jobLocation": {"label": "Berwick, Melbourne VIC", "countryCode": "AU", "seoHierarchy": [{"contextualName": "Berwick VIC 3806"}, {"contextualName": "All Melbourne VIC"}]}, "listingDate": "2023-01-04T06:55:54Z", "logo": {"id": "", "description": null}, "roleId": "retail-sales-assistant", "salary": "", "solMetadata": {"searchRequestToken": "ac5082a3-b1cf-4b9b-b67c-7102bcfc5ce6", "token": "0~ac5082a3-b1cf-4b9b-b67c-7102bcfc5ce6", "jobId": "59608241", "section": "MAIN", "sectionRank": 57, "jobAdType": "ORGANIC", "tags": {"mordor__flights": "mordor_123"}}, "subClassification": {"id": "6050", "description": "Retail Assistants"}, "suburb": "Berwick", "suburbId": 17457, "suburbWhereValue": "Berwick VIC 3806", "teaser": "Whether they\u2019re racing to fill shelves or scanning through customers, our Retail Assistants can do everything and anything.", "title": "Retail Assistant - Eden Rise ( Berwick )", "tracking": "ewogICJ0b2tlbiI6ICI0ZDkwMjVmYS1iM2IzLTk5NzAtYjcxMC1kYzA5MzJlMjQ1N2VfMTciCn0=", "workType": "Part Time", "isPrivateAdvertiser": false}, {"advertiser": {"id": "27493644", "description": "Aldi Stores"}, "automaticInclusion": false, "bulletPoints": [], "classification": {"id": "6043", "description": "Retail & Consumer Products"}, "companyName": "ALDI", "companyProfileStructuredDataId": 5197, "displayType": "standard", "listingDateDisplay": "1d ago", "location": "Northam & Wheatbelt", "locationId": 5046, "locationWhereValue": "Northam & Wheatbelt WA", "id": 59655153, "isPremium": false, "isStandOut": false, "jobLocation": {"label": "Northam, Northam & Wheatbelt WA", "countryCode": "AU", "seoHierarchy": [{"contextualName": "Northam WA 6401"}, {"contextualName": "Northam & Wheatbelt WA"}]}, "listingDate": "2023-01-09T22:01:36Z", "logo": {"id": "", "description": null}, "roleId": "retail-sales-assistant", "salary": "", "solMetadata": {"searchRequestToken": "ac5082a3-b1cf-4b9b-b67c-7102bcfc5ce6", "token": "0~ac5082a3-b1cf-4b9b-b67c-7102bcfc5ce6", "jobId": "59655153", "section": "MAIN", "sectionRank": 58, "jobAdType": "ORGANIC", "tags": {"mordor__flights": "mordor_123"}}, "subClassification": {"id": "6050", "description": "Retail Assistants"}, "suburb": "Northam", "suburbId": 24026, "suburbWhereValue": "Northam WA 6401", "teaser": "Whether they\u2019re racing to fill shelves or scanning through customers, our Retail Assistants can do everything and anything.", "title": "Retail Assistant - Northam - 15 hours pw", "tracking": "ewogICJ0b2tlbiI6ICI0ZDkwMjVmYS1iM2IzLTk5NzAtYjcxMC1kYzA5MzJlMjQ1N2VfMTgiCn0=", "workType": "Part Time", "isPrivateAdvertiser": false}, {"advertiser": {"id": "27493644", "description": "Aldi Stores"}, "area": "Parramatta & Western Suburbs", "areaId": 5030, "areaWhereValue": "Parramatta & Western Suburbs Sydney NSW", "automaticInclusion": false, "bulletPoints": [], "classification": {"id": "6317", "description": "Human Resources & Recruitment"}, "companyName": "ALDI", "companyProfileStructuredDataId": 5197, "displayType": "standard", "listingDateDisplay": "5d ago", "location": "Sydney", "locationId": 1000, "locationWhereValue": "All Sydney NSW", "id": 59628344, "isPremium": false, "isStandOut": false, "jobLocation": {"label": "Minchinbury, Sydney NSW", "countryCode": "AU", "seoHierarchy": [{"contextualName": "Minchinbury NSW 2770"}, {"contextualName": "All Sydney NSW"}]}, "listingDate": "2023-01-06T05:23:00Z", "logo": {"id": "", "description": null}, "roleId": "recruitment-consultant", "salary": "$90,000 - $100,000 (including super)", "solMetadata": {"searchRequestToken": "ac5082a3-b1cf-4b9b-b67c-7102bcfc5ce6", "token": "0~ac5082a3-b1cf-4b9b-b67c-7102bcfc5ce6", "jobId": "59628344", "section": "MAIN", "sectionRank": 59, "jobAdType": "ORGANIC", "tags": {"mordor__flights": "mordor_123"}}, "subClassification": {"id": "6325", "description": "Recruitment - Internal"}, "suburb": "Minchinbury", "suburbId": 18808, "suburbWhereValue": "Minchinbury NSW 2770", "teaser": "Provide recruitment support services to both Store Operations and Logistics nationwide", "title": "Operations Recruiter", "tracking": "ewogICJ0b2tlbiI6ICI0ZDkwMjVmYS1iM2IzLTk5NzAtYjcxMC1kYzA5MzJlMjQ1N2VfMTkiCn0=", "workType": "Contract/Temp", "isPrivateAdvertiser": false}, {"advertiser": {"id": "27493644", "description": "Aldi Stores"}, "area": "Parramatta & Western Suburbs", "areaId": 5030, "areaWhereValue": "Parramatta & Western Suburbs Sydney NSW", "automaticInclusion": false, "bulletPoints": [], "classification": {"id": "6043", "description": "Retail & Consumer Products"}, "companyName": "ALDI", "companyProfileStructuredDataId": 5197, "displayType": "standard", "listingDateDisplay": "13d ago", "location": "Sydney", "locationId": 1000, "locationWhereValue": "All Sydney NSW", "id": 59575341, "isPremium": false, "isStandOut": false, "jobLocation": {"label": "Mount Druitt, Sydney NSW", "countryCode": "AU", "seoHierarchy": [{"contextualName": "Mount Druitt NSW 2770"}, {"contextualName": "All Sydney NSW"}]}, "listingDate": "2022-12-29T04:47:10Z", "logo": {"id": "", "description": null}, "roleId": "retail-sales-assistant", "salary": "Fast Paced, Active Role! Permanent Part Time.", "solMetadata": {"searchRequestToken": "ac5082a3-b1cf-4b9b-b67c-7102bcfc5ce6", "token": "0~ac5082a3-b1cf-4b9b-b67c-7102bcfc5ce6", "jobId": "59575341", "section": "MAIN", "sectionRank": 60, "jobAdType": "ORGANIC", "tags": {"mordor__flights": "mordor_123"}}, "subClassification": {"id": "6050", "description": "Retail Assistants"}, "suburb": "Mount Druitt", "suburbId": 24378, "suburbWhereValue": "Mount Druitt NSW 2770", "teaser": "Whether they\u2019re racing to fill shelves or scanning through customers, our Retail Assistants can do everything and anything.", "title": "Retail Assistant - Mt Druitt", "tracking": "ewogICJ0b2tlbiI6ICI0ZDkwMjVmYS1iM2IzLTk5NzAtYjcxMC1kYzA5MzJlMjQ1N2VfMjAiCn0=", "workType": "Part Time", "isPrivateAdvertiser": false}], "title": "Jobs in All Australia", "totalCount": 417, "paginationParameters": {"seekSelectAllPages": true, "hadPremiumListings": false}, "info": {"timeTaken": 68, "source": "JobSearch-sm", "experiment": "mordor_123"}, "userQueryId": "a3f7e6f85be73fd8fe2e3d5ea92001b7-7335003", "sortMode": [{"isActive": true, "name": "Relevance", "value": "KeywordRelevance"}, {"isActive": false, "name": "Date", "value": "ListedDate"}], "solMetadata": {"requestToken": "ac5082a3-b1cf-4b9b-b67c-7102bcfc5ce6", "token": "0~ac5082a3-b1cf-4b9b-b67c-7102bcfc5ce6", "sortMode": "RELEVANCE", "locations": ["seek-3000"], "locationDistance": 50, "employer": "ALDI", "pageSize": 20, "pageNumber": 3, "totalJobCount": 417, "tags": {"mordor__flights": "mordor_123", "chalice-search-api:solId": "c00c353f-a376-4b96-b397-16e262dbd3d3"}}, "location": {"matched": true, "whereId": 3000, "type": "Country", "suburbType": "rural", "description": "All Australia", "stateDescription": "", "locationId": 3000, "locationDescription": "", "areaId": 0, "areaDescription": "", "suburbParentDescription": ""}, "canonicalCompany": {"id": "5197", "description": "ALDI"}, "companySuggestion": {"search": {"keywords": "ALDI"}, "count": "461"}, "joraCrossLink": {"canCrossLink": false}, "searchParams": {"sitekey": "AU-Main", "sourcesystem": "houston", "userqueryid": "a3f7e6f85be73fd8fe2e3d5ea92001b7-7335003", "userid": "5959404e-631e-45a1-bb3b-2ae481757cf6", "usersessionid": "5959404e-631e-45a1-bb3b-2ae481757cf6", "eventcapturesessionid": "5959404e-631e-45a1-bb3b-2ae481757cf6", "where": "All Australia", "page": "3", "seekselectallpages": "true", "companyname": "ALDI", "include": "seodata", "solid": "c00c353f-a376-4b96-b397-16e262dbd3d3"}}