{"data": [{"advertiser": {"id": "27493644", "description": "Aldi Stores"}, "automaticInclusion": false, "bulletPoints": [], "classification": {"id": "6043", "description": "Retail & Consumer Products"}, "companyName": "ALDI", "companyProfileStructuredDataId": 5197, "displayType": "standard", "listingDateDisplay": "19d ago", "location": "Tamworth & North West NSW", "locationId": 5042, "locationWhereValue": "Tamworth & North West NSW", "id": 59562601, "isPremium": false, "isStandOut": false, "jobLocation": {"label": "Gunnedah, Tamworth & North West NSW", "countryCode": "AU", "seoHierarchy": [{"contextualName": "Gunnedah NSW 2380"}, {"contextualName": "Tamworth & North West NSW"}]}, "listingDate": "2022-12-23T04:23:02Z", "logo": {"id": "", "description": null}, "roleId": "store-manager", "salary": "", "solMetadata": {"searchRequestToken": "fd00fed4-7e2c-4989-b858-3542be5a0a03", "token": "0~fd00fed4-7e2c-4989-b858-3542be5a0a03", "jobId": "59562601", "section": "MAIN", "sectionRank": 381, "jobAdType": "ORGANIC", "tags": {"mordor__flights": "mordor_123"}}, "subClassification": {"id": "6047", "description": "Management - Store"}, "suburb": "Gunnedah", "suburbId": 22911, "suburbWhereValue": "Gunnedah NSW 2380", "teaser": "From driving sales and controlling costs, to serving customers & training staff, our Shift Managers always lead from the front.", "title": "Duty Store Manager - Gunnedah", "tracking": "ewogICJ0b2tlbiI6ICJjNGNkMjdkZS1hOGNkLTlkY2ItYjdiOC1hOWYwMzAyNWI1ZjlfMSIKfQ==", "workType": "Part Time", "isPrivateAdvertiser": false}, {"advertiser": {"id": "27493644", "description": "Aldi Stores"}, "automaticInclusion": false, "bulletPoints": [], "classification": {"id": "6043", "description": "Retail & Consumer Products"}, "companyName": "ALDI", "companyProfileStructuredDataId": 5197, "displayType": "standard", "listingDateDisplay": "26d ago", "location": "Toowoomba & Darling Downs", "locationId": 5016, "locationWhereValue": "Toowoomba & Darling Downs QLD", "id": 59510396, "isPremium": false, "isStandOut": false, "jobLocation": {"label": "Warwick, Toowoomba & Darling Downs QLD", "countryCode": "AU", "seoHierarchy": [{"contextualName": "Warwick QLD 4370"}, {"contextualName": "Toowoomba & Darling Downs QLD"}]}, "listingDate": "2022-12-16T07:19:24Z", "logo": {"id": "", "description": null}, "roleId": "retail-sales-assistant", "salary": "", "solMetadata": {"searchRequestToken": "fd00fed4-7e2c-4989-b858-3542be5a0a03", "token": "0~fd00fed4-7e2c-4989-b858-3542be5a0a03", "jobId": "59510396", "section": "MAIN", "sectionRank": 382, "jobAdType": "ORGANIC", "tags": {"mordor__flights": "mordor_123"}}, "subClassification": {"id": "6050", "description": "Retail Assistants"}, "suburb": "Warwick", "suburbId": 21911, "suburbWhereValue": "Warwick QLD 4370", "teaser": "Whether they\u2019re racing to fill shelves or scanning through customers, our Retail Assistants can do everything and anything.", "title": "Retail Assistant - Warwick - 15/20 hours p/w", "tracking": "ewogICJ0b2tlbiI6ICJjNGNkMjdkZS1hOGNkLTlkY2ItYjdiOC1hOWYwMzAyNWI1ZjlfMiIKfQ==", "workType": "Part Time", "isPrivateAdvertiser": false}, {"advertiser": {"id": "27493644", "description": "Aldi Stores"}, "automaticInclusion": false, "bulletPoints": [], "classification": {"id": "6043", "description": "Retail & Consumer Products"}, "companyName": "ALDI", "companyProfileStructuredDataId": 5197, "displayType": "standard", "listingDateDisplay": "24d ago", "location": "Southern Highlands & Tablelands", "locationId": 5035, "locationWhereValue": "Southern Highlands & Tablelands NSW", "id": 59512880, "isPremium": false, "isStandOut": false, "jobLocation": {"label": "Bowral, Southern Highlands & Tablelands NSW", "countryCode": "AU", "seoHierarchy": [{"contextualName": "Bowral NSW 2576"}, {"contextualName": "Southern Highlands & Tablelands NSW"}]}, "listingDate": "2022-12-17T23:29:39Z", "logo": {"id": "", "description": null}, "roleId": "store-manager", "salary": "$29.96 + penalties", "solMetadata": {"searchRequestToken": "fd00fed4-7e2c-4989-b858-3542be5a0a03", "token": "0~fd00fed4-7e2c-4989-b858-3542be5a0a03", "jobId": "59512880", "section": "MAIN", "sectionRank": 383, "jobAdType": "ORGANIC", "tags": {"mordor__flights": "mordor_123"}}, "subClassification": {"id": "6047", "description": "Management - Store"}, "suburb": "Bowral", "suburbId": 17957, "suburbWhereValue": "Bowral NSW 2576", "teaser": "From driving sales and controlling costs, to serving customers & training staff, our Duty Store Managers always lead from the front.", "title": "Duty Store Manager -  Bowral/Moss Vale", "tracking": "ewogICJ0b2tlbiI6ICJjNGNkMjdkZS1hOGNkLTlkY2ItYjdiOC1hOWYwMzAyNWI1ZjlfMyIKfQ==", "workType": "Part Time", "isPrivateAdvertiser": false}, {"advertiser": {"id": "27493644", "description": "Aldi Stores"}, "area": "Southern Suburbs & Sutherland Shire", "areaId": 5032, "areaWhereValue": "Southern Suburbs & Sutherland Shire Sydney NSW", "automaticInclusion": false, "bulletPoints": [], "classification": {"id": "6043", "description": "Retail & Consumer Products"}, "companyName": "ALDI", "companyProfileStructuredDataId": 5197, "displayType": "standard", "listingDateDisplay": "30d+ ago", "location": "Sydney", "locationId": 1000, "locationWhereValue": "All Sydney NSW", "id": 59460369, "isPremium": false, "isStandOut": false, "jobLocation": {"label": "Wolli Creek, Sydney NSW", "countryCode": "AU", "seoHierarchy": [{"contextualName": "Wolli Creek NSW 2205"}, {"contextualName": "All Sydney NSW"}]}, "listingDate": "2022-12-11T22:16:01Z", "logo": {"id": "", "description": null}, "roleId": "store-manager", "salary": "", "solMetadata": {"searchRequestToken": "fd00fed4-7e2c-4989-b858-3542be5a0a03", "token": "0~fd00fed4-7e2c-4989-b858-3542be5a0a03", "jobId": "59460369", "section": "MAIN", "sectionRank": 384, "jobAdType": "ORGANIC", "tags": {"mordor__flights": "mordor_123"}}, "subClassification": {"id": "6047", "description": "Management - Store"}, "suburb": "Wolli Creek", "suburbId": 10343, "suburbWhereValue": "Wolli Creek NSW 2205", "teaser": "From driving sales and controlling costs, to serving customers & training staff, our Duty Store Managers always lead from the front.", "title": "Duty Store Manager", "tracking": "ewogICJ0b2tlbiI6ICJjNGNkMjdkZS1hOGNkLTlkY2ItYjdiOC1hOWYwMzAyNWI1ZjlfNCIKfQ==", "workType": "Full Time", "isPrivateAdvertiser": false}, {"advertiser": {"id": "27493644", "description": "Aldi Stores"}, "automaticInclusion": false, "bulletPoints": [], "classification": {"id": "6043", "description": "Retail & Consumer Products"}, "companyName": "ALDI", "companyProfileStructuredDataId": 5197, "displayType": "standard", "listingDateDisplay": "27d ago", "location": "Newcastle, Maitland & Hunter", "locationId": 5045, "locationWhereValue": "Newcastle, Maitland & Hunter NSW", "id": 59499200, "isPremium": false, "isStandOut": false, "jobLocation": {"label": "Hilldale, Newcastle, Maitland & Hunter NSW", "countryCode": "AU", "seoHierarchy": [{"contextualName": "Hilldale NSW 2420"}, {"contextualName": "Newcastle, Maitland & Hunter NSW"}]}, "listingDate": "2022-12-15T05:46:55Z", "logo": {"id": "", "description": null}, "roleId": "assistant-store-manager", "salary": "", "solMetadata": {"searchRequestToken": "fd00fed4-7e2c-4989-b858-3542be5a0a03", "token": "0~fd00fed4-7e2c-4989-b858-3542be5a0a03", "jobId": "59499200", "section": "MAIN", "sectionRank": 385, "jobAdType": "ORGANIC", "tags": {"mordor__flights": "mordor_123"}}, "subClassification": {"id": "6047", "description": "Management - Store"}, "suburb": "Hilldale", "suburbId": 23261, "suburbWhereValue": "Hilldale NSW 2420", "teaser": "Whether it\u2019s managing rosters or cleaning up a spill in aisle 3, our Assistant Store Managers always lead from the front.", "title": "Assistant Store Manager - Hillsdale", "tracking": "ewogICJ0b2tlbiI6ICJjNGNkMjdkZS1hOGNkLTlkY2ItYjdiOC1hOWYwMzAyNWI1ZjlfNSIKfQ==", "workType": "Full Time", "isPrivateAdvertiser": false}, {"advertiser": {"id": "27493644", "description": "Aldi Stores"}, "automaticInclusion": false, "bulletPoints": [], "classification": {"id": "6043", "description": "Retail & Consumer Products"}, "companyName": "ALDI", "companyProfileStructuredDataId": 5197, "displayType": "standard", "listingDateDisplay": "26d ago", "location": "Lismore & Far North Coast", "locationId": 5036, "locationWhereValue": "Lismore & Far North Coast NSW", "id": 59506946, "isPremium": false, "isStandOut": false, "jobLocation": {"label": "Tweed Heads South, Lismore & Far North Coast NSW", "countryCode": "AU", "seoHierarchy": [{"contextualName": "Tweed Heads South NSW 2486"}, {"contextualName": "Lismore & Far North Coast NSW"}]}, "listingDate": "2022-12-16T03:09:29Z", "logo": {"id": "", "description": null}, "roleId": "store-manager", "salary": "$29.96/hour + penalties", "solMetadata": {"searchRequestToken": "fd00fed4-7e2c-4989-b858-3542be5a0a03", "token": "0~fd00fed4-7e2c-4989-b858-3542be5a0a03", "jobId": "59506946", "section": "MAIN", "sectionRank": 386, "jobAdType": "ORGANIC", "tags": {"mordor__flights": "mordor_123"}}, "subClassification": {"id": "6046", "description": "Management - Department/Assistant"}, "suburb": "Tweed Heads South", "suburbId": 21365, "suburbWhereValue": "Tweed Heads South NSW 2486", "teaser": "From driving sales and controlling costs, to serving customers & training staff, our Duty Store Managers always lead from the front.", "title": "Duty Store Manager- ALDI Tweed Heads South", "tracking": "ewogICJ0b2tlbiI6ICJjNGNkMjdkZS1hOGNkLTlkY2ItYjdiOC1hOWYwMzAyNWI1ZjlfNiIKfQ==", "workType": "Part Time", "isPrivateAdvertiser": false}, {"advertiser": {"id": "27493644", "description": "Aldi Stores"}, "area": "Western Suburbs", "areaId": 5073, "areaWhereValue": "Western Suburbs Melbourne VIC", "automaticInclusion": false, "bulletPoints": [], "classification": {"id": "6043", "description": "Retail & Consumer Products"}, "companyName": "ALDI", "companyProfileStructuredDataId": 5197, "displayType": "standard", "listingDateDisplay": "23d ago", "location": "Melbourne", "locationId": 1002, "locationWhereValue": "All Melbourne VIC", "id": 59518420, "isPremium": false, "isStandOut": false, "jobLocation": {"label": "Point Cook, Melbourne VIC", "countryCode": "AU", "seoHierarchy": [{"contextualName": "Point Cook VIC 3030"}, {"contextualName": "All Melbourne VIC"}]}, "listingDate": "2022-12-19T02:06:33Z", "logo": {"id": "", "description": null}, "roleId": "store-manager", "salary": "", "solMetadata": {"searchRequestToken": "fd00fed4-7e2c-4989-b858-3542be5a0a03", "token": "0~fd00fed4-7e2c-4989-b858-3542be5a0a03", "jobId": "59518420", "section": "MAIN", "sectionRank": 387, "jobAdType": "ORGANIC", "tags": {"mordor__flights": "mordor_123"}}, "subClassification": {"id": "6047", "description": "Management - Store"}, "suburb": "Point Cook", "suburbId": 11861, "suburbWhereValue": "Point Cook VIC 3030", "teaser": "From driving sales and controlling costs, to serving customers & training staff, our Duty Store Managers always lead from the front.", "title": "Duty Store Manager - Point Cook", "tracking": "ewogICJ0b2tlbiI6ICJjNGNkMjdkZS1hOGNkLTlkY2ItYjdiOC1hOWYwMzAyNWI1ZjlfNyIKfQ==", "workType": "Part Time", "isPrivateAdvertiser": false}, {"advertiser": {"id": "27493644", "description": "Aldi Stores"}, "automaticInclusion": false, "bulletPoints": [], "classification": {"id": "6043", "description": "Retail & Consumer Products"}, "companyName": "ALDI", "companyProfileStructuredDataId": 5197, "displayType": "standard", "listingDateDisplay": "20d ago", "location": "Wollongong, Illawarra & South Coast", "locationId": 5038, "locationWhereValue": "Wollongong, Illawarra & South Coast NSW", "id": 59550574, "isPremium": false, "isStandOut": false, "jobLocation": {"label": "Nowra, Wollongong, Illawarra & South Coast NSW", "countryCode": "AU", "seoHierarchy": [{"contextualName": "Nowra NSW 2541"}, {"contextualName": "Wollongong, Illawarra & South Coast NSW"}]}, "listingDate": "2022-12-22T01:59:44Z", "logo": {"id": "", "description": null}, "roleId": "store-manager", "salary": "", "solMetadata": {"searchRequestToken": "fd00fed4-7e2c-4989-b858-3542be5a0a03", "token": "0~fd00fed4-7e2c-4989-b858-3542be5a0a03", "jobId": "59550574", "section": "MAIN", "sectionRank": 388, "jobAdType": "ORGANIC", "tags": {"mordor__flights": "mordor_123"}}, "subClassification": {"id": "6047", "description": "Management - Store"}, "suburb": "Nowra", "suburbId": 24062, "suburbWhereValue": "Nowra NSW 2541", "teaser": "From driving sales and controlling costs, to serving customers & training staff, our Duty Store Managers always lead from the front.", "title": "Duty Store Manager - Nowra / Vincentia / Bomaderry", "tracking": "ewogICJ0b2tlbiI6ICJjNGNkMjdkZS1hOGNkLTlkY2ItYjdiOC1hOWYwMzAyNWI1ZjlfOCIKfQ==", "workType": "Part Time", "isPrivateAdvertiser": false}, {"advertiser": {"id": "27493644", "description": "Aldi Stores"}, "automaticInclusion": false, "bulletPoints": [], "classification": {"id": "6043", "description": "Retail & Consumer Products"}, "companyName": "ALDI", "companyProfileStructuredDataId": 5197, "displayType": "standard", "listingDateDisplay": "27d ago", "location": "Toowoomba & Darling Downs", "locationId": 5016, "locationWhereValue": "Toowoomba & Darling Downs QLD", "id": 59494676, "isPremium": false, "isStandOut": false, "jobLocation": {"label": "Kearneys Spring, Toowoomba & Darling Downs QLD", "countryCode": "AU", "seoHierarchy": [{"contextualName": "Kearneys Spring QLD 4350"}, {"contextualName": "Toowoomba & Darling Downs QLD"}]}, "listingDate": "2022-12-15T00:53:22Z", "logo": {"id": "", "description": null}, "roleId": "retail-sales-assistant", "salary": "", "solMetadata": {"searchRequestToken": "fd00fed4-7e2c-4989-b858-3542be5a0a03", "token": "0~fd00fed4-7e2c-4989-b858-3542be5a0a03", "jobId": "59494676", "section": "MAIN", "sectionRank": 389, "jobAdType": "ORGANIC", "tags": {"mordor__flights": "mordor_123"}}, "subClassification": {"id": "6050", "description": "Retail Assistants"}, "suburb": "Kearneys Spring", "suburbId": 12954, "suburbWhereValue": "Kearneys Spring QLD 4350", "teaser": "Whether they\u2019re racing to fill shelves or scanning through customers, our Retail Assistants can do everything and anything.", "title": "Retail Assistant - Kearneys Spring", "tracking": "ewogICJ0b2tlbiI6ICJjNGNkMjdkZS1hOGNkLTlkY2ItYjdiOC1hOWYwMzAyNWI1ZjlfOSIKfQ==", "workType": "Part Time", "isPrivateAdvertiser": false}, {"advertiser": {"id": "27493644", "description": "Aldi Stores"}, "automaticInclusion": false, "bulletPoints": [], "classification": {"id": "6043", "description": "Retail & Consumer Products"}, "companyName": "ALDI", "companyProfileStructuredDataId": 5197, "displayType": "standard", "listingDateDisplay": "20d ago", "location": "Blue Mountains & Central West", "locationId": 5025, "locationWhereValue": "Blue Mountains & Central West NSW", "id": 59546735, "isPremium": false, "isStandOut": false, "jobLocation": {"label": "Orange, Blue Mountains & Central West NSW", "countryCode": "AU", "seoHierarchy": [{"contextualName": "Orange NSW 2800"}, {"contextualName": "Blue Mountains & Central West NSW"}]}, "listingDate": "2022-12-21T22:50:37Z", "logo": {"id": "", "description": null}, "roleId": "store-manager", "salary": "", "solMetadata": {"searchRequestToken": "fd00fed4-7e2c-4989-b858-3542be5a0a03", "token": "0~fd00fed4-7e2c-4989-b858-3542be5a0a03", "jobId": "59546735", "section": "MAIN", "sectionRank": 390, "jobAdType": "ORGANIC", "tags": {"mordor__flights": "mordor_123"}}, "subClassification": {"id": "6047", "description": "Management - Store"}, "suburb": "Orange", "suburbId": 24250, "suburbWhereValue": "Orange NSW 2800", "teaser": "From driving sales and controlling costs, to serving customers & training staff, our Duty Store Managers always lead from the front.", "title": "Duty Store Manager- Orange  (Central West)", "tracking": "ewogICJ0b2tlbiI6ICJjNGNkMjdkZS1hOGNkLTlkY2ItYjdiOC1hOWYwMzAyNWI1ZjlfMTAiCn0=", "workType": "Part Time", "isPrivateAdvertiser": false}, {"advertiser": {"id": "27493644", "description": "Aldi Stores"}, "automaticInclusion": false, "bulletPoints": [], "classification": {"id": "6043", "description": "Retail & Consumer Products"}, "companyName": "ALDI", "companyProfileStructuredDataId": 5197, "displayType": "standard", "listingDateDisplay": "28d ago", "location": "Mildura & Murray", "locationId": 5074, "locationWhereValue": "Mildura & Murray VIC", "id": 59481870, "isPremium": false, "isStandOut": false, "jobLocation": {"label": "Mildura, Mildura & Murray VIC", "countryCode": "AU", "seoHierarchy": [{"contextualName": "Mildura VIC 3500"}, {"contextualName": "Mildura & Murray VIC"}]}, "listingDate": "2022-12-13T23:40:27Z", "logo": {"id": "", "description": null}, "roleId": "assistant-store-manager", "salary": "", "solMetadata": {"searchRequestToken": "fd00fed4-7e2c-4989-b858-3542be5a0a03", "token": "0~fd00fed4-7e2c-4989-b858-3542be5a0a03", "jobId": "59481870", "section": "MAIN", "sectionRank": 391, "jobAdType": "ORGANIC", "tags": {"mordor__flights": "mordor_123"}}, "subClassification": {"id": "6047", "description": "Management - Store"}, "suburb": "Mildura", "suburbId": 18745, "suburbWhereValue": "Mildura VIC 3500", "teaser": "Whether it\u2019s managing rosters or cleaning up a spill in aisle 3, our Assistant Store Managers always lead from the front.", "title": "Assistant Store Manager - Mildura", "tracking": "ewogICJ0b2tlbiI6ICJjNGNkMjdkZS1hOGNkLTlkY2ItYjdiOC1hOWYwMzAyNWI1ZjlfMTEiCn0=", "workType": "Full Time", "isPrivateAdvertiser": false}, {"advertiser": {"id": "27493644", "description": "Aldi Stores"}, "automaticInclusion": false, "bulletPoints": [], "classification": {"id": "6043", "description": "Retail & Consumer Products"}, "companyName": "ALDI", "companyProfileStructuredDataId": 5197, "displayType": "standard", "listingDateDisplay": "28d ago", "location": "Yarra Valley & High Country", "locationId": 5065, "locationWhereValue": "Yarra Valley & High Country VIC", "id": 59480745, "isPremium": false, "isStandOut": false, "jobLocation": {"label": "Lilydale, Yarra Valley & High Country VIC", "countryCode": "AU", "seoHierarchy": [{"contextualName": "Lilydale VIC 3140"}, {"contextualName": "Yarra Valley & High Country VIC"}]}, "listingDate": "2022-12-13T22:21:08Z", "logo": {"id": "", "description": null}, "roleId": "store-manager", "salary": "", "solMetadata": {"searchRequestToken": "fd00fed4-7e2c-4989-b858-3542be5a0a03", "token": "0~fd00fed4-7e2c-4989-b858-3542be5a0a03", "jobId": "59480745", "section": "MAIN", "sectionRank": 392, "jobAdType": "ORGANIC", "tags": {"mordor__flights": "mordor_123"}}, "subClassification": {"id": "6047", "description": "Management - Store"}, "suburb": "Lilydale", "suburbId": 13754, "suburbWhereValue": "Lilydale VIC 3140", "teaser": "From driving sales and controlling costs, to serving customers & training staff, our Duty Store Managers always lead from the front.", "title": "Duty Store Manager - Lilydale/ Chirnside Park/ Croydon/ Ringwood - 35hrs", "tracking": "ewogICJ0b2tlbiI6ICJjNGNkMjdkZS1hOGNkLTlkY2ItYjdiOC1hOWYwMzAyNWI1ZjlfMTIiCn0=", "workType": "Full Time", "isPrivateAdvertiser": false}, {"advertiser": {"id": "27493644", "description": "Aldi Stores"}, "automaticInclusion": false, "bulletPoints": [], "classification": {"id": "6043", "description": "Retail & Consumer Products"}, "companyName": "ALDI", "companyProfileStructuredDataId": 5197, "displayType": "standard", "listingDateDisplay": "27d ago", "location": "Southern Highlands & Tablelands", "locationId": 5035, "locationWhereValue": "Southern Highlands & Tablelands NSW", "id": 59493386, "isPremium": false, "isStandOut": false, "jobLocation": {"label": "Young, Southern Highlands & Tablelands NSW", "countryCode": "AU", "seoHierarchy": [{"contextualName": "Young NSW 2594"}, {"contextualName": "Southern Highlands & Tablelands NSW"}]}, "listingDate": "2022-12-14T23:31:18Z", "logo": {"id": "", "description": null}, "roleId": "store-manager", "salary": "", "solMetadata": {"searchRequestToken": "fd00fed4-7e2c-4989-b858-3542be5a0a03", "token": "0~fd00fed4-7e2c-4989-b858-3542be5a0a03", "jobId": "59493386", "section": "MAIN", "sectionRank": 393, "jobAdType": "ORGANIC", "tags": {"mordor__flights": "mordor_123"}}, "subClassification": {"id": "6047", "description": "Management - Store"}, "suburb": "Young", "suburbId": 10848, "suburbWhereValue": "Young NSW 2594", "teaser": "From driving sales and controlling costs, to serving customers & training staff, our Duty Store Managers always lead from the front.", "title": "Duty Store Manager - Young - 35hrs p/w", "tracking": "ewogICJ0b2tlbiI6ICJjNGNkMjdkZS1hOGNkLTlkY2ItYjdiOC1hOWYwMzAyNWI1ZjlfMTMiCn0=", "workType": "Full Time", "isPrivateAdvertiser": false}, {"advertiser": {"id": "27493644", "description": "Aldi Stores"}, "automaticInclusion": false, "bulletPoints": [], "classification": {"id": "6043", "description": "Retail & Consumer Products"}, "companyName": "ALDI", "companyProfileStructuredDataId": 5197, "displayType": "standard", "listingDateDisplay": "23d ago", "location": "Tamworth & North West NSW", "locationId": 5042, "locationWhereValue": "Tamworth & North West NSW", "id": 59515943, "isPremium": false, "isStandOut": false, "jobLocation": {"label": "Emerald Hill, Tamworth & North West NSW", "countryCode": "AU", "seoHierarchy": [{"contextualName": "Emerald Hill NSW 2380"}, {"contextualName": "Tamworth & North West NSW"}]}, "listingDate": "2022-12-18T23:41:50Z", "logo": {"id": "", "description": null}, "roleId": "store-manager", "salary": "", "solMetadata": {"searchRequestToken": "fd00fed4-7e2c-4989-b858-3542be5a0a03", "token": "0~fd00fed4-7e2c-4989-b858-3542be5a0a03", "jobId": "59515943", "section": "MAIN", "sectionRank": 394, "jobAdType": "ORGANIC", "tags": {"mordor__flights": "mordor_123"}}, "subClassification": {"id": "6047", "description": "Management - Store"}, "suburb": "Emerald Hill", "suburbId": 20047, "suburbWhereValue": "Emerald Hill NSW 2380", "teaser": "From driving sales and controlling costs, to serving customers & training staff, our Duty Store Managers always lead from the front.", "title": "Duty Store Manager - Emerald Hills", "tracking": "ewogICJ0b2tlbiI6ICJjNGNkMjdkZS1hOGNkLTlkY2ItYjdiOC1hOWYwMzAyNWI1ZjlfMTQiCn0=", "workType": "Part Time", "isPrivateAdvertiser": false}, {"advertiser": {"id": "27493644", "description": "Aldi Stores"}, "area": "Parramatta & Western Suburbs", "areaId": 5030, "areaWhereValue": "Parramatta & Western Suburbs Sydney NSW", "automaticInclusion": false, "bulletPoints": [], "classification": {"id": "6281", "description": "Information & Communication Technology"}, "companyName": "ALDI", "companyProfileStructuredDataId": 5197, "displayType": "standard", "listingDateDisplay": "28d ago", "location": "Sydney", "locationId": 1000, "locationWhereValue": "All Sydney NSW", "id": 59483204, "isPremium": false, "isStandOut": false, "jobLocation": {"label": "Minchinbury, Sydney NSW", "countryCode": "AU", "seoHierarchy": [{"contextualName": "Minchinbury NSW 2770"}, {"contextualName": "All Sydney NSW"}]}, "listingDate": "2022-12-14T01:09:19Z", "logo": {"id": "", "description": null}, "roleId": "specialist", "salary": "$106,600 - $127,100 including super", "solMetadata": {"searchRequestToken": "fd00fed4-7e2c-4989-b858-3542be5a0a03", "token": "0~fd00fed4-7e2c-4989-b858-3542be5a0a03", "jobId": "59483204", "section": "MAIN", "sectionRank": 395, "jobAdType": "ORGANIC", "tags": {"mordor__flights": "mordor_123"}}, "subClassification": {"id": "6285", "description": "Consultants"}, "suburb": "Minchinbury", "suburbId": 18808, "suburbWhereValue": "Minchinbury NSW 2770", "teaser": "Supporting Supply Chain\u2019s transition to SAP Ariba, while also supporting the coordination and communication of changes to our external suppliers.", "title": "Supplier Enablement Specialist - SAP Ariba", "tracking": "ewogICJ0b2tlbiI6ICJjNGNkMjdkZS1hOGNkLTlkY2ItYjdiOC1hOWYwMzAyNWI1ZjlfMTUiCn0=", "workType": "Contract/Temp", "isPrivateAdvertiser": false}, {"advertiser": {"id": "27493644", "description": "Aldi Stores"}, "area": "Northern Suburbs", "areaId": 5012, "areaWhereValue": "Northern Suburbs Brisbane QLD", "automaticInclusion": false, "bulletPoints": [], "classification": {"id": "1225", "description": "Trades & Services"}, "companyName": "ALDI", "companyProfileStructuredDataId": 5197, "displayType": "standard", "listingDateDisplay": "22d ago", "location": "Brisbane", "locationId": 1004, "locationWhereValue": "All Brisbane QLD", "id": 59525832, "isPremium": false, "isStandOut": false, "jobLocation": {"label": "Brendale, Brisbane QLD", "countryCode": "AU", "seoHierarchy": [{"contextualName": "Brendale QLD 4500"}, {"contextualName": "All Brisbane QLD"}]}, "listingDate": "2022-12-19T23:01:04Z", "logo": {"id": "", "description": null}, "roleId": "forklift-technician", "salary": "", "solMetadata": {"searchRequestToken": "fd00fed4-7e2c-4989-b858-3542be5a0a03", "token": "0~fd00fed4-7e2c-4989-b858-3542be5a0a03", "jobId": "59525832", "section": "MAIN", "sectionRank": 396, "jobAdType": "ORGANIC", "tags": {"mordor__flights": "mordor_123"}}, "subClassification": {"id": "1328", "description": "Automotive Trades"}, "suburb": "Brendale", "suburbId": 18046, "suburbWhereValue": "Brendale QLD 4500", "teaser": "Maintaining and repairing all mechanical equipment in a lawful, safe and efficient manner is at the forefront of everything our Mechanics do.", "title": "Forklift Technician", "tracking": "ewogICJ0b2tlbiI6ICJjNGNkMjdkZS1hOGNkLTlkY2ItYjdiOC1hOWYwMzAyNWI1ZjlfMTYiCn0=", "workType": "Part Time", "isPrivateAdvertiser": false}, {"advertiser": {"id": "27493644", "description": "Aldi Stores"}, "automaticInclusion": false, "bulletPoints": [], "classification": {"id": "6043", "description": "Retail & Consumer Products"}, "companyName": "ALDI", "companyProfileStructuredDataId": 5197, "displayType": "standard", "listingDateDisplay": "26d ago", "location": "Toowoomba & Darling Downs", "locationId": 5016, "locationWhereValue": "Toowoomba & Darling Downs QLD", "id": 59510383, "isPremium": false, "isStandOut": false, "jobLocation": {"label": "Warwick, Toowoomba & Darling Downs QLD", "countryCode": "AU", "seoHierarchy": [{"contextualName": "Warwick QLD 4370"}, {"contextualName": "Toowoomba & Darling Downs QLD"}]}, "listingDate": "2022-12-16T07:17:00Z", "logo": {"id": "", "description": null}, "roleId": "store-manager", "salary": "", "solMetadata": {"searchRequestToken": "fd00fed4-7e2c-4989-b858-3542be5a0a03", "token": "0~fd00fed4-7e2c-4989-b858-3542be5a0a03", "jobId": "59510383", "section": "MAIN", "sectionRank": 397, "jobAdType": "ORGANIC", "tags": {"mordor__flights": "mordor_123"}}, "subClassification": {"id": "6047", "description": "Management - Store"}, "suburb": "Warwick", "suburbId": 21911, "suburbWhereValue": "Warwick QLD 4370", "teaser": "From driving sales and controlling costs, to serving customers & training staff, our Duty Store Managers always lead from the front.", "title": "HW - Duty Store Manager (DSM) - Warwick", "tracking": "ewogICJ0b2tlbiI6ICJjNGNkMjdkZS1hOGNkLTlkY2ItYjdiOC1hOWYwMzAyNWI1ZjlfMTciCn0=", "workType": "Part Time", "isPrivateAdvertiser": false}, {"advertiser": {"id": "400077894", "description": "ALDI"}, "area": "Bayside & South Eastern Suburbs", "areaId": 5070, "areaWhereValue": "Bayside & South Eastern Suburbs Melbourne VIC", "automaticInclusion": true, "bulletPoints": [], "classification": {"id": "6092", "description": "Manufacturing, Transport & Logistics"}, "companyName": "ALDI", "companyProfileStructuredDataId": 5197, "displayType": "standard", "listingDateDisplay": "17h ago", "location": "Melbourne", "locationId": 1002, "locationWhereValue": "All Melbourne VIC", "id": 59671168, "isPremium": false, "isStandOut": false, "jobLocation": {"label": "Dandenong, Melbourne VIC", "countryCode": "AU", "seoHierarchy": [{"contextualName": "Dandenong VIC 3175"}, {"contextualName": "All Melbourne VIC"}]}, "listingDate": "2023-01-10T10:04:45Z", "logo": {"id": "", "description": null}, "roleId": "warehouse-operator", "salary": "", "solMetadata": {"searchRequestToken": "fd00fed4-7e2c-4989-b858-3542be5a0a03", "token": "0~fd00fed4-7e2c-4989-b858-3542be5a0a03", "jobId": "59671168", "section": "MAIN", "sectionRank": 398, "jobAdType": "ORGANIC", "tags": {"mordor__flights": "mordor_123"}}, "subClassification": {"id": "6105", "description": "Pickers & Packers"}, "suburb": "Dandenong", "suburbId": 15079, "suburbWhereValue": "Dandenong VIC 3175", "teaser": "We are looking for people that not only ensure their work is completed to the highest standard, but can do so whilst balancing different priorities...", "title": "Warehouse Operator - Dandenong DC", "tracking": "ewogICJ0b2tlbiI6ICJjNGNkMjdkZS1hOGNkLTlkY2ItYjdiOC1hOWYwMzAyNWI1ZjlfMTgiCn0=", "workType": "Part Time", "isPrivateAdvertiser": false}, {"advertiser": {"id": "400077894", "description": "ALDI"}, "area": "Western Suburbs", "areaId": 5073, "areaWhereValue": "Western Suburbs Melbourne VIC", "automaticInclusion": true, "bulletPoints": [], "classification": {"id": "6043", "description": "Retail & Consumer Products"}, "companyName": "ALDI", "companyProfileStructuredDataId": 5197, "displayType": "standard", "listingDateDisplay": "2d ago", "location": "Melbourne", "locationId": 1002, "locationWhereValue": "All Melbourne VIC", "id": 59651776, "isPremium": false, "isStandOut": false, "jobLocation": {"label": "Tarneit, Melbourne VIC", "countryCode": "AU", "seoHierarchy": [{"contextualName": "Tarneit VIC 3029"}, {"contextualName": "All Melbourne VIC"}]}, "listingDate": "2023-01-09T07:08:37Z", "logo": {"id": "", "description": null}, "roleId": "retail-sales-assistant", "salary": "", "solMetadata": {"searchRequestToken": "fd00fed4-7e2c-4989-b858-3542be5a0a03", "token": "0~fd00fed4-7e2c-4989-b858-3542be5a0a03", "jobId": "59651776", "section": "MAIN", "sectionRank": 399, "jobAdType": "ORGANIC", "tags": {"mordor__flights": "mordor_123"}}, "subClassification": {"id": "6050", "description": "Retail Assistants"}, "suburb": "Tarneit", "suburbId": 16511, "suburbWhereValue": "Tarneit VIC 3029", "teaser": "As a Retail Assistant at ALDI, you will have a lot of variety in every shift. Whether you\u2019re filling shelves or scanning items for customers, you\u2019l...", "title": "Retail Assistant - Tarneit Central-15 hours p/w", "tracking": "ewogICJ0b2tlbiI6ICJjNGNkMjdkZS1hOGNkLTlkY2ItYjdiOC1hOWYwMzAyNWI1ZjlfMTkiCn0=", "workType": "Part Time", "isPrivateAdvertiser": false}, {"advertiser": {"id": "400077894", "description": "ALDI"}, "area": "Western Suburbs", "areaId": 5073, "areaWhereValue": "Western Suburbs Melbourne VIC", "automaticInclusion": true, "bulletPoints": [], "classification": {"id": "6092", "description": "Manufacturing, Transport & Logistics"}, "companyName": "ALDI", "companyProfileStructuredDataId": 5197, "displayType": "standard", "listingDateDisplay": "23h ago", "location": "Melbourne", "locationId": 1002, "locationWhereValue": "All Melbourne VIC", "id": 59665607, "isPremium": false, "isStandOut": false, "jobLocation": {"label": "Derrimut, Melbourne VIC", "countryCode": "AU", "seoHierarchy": [{"contextualName": "Derrimut VIC 3030"}, {"contextualName": "All Melbourne VIC"}]}, "listingDate": "2023-01-10T04:06:21Z", "logo": {"id": "", "description": null}, "roleId": "warehouse-team-leader", "salary": "", "solMetadata": {"searchRequestToken": "fd00fed4-7e2c-4989-b858-3542be5a0a03", "token": "0~fd00fed4-7e2c-4989-b858-3542be5a0a03", "jobId": "59665607", "section": "MAIN", "sectionRank": 400, "jobAdType": "ORGANIC", "tags": {"mordor__flights": "mordor_123"}}, "subClassification": {"id": "6108", "description": "Warehousing, Storage & Distribution"}, "suburb": "Derrimut", "suburbId": 15220, "suburbWhereValue": "Derrimut VIC 3030", "teaser": "As a leader in our Distribution Centres, you're responsible for supervising all warehouse activities from receiving, picking & packing and inventor...", "title": "Warehouse Team Leader", "tracking": "ewogICJ0b2tlbiI6ICJjNGNkMjdkZS1hOGNkLTlkY2ItYjdiOC1hOWYwMzAyNWI1ZjlfMjAiCn0=", "workType": "Part Time", "isPrivateAdvertiser": false}], "title": "Jobs in All Australia", "totalCount": 417, "paginationParameters": {"seekSelectAllPages": true, "hadPremiumListings": false}, "info": {"timeTaken": 73, "source": "JobSearch-sm", "experiment": "mordor_123"}, "userQueryId": "a3f7e6f85be73fd8fe2e3d5ea92001b7-7335003", "sortMode": [{"isActive": true, "name": "Relevance", "value": "KeywordRelevance"}, {"isActive": false, "name": "Date", "value": "ListedDate"}], "solMetadata": {"requestToken": "fd00fed4-7e2c-4989-b858-3542be5a0a03", "token": "0~fd00fed4-7e2c-4989-b858-3542be5a0a03", "sortMode": "RELEVANCE", "locations": ["seek-3000"], "locationDistance": 50, "employer": "ALDI", "pageSize": 20, "pageNumber": 20, "totalJobCount": 417, "tags": {"mordor__flights": "mordor_123", "chalice-search-api:solId": "c00c353f-a376-4b96-b397-16e262dbd3d3"}}, "location": {"matched": true, "whereId": 3000, "type": "Country", "suburbType": "rural", "description": "All Australia", "stateDescription": "", "locationId": 3000, "locationDescription": "", "areaId": 0, "areaDescription": "", "suburbParentDescription": ""}, "canonicalCompany": {"id": "5197", "description": "ALDI"}, "companySuggestion": {"search": {"keywords": "ALDI"}, "count": "461"}, "joraCrossLink": {"canCrossLink": false}, "searchParams": {"sitekey": "AU-Main", "sourcesystem": "houston", "userqueryid": "a3f7e6f85be73fd8fe2e3d5ea92001b7-7335003", "userid": "5959404e-631e-45a1-bb3b-2ae481757cf6", "usersessionid": "5959404e-631e-45a1-bb3b-2ae481757cf6", "eventcapturesessionid": "5959404e-631e-45a1-bb3b-2ae481757cf6", "where": "All Australia", "page": "20", "seekselectallpages": "true", "companyname": "ALDI", "include": "seodata", "solid": "c00c353f-a376-4b96-b397-16e262dbd3d3"}}