{"data": [{"advertiser": {"id": "27493644", "description": "Aldi Stores"}, "automaticInclusion": false, "bulletPoints": [], "classification": {"id": "6043", "description": "Retail & Consumer Products"}, "companyName": "ALDI", "companyProfileStructuredDataId": 5197, "displayType": "standard", "listingDateDisplay": "6d ago", "location": "Newcastle, Maitland & Hunter", "locationId": 5045, "locationWhereValue": "Newcastle, Maitland & Hunter NSW", "id": 59618805, "isPremium": false, "isStandOut": false, "jobLocation": {"label": "Forster, Newcastle, Maitland & Hunter NSW", "countryCode": "AU", "seoHierarchy": [{"contextualName": "Forster NSW 2428"}, {"contextualName": "Newcastle, Maitland & Hunter NSW"}]}, "listingDate": "2023-01-05T06:22:00Z", "logo": {"id": "", "description": null}, "roleId": "retail-sales-assistant", "salary": "", "solMetadata": {"searchRequestToken": "86c646f9-8863-4d80-b041-6d9cb75c501b", "token": "0~86c646f9-8863-4d80-b041-6d9cb75c501b", "jobId": "59618805", "section": "MAIN", "sectionRank": 121, "jobAdType": "ORGANIC", "tags": {"mordor__flights": "mordor_123"}}, "subClassification": {"id": "6050", "description": "Retail Assistants"}, "suburb": "Forster", "suburbId": 20450, "suburbWhereValue": "Forster NSW 2428", "teaser": "Whether they\u2019re racing to fill shelves or scanning through customers, our Retail Assistants can do everything and anything.", "title": "Retail Assistant - Forster - 20hrs p/w", "tracking": "ewogICJ0b2tlbiI6ICI5MWVhMGY2My01YTQxLTlhMmItYmFmMi0zM2U0ZDc4ZmRiZTlfMSIKfQ==", "workType": "Part Time", "isPrivateAdvertiser": false}, {"advertiser": {"id": "27493644", "description": "Aldi Stores"}, "area": "Parramatta & Western Suburbs", "areaId": 5030, "areaWhereValue": "Parramatta & Western Suburbs Sydney NSW", "automaticInclusion": false, "bulletPoints": [], "classification": {"id": "6251", "description": "Administration & Office Support"}, "companyName": "ALDI", "companyProfileStructuredDataId": 5197, "displayType": "standard", "listingDateDisplay": "13d ago", "location": "Sydney", "locationId": 1000, "locationWhereValue": "All Sydney NSW", "id": 59574257, "isPremium": false, "isStandOut": false, "jobLocation": {"label": "Minchinbury, Sydney NSW", "countryCode": "AU", "seoHierarchy": [{"contextualName": "Minchinbury NSW 2770"}, {"contextualName": "All Sydney NSW"}]}, "listingDate": "2022-12-29T01:25:36Z", "logo": {"id": "", "description": null}, "roleId": "personal-assistant", "salary": "$90.000 - $100,000 including superannuation", "solMetadata": {"searchRequestToken": "86c646f9-8863-4d80-b041-6d9cb75c501b", "token": "0~86c646f9-8863-4d80-b041-6d9cb75c501b", "jobId": "59574257", "section": "MAIN", "sectionRank": 122, "jobAdType": "ORGANIC", "tags": {"mordor__flights": "mordor_123"}}, "subClassification": {"id": "6257", "description": "PA, EA & Secretarial"}, "suburb": "Minchinbury", "suburbId": 18808, "suburbWhereValue": "Minchinbury NSW 2770", "teaser": "Supporting and reporting to the Store Operations Director (DSO), this position will be challenging, with a high degree of responsibility and autonomy.", "title": "Personal Assistant - Store Operations", "tracking": "ewogICJ0b2tlbiI6ICI5MWVhMGY2My01YTQxLTlhMmItYmFmMi0zM2U0ZDc4ZmRiZTlfMiIKfQ==", "workType": "Full Time", "isPrivateAdvertiser": false}, {"advertiser": {"id": "27493644", "description": "Aldi Stores"}, "automaticInclusion": false, "bulletPoints": [], "classification": {"id": "6043", "description": "Retail & Consumer Products"}, "companyName": "ALDI", "companyProfileStructuredDataId": 5197, "displayType": "standard", "listingDateDisplay": "8d ago", "location": "Newcastle, Maitland & Hunter", "locationId": 5045, "locationWhereValue": "Newcastle, Maitland & Hunter NSW", "id": 59584799, "isPremium": false, "isStandOut": false, "jobLocation": {"label": "Raymond Terrace, Newcastle, Maitland & Hunter NSW", "countryCode": "AU", "seoHierarchy": [{"contextualName": "Raymond Terrace NSW 2324"}, {"contextualName": "Newcastle, Maitland & Hunter NSW"}]}, "listingDate": "2023-01-02T22:08:54Z", "logo": {"id": "", "description": null}, "roleId": "retail-sales-assistant", "salary": "", "solMetadata": {"searchRequestToken": "86c646f9-8863-4d80-b041-6d9cb75c501b", "token": "0~86c646f9-8863-4d80-b041-6d9cb75c501b", "jobId": "59584799", "section": "MAIN", "sectionRank": 123, "jobAdType": "ORGANIC", "tags": {"mordor__flights": "mordor_123"}}, "subClassification": {"id": "6050", "description": "Retail Assistants"}, "suburb": "Raymond Terrace", "suburbId": 12199, "suburbWhereValue": "Raymond Terrace NSW 2324", "teaser": "Whether they\u2019re racing to fill shelves or scanning through customers, our Retail Assistants can do everything and anything.", "title": "Retail Assistant - Raymond Terrace", "tracking": "ewogICJ0b2tlbiI6ICI5MWVhMGY2My01YTQxLTlhMmItYmFmMi0zM2U0ZDc4ZmRiZTlfMyIKfQ==", "workType": "Part Time", "isPrivateAdvertiser": false}, {"advertiser": {"id": "27493644", "description": "Aldi Stores"}, "automaticInclusion": false, "bulletPoints": [], "classification": {"id": "6043", "description": "Retail & Consumer Products"}, "companyName": "ALDI", "companyProfileStructuredDataId": 5197, "displayType": "standard", "listingDateDisplay": "4d ago", "location": "Bairnsdale & Gippsland", "locationId": 5075, "locationWhereValue": "Bairnsdale & Gippsland VIC", "id": 59631701, "isPremium": false, "isStandOut": false, "jobLocation": {"label": "Lakes Entrance, Bairnsdale & Gippsland VIC", "countryCode": "AU", "seoHierarchy": [{"contextualName": "Lakes Entrance VIC 3909"}, {"contextualName": "Bairnsdale & Gippsland VIC"}]}, "listingDate": "2023-01-07T02:19:00Z", "logo": {"id": "", "description": null}, "roleId": "retail-sales-assistant", "salary": "", "solMetadata": {"searchRequestToken": "86c646f9-8863-4d80-b041-6d9cb75c501b", "token": "0~86c646f9-8863-4d80-b041-6d9cb75c501b", "jobId": "59631701", "section": "MAIN", "sectionRank": 124, "jobAdType": "ORGANIC", "tags": {"mordor__flights": "mordor_123"}}, "subClassification": {"id": "6050", "description": "Retail Assistants"}, "suburb": "Lakes Entrance", "suburbId": 13528, "suburbWhereValue": "Lakes Entrance VIC 3909", "teaser": "Whether they\u2019re racing to fill shelves or scanning through customers, our Retail Assistants can do everything and anything.", "title": "Retail Assistant - Lakes Entrance", "tracking": "ewogICJ0b2tlbiI6ICI5MWVhMGY2My01YTQxLTlhMmItYmFmMi0zM2U0ZDc4ZmRiZTlfNCIKfQ==", "workType": "Part Time", "isPrivateAdvertiser": false}, {"advertiser": {"id": "27493644", "description": "Aldi Stores"}, "area": "South West & M5 Corridor", "areaId": 5033, "areaWhereValue": "South West & M5 Corridor Sydney NSW", "automaticInclusion": false, "bulletPoints": [], "classification": {"id": "6043", "description": "Retail & Consumer Products"}, "companyName": "ALDI", "companyProfileStructuredDataId": 5197, "displayType": "standard", "listingDateDisplay": "24h ago", "location": "Sydney", "locationId": 1000, "locationWhereValue": "All Sydney NSW", "id": 59664785, "isPremium": false, "isStandOut": false, "jobLocation": {"label": "Casula Mall, Sydney NSW", "countryCode": "AU", "seoHierarchy": [{"contextualName": "Casula Mall NSW 2170"}, {"contextualName": "All Sydney NSW"}]}, "listingDate": "2023-01-10T03:43:52Z", "logo": {"id": "", "description": null}, "roleId": "store-manager", "salary": "", "solMetadata": {"searchRequestToken": "86c646f9-8863-4d80-b041-6d9cb75c501b", "token": "0~86c646f9-8863-4d80-b041-6d9cb75c501b", "jobId": "59664785", "section": "MAIN", "sectionRank": 125, "jobAdType": "ORGANIC", "tags": {"mordor__flights": "mordor_123"}}, "subClassification": {"id": "6047", "description": "Management - Store"}, "suburb": "Casula Mall", "suburbId": 22704, "suburbWhereValue": "Casula Mall NSW 2170", "teaser": "From driving sales and controlling costs, to serving customers & training staff, our Duty Store Managers always lead from the front.", "title": "Duty Store Manager - Casula", "tracking": "ewogICJ0b2tlbiI6ICI5MWVhMGY2My01YTQxLTlhMmItYmFmMi0zM2U0ZDc4ZmRiZTlfNSIKfQ==", "workType": "Part Time", "isPrivateAdvertiser": false}, {"advertiser": {"id": "27493644", "description": "Aldi Stores"}, "automaticInclusion": false, "bulletPoints": [], "classification": {"id": "6043", "description": "Retail & Consumer Products"}, "companyName": "ALDI", "companyProfileStructuredDataId": 5197, "displayType": "standard", "listingDateDisplay": "8d ago", "location": "Blue Mountains & Central West", "locationId": 5025, "locationWhereValue": "Blue Mountains & Central West NSW", "id": 59584709, "isPremium": false, "isStandOut": false, "jobLocation": {"label": "Mudgee, Blue Mountains & Central West NSW", "countryCode": "AU", "seoHierarchy": [{"contextualName": "Mudgee NSW 2850"}, {"contextualName": "Blue Mountains & Central West NSW"}]}, "listingDate": "2023-01-02T22:02:21Z", "logo": {"id": "", "description": null}, "roleId": "retail-sales-assistant", "salary": "Fast Paced Role, Permanent Part Time!", "solMetadata": {"searchRequestToken": "86c646f9-8863-4d80-b041-6d9cb75c501b", "token": "0~86c646f9-8863-4d80-b041-6d9cb75c501b", "jobId": "59584709", "section": "MAIN", "sectionRank": 126, "jobAdType": "ORGANIC", "tags": {"mordor__flights": "mordor_123"}}, "subClassification": {"id": "6050", "description": "Retail Assistants"}, "suburb": "Mudgee", "suburbId": 19484, "suburbWhereValue": "Mudgee NSW 2850", "teaser": "Whether they\u2019re racing to fill shelves or scanning through customers, our Retail Assistants can do everything and anything.", "title": "Retail Assistant - Mudgee (Central West)", "tracking": "ewogICJ0b2tlbiI6ICI5MWVhMGY2My01YTQxLTlhMmItYmFmMi0zM2U0ZDc4ZmRiZTlfNiIKfQ==", "workType": "Part Time", "isPrivateAdvertiser": false}, {"advertiser": {"id": "27493644", "description": "Aldi Stores"}, "area": "Northern Suburbs", "areaId": 5072, "areaWhereValue": "Northern Suburbs Melbourne VIC", "automaticInclusion": false, "bulletPoints": [], "classification": {"id": "6043", "description": "Retail & Consumer Products"}, "companyName": "ALDI", "companyProfileStructuredDataId": 5197, "displayType": "standard", "listingDateDisplay": "14d ago", "location": "Melbourne", "locationId": 1002, "locationWhereValue": "All Melbourne VIC", "id": 59570783, "isPremium": false, "isStandOut": false, "jobLocation": {"label": "Sunbury, Melbourne VIC", "countryCode": "AU", "seoHierarchy": [{"contextualName": "Sunbury VIC 3429"}, {"contextualName": "All Melbourne VIC"}]}, "listingDate": "2022-12-28T03:17:18Z", "logo": {"id": "", "description": null}, "roleId": "retail-sales-assistant", "salary": "", "solMetadata": {"searchRequestToken": "86c646f9-8863-4d80-b041-6d9cb75c501b", "token": "0~86c646f9-8863-4d80-b041-6d9cb75c501b", "jobId": "59570783", "section": "MAIN", "sectionRank": 127, "jobAdType": "ORGANIC", "tags": {"mordor__flights": "mordor_123"}}, "subClassification": {"id": "6050", "description": "Retail Assistants"}, "suburb": "Sunbury", "suburbId": 16263, "suburbWhereValue": "Sunbury VIC 3429", "teaser": "Whether they\u2019re racing to fill shelves or scanning through customers, our Retail Assistants can do everything and anything.", "title": "Retail Assistant - Sunbury / Gisborne", "tracking": "ewogICJ0b2tlbiI6ICI5MWVhMGY2My01YTQxLTlhMmItYmFmMi0zM2U0ZDc4ZmRiZTlfNyIKfQ==", "workType": "Part Time", "isPrivateAdvertiser": false}, {"advertiser": {"id": "27493644", "description": "Aldi Stores"}, "automaticInclusion": false, "bulletPoints": [], "classification": {"id": "6043", "description": "Retail & Consumer Products"}, "companyName": "ALDI", "companyProfileStructuredDataId": 5197, "displayType": "standard", "listingDateDisplay": "9d ago", "location": "Blue Mountains & Central West", "locationId": 5025, "locationWhereValue": "Blue Mountains & Central West NSW", "id": 59582426, "isPremium": false, "isStandOut": false, "jobLocation": {"label": "Cowra, Blue Mountains & Central West NSW", "countryCode": "AU", "seoHierarchy": [{"contextualName": "Cowra NSW 2794"}, {"contextualName": "Blue Mountains & Central West NSW"}]}, "listingDate": "2023-01-01T23:52:23Z", "logo": {"id": "", "description": null}, "roleId": "retail-sales-assistant", "salary": "$25.92 + higher weekend penalties", "solMetadata": {"searchRequestToken": "86c646f9-8863-4d80-b041-6d9cb75c501b", "token": "0~86c646f9-8863-4d80-b041-6d9cb75c501b", "jobId": "59582426", "section": "MAIN", "sectionRank": 128, "jobAdType": "ORGANIC", "tags": {"mordor__flights": "mordor_123"}}, "subClassification": {"id": "6050", "description": "Retail Assistants"}, "suburb": "Cowra", "suburbId": 14803, "suburbWhereValue": "Cowra NSW 2794", "teaser": "Our limited roster contracts allow you to nominate the days you can work, so you can prioritise both personal commitments and work at the same time.", "title": "Retail Assistant - Cowra - Central West (Limited Roster for 10.5 hrs p/w)", "tracking": "ewogICJ0b2tlbiI6ICI5MWVhMGY2My01YTQxLTlhMmItYmFmMi0zM2U0ZDc4ZmRiZTlfOCIKfQ==", "workType": "Part Time", "isPrivateAdvertiser": false}, {"advertiser": {"id": "27493644", "description": "Aldi Stores"}, "area": "Parramatta & Western Suburbs", "areaId": 5030, "areaWhereValue": "Parramatta & Western Suburbs Sydney NSW", "automaticInclusion": false, "bulletPoints": [], "classification": {"id": "6043", "description": "Retail & Consumer Products"}, "companyName": "ALDI", "companyProfileStructuredDataId": 5197, "displayType": "standard", "listingDateDisplay": "22h ago", "location": "Sydney", "locationId": 1000, "locationWhereValue": "All Sydney NSW", "id": 59668825, "isPremium": false, "isStandOut": false, "jobLocation": {"label": "Emu Plains, Sydney NSW", "countryCode": "AU", "seoHierarchy": [{"contextualName": "Emu Plains NSW 2750"}, {"contextualName": "All Sydney NSW"}]}, "listingDate": "2023-01-10T05:52:38Z", "logo": {"id": "", "description": null}, "roleId": "store-manager", "salary": "", "solMetadata": {"searchRequestToken": "86c646f9-8863-4d80-b041-6d9cb75c501b", "token": "0~86c646f9-8863-4d80-b041-6d9cb75c501b", "jobId": "59668825", "section": "MAIN", "sectionRank": 129, "jobAdType": "ORGANIC", "tags": {"mordor__flights": "mordor_123"}}, "subClassification": {"id": "6047", "description": "Management - Store"}, "suburb": "Emu Plains", "suburbId": 20063, "suburbWhereValue": "Emu Plains NSW 2750", "teaser": "From driving sales and controlling costs, to serving customers & training staff, our Duty Store Managers always lead from the front.", "title": "Duty Store Manager - Emu Plains and St Marys", "tracking": "ewogICJ0b2tlbiI6ICI5MWVhMGY2My01YTQxLTlhMmItYmFmMi0zM2U0ZDc4ZmRiZTlfOSIKfQ==", "workType": "Part Time", "isPrivateAdvertiser": false}, {"advertiser": {"id": "27493644", "description": "Aldi Stores"}, "automaticInclusion": false, "bulletPoints": [], "classification": {"id": "6043", "description": "Retail & Consumer Products"}, "companyName": "ALDI", "companyProfileStructuredDataId": 5197, "displayType": "standard", "listingDateDisplay": "6d ago", "location": "Sunshine Coast", "locationId": 5002, "locationWhereValue": "Sunshine Coast QLD", "id": 59619904, "isPremium": false, "isStandOut": false, "jobLocation": {"label": "Noosaville, Sunshine Coast QLD", "countryCode": "AU", "seoHierarchy": [{"contextualName": "Noosaville QLD 4566"}, {"contextualName": "Sunshine Coast QLD"}]}, "listingDate": "2023-01-05T09:14:54Z", "logo": {"id": "", "description": null}, "roleId": "retail-sales-assistant", "salary": "", "solMetadata": {"searchRequestToken": "86c646f9-8863-4d80-b041-6d9cb75c501b", "token": "0~86c646f9-8863-4d80-b041-6d9cb75c501b", "jobId": "59619904", "section": "MAIN", "sectionRank": 130, "jobAdType": "ORGANIC", "tags": {"mordor__flights": "mordor_123"}}, "subClassification": {"id": "6050", "description": "Retail Assistants"}, "suburb": "Noosaville", "suburbId": 23894, "suburbWhereValue": "Noosaville QLD 4566", "teaser": "Whether they\u2019re racing to fill shelves or scanning through customers, our Retail Assistants can do everything and anything.", "title": "Retail Assistant - Noosa - 25 Hours p/w", "tracking": "ewogICJ0b2tlbiI6ICI5MWVhMGY2My01YTQxLTlhMmItYmFmMi0zM2U0ZDc4ZmRiZTlfMTAiCn0=", "workType": "Part Time", "isPrivateAdvertiser": false}, {"advertiser": {"id": "27493644", "description": "Aldi Stores"}, "automaticInclusion": false, "bulletPoints": [], "classification": {"id": "6043", "description": "Retail & Consumer Products"}, "companyName": "ALDI", "companyProfileStructuredDataId": 5197, "displayType": "standard", "listingDateDisplay": "7d ago", "location": "Wagga Wagga & Riverina", "locationId": 5037, "locationWhereValue": "Wagga Wagga & Riverina NSW", "id": 59609073, "isPremium": false, "isStandOut": false, "jobLocation": {"label": "Wagga Wagga, Wagga Wagga & Riverina NSW", "countryCode": "AU", "seoHierarchy": [{"contextualName": "Wagga Wagga NSW 2650"}, {"contextualName": "Wagga Wagga & Riverina NSW"}]}, "listingDate": "2023-01-04T09:54:24Z", "logo": {"id": "", "description": null}, "roleId": "retail-sales-assistant", "salary": "", "solMetadata": {"searchRequestToken": "86c646f9-8863-4d80-b041-6d9cb75c501b", "token": "0~86c646f9-8863-4d80-b041-6d9cb75c501b", "jobId": "59609073", "section": "MAIN", "sectionRank": 131, "jobAdType": "ORGANIC", "tags": {"mordor__flights": "mordor_123"}}, "subClassification": {"id": "6050", "description": "Retail Assistants"}, "suburb": "Wagga Wagga", "suburbId": 21637, "suburbWhereValue": "Wagga Wagga NSW 2650", "teaser": "Whether they\u2019re racing to fill shelves or scanning through customers, our Retail Assistants can do everything and anything.", "title": "Retail Assistant - Wagga Wagga/Glenfield Park", "tracking": "ewogICJ0b2tlbiI6ICI5MWVhMGY2My01YTQxLTlhMmItYmFmMi0zM2U0ZDc4ZmRiZTlfMTEiCn0=", "workType": "Part Time", "isPrivateAdvertiser": false}, {"advertiser": {"id": "27493644", "description": "Aldi Stores"}, "area": "CBD & Inner Suburbs", "areaId": 5010, "areaWhereValue": "Brisbane CBD & Inner Suburbs Brisbane QLD", "automaticInclusion": false, "bulletPoints": [], "classification": {"id": "6043", "description": "Retail & Consumer Products"}, "companyName": "ALDI", "companyProfileStructuredDataId": 5197, "displayType": "standard", "listingDateDisplay": "19d ago", "location": "Brisbane", "locationId": 1004, "locationWhereValue": "All Brisbane QLD", "id": 59558043, "isPremium": false, "isStandOut": false, "jobLocation": {"label": "The Gap, Brisbane QLD", "countryCode": "AU", "seoHierarchy": [{"contextualName": "The Gap QLD 4061"}, {"contextualName": "All Brisbane QLD"}]}, "listingDate": "2022-12-22T23:01:02Z", "logo": {"id": "", "description": null}, "roleId": "retail-sales-assistant", "salary": "", "solMetadata": {"searchRequestToken": "86c646f9-8863-4d80-b041-6d9cb75c501b", "token": "0~86c646f9-8863-4d80-b041-6d9cb75c501b", "jobId": "59558043", "section": "MAIN", "sectionRank": 132, "jobAdType": "ORGANIC", "tags": {"mordor__flights": "mordor_123"}}, "subClassification": {"id": "6050", "description": "Retail Assistants"}, "suburb": "The Gap", "suburbId": 16671, "suburbWhereValue": "The Gap QLD 4061", "teaser": "Whether they\u2019re racing to fill shelves or scanning through customers, our Retail Assistants can do everything and anything.", "title": "Retail Assistant - The Gap - 10.5-15 hours pw", "tracking": "ewogICJ0b2tlbiI6ICI5MWVhMGY2My01YTQxLTlhMmItYmFmMi0zM2U0ZDc4ZmRiZTlfMTIiCn0=", "workType": "Part Time", "isPrivateAdvertiser": false}, {"advertiser": {"id": "27493644", "description": "Aldi Stores"}, "area": "Parramatta & Western Suburbs", "areaId": 5030, "areaWhereValue": "Parramatta & Western Suburbs Sydney NSW", "automaticInclusion": false, "bulletPoints": [], "classification": {"id": "6092", "description": "Manufacturing, Transport & Logistics"}, "companyName": "ALDI", "companyProfileStructuredDataId": 5197, "displayType": "standard", "listingDateDisplay": "9d ago", "location": "Sydney", "locationId": 1000, "locationWhereValue": "All Sydney NSW", "id": 59583764, "isPremium": false, "isStandOut": false, "jobLocation": {"label": "Minchinbury, Sydney NSW", "countryCode": "AU", "seoHierarchy": [{"contextualName": "Minchinbury NSW 2770"}, {"contextualName": "All Sydney NSW"}]}, "listingDate": "2023-01-02T13:01:09Z", "logo": {"id": "", "description": null}, "roleId": "transport-supervisor", "salary": "", "solMetadata": {"searchRequestToken": "86c646f9-8863-4d80-b041-6d9cb75c501b", "token": "0~86c646f9-8863-4d80-b041-6d9cb75c501b", "jobId": "59583764", "section": "MAIN", "sectionRank": 133, "jobAdType": "ORGANIC", "tags": {"mordor__flights": "mordor_123"}}, "subClassification": {"id": "6107", "description": "Team Leaders/Supervisors"}, "suburb": "Minchinbury", "suburbId": 18808, "suburbWhereValue": "Minchinbury NSW 2770", "teaser": "From scheduling stock delivery to helping manage staff rosters, our Transport ASL's share the responsibility of running of our Transport  Department", "title": "Assistant Transport Supervisor", "tracking": "ewogICJ0b2tlbiI6ICI5MWVhMGY2My01YTQxLTlhMmItYmFmMi0zM2U0ZDc4ZmRiZTlfMTMiCn0=", "workType": "Full Time", "isPrivateAdvertiser": false}, {"advertiser": {"id": "27493644", "description": "Aldi Stores"}, "automaticInclusion": false, "bulletPoints": [], "classification": {"id": "6043", "description": "Retail & Consumer Products"}, "companyName": "ALDI", "companyProfileStructuredDataId": 5197, "displayType": "standard", "listingDateDisplay": "13d ago", "location": "Tumut, Snowy & Monaro", "locationId": 5034, "locationWhereValue": "Tumut, Snowy & Monaro NSW", "id": 59576132, "isPremium": false, "isStandOut": false, "jobLocation": {"label": "Cooma, Tumut, Snowy & Monaro NSW", "countryCode": "AU", "seoHierarchy": [{"contextualName": "Cooma NSW 2630"}, {"contextualName": "Tumut, Snowy & Monaro NSW"}]}, "listingDate": "2022-12-29T10:11:43Z", "logo": {"id": "", "description": null}, "roleId": "retail-sales-assistant", "salary": "", "solMetadata": {"searchRequestToken": "86c646f9-8863-4d80-b041-6d9cb75c501b", "token": "0~86c646f9-8863-4d80-b041-6d9cb75c501b", "jobId": "59576132", "section": "MAIN", "sectionRank": 134, "jobAdType": "ORGANIC", "tags": {"mordor__flights": "mordor_123"}}, "subClassification": {"id": "6050", "description": "Retail Assistants"}, "suburb": "Cooma", "suburbId": 14619, "suburbWhereValue": "Cooma NSW 2630", "teaser": "Whether they\u2019re racing to fill shelves or scanning through customers, our Retail Assistants can do everything and anything.", "title": "Retail Assistant - Cooma", "tracking": "ewogICJ0b2tlbiI6ICI5MWVhMGY2My01YTQxLTlhMmItYmFmMi0zM2U0ZDc4ZmRiZTlfMTQiCn0=", "workType": "Part Time", "isPrivateAdvertiser": false}, {"advertiser": {"id": "27493644", "description": "Aldi Stores"}, "area": "Western Suburbs", "areaId": 5073, "areaWhereValue": "Western Suburbs Melbourne VIC", "automaticInclusion": false, "bulletPoints": [], "classification": {"id": "6092", "description": "Manufacturing, Transport & Logistics"}, "companyName": "ALDI", "companyProfileStructuredDataId": 5197, "displayType": "standard", "listingDateDisplay": "6d ago", "location": "Melbourne", "locationId": 1002, "locationWhereValue": "All Melbourne VIC", "id": 59619856, "isPremium": false, "isStandOut": false, "jobLocation": {"label": "Derrimut, Melbourne VIC", "countryCode": "AU", "seoHierarchy": [{"contextualName": "Derrimut VIC 3030"}, {"contextualName": "All Melbourne VIC"}]}, "listingDate": "2023-01-05T08:58:43Z", "logo": {"id": "", "description": null}, "roleId": "truckdriver", "salary": "", "solMetadata": {"searchRequestToken": "86c646f9-8863-4d80-b041-6d9cb75c501b", "token": "0~86c646f9-8863-4d80-b041-6d9cb75c501b", "jobId": "59619856", "section": "MAIN", "sectionRank": 135, "jobAdType": "ORGANIC", "tags": {"mordor__flights": "mordor_123"}}, "subClassification": {"id": "6111", "description": "Road Transport"}, "suburb": "Derrimut", "suburbId": 15220, "suburbWhereValue": "Derrimut VIC 3030", "teaser": "Spending days on the road delivering our stock state-wide, our Transport Operators are level headed, adaptable and safety minded.", "title": "Truck Driver", "tracking": "ewogICJ0b2tlbiI6ICI5MWVhMGY2My01YTQxLTlhMmItYmFmMi0zM2U0ZDc4ZmRiZTlfMTUiCn0=", "workType": "Part Time", "isPrivateAdvertiser": false}, {"advertiser": {"id": "27493644", "description": "Aldi Stores"}, "area": "CBD & Inner Suburbs", "areaId": 5010, "areaWhereValue": "Brisbane CBD & Inner Suburbs Brisbane QLD", "automaticInclusion": false, "bulletPoints": [], "classification": {"id": "6043", "description": "Retail & Consumer Products"}, "companyName": "ALDI", "companyProfileStructuredDataId": 5197, "displayType": "standard", "listingDateDisplay": "1d ago", "location": "Brisbane", "locationId": 1004, "locationWhereValue": "All Brisbane QLD", "id": 59656632, "isPremium": false, "isStandOut": false, "jobLocation": {"label": "Taigum, Brisbane QLD", "countryCode": "AU", "seoHierarchy": [{"contextualName": "Taigum QLD 4018"}, {"contextualName": "All Brisbane QLD"}]}, "listingDate": "2023-01-09T23:01:18Z", "logo": {"id": "", "description": null}, "roleId": "store-manager", "salary": "", "solMetadata": {"searchRequestToken": "86c646f9-8863-4d80-b041-6d9cb75c501b", "token": "0~86c646f9-8863-4d80-b041-6d9cb75c501b", "jobId": "59656632", "section": "MAIN", "sectionRank": 136, "jobAdType": "ORGANIC", "tags": {"mordor__flights": "mordor_123"}}, "subClassification": {"id": "6047", "description": "Management - Store"}, "suburb": "Taigum", "suburbId": 16382, "suburbWhereValue": "Taigum QLD 4018", "teaser": "From driving sales and controlling costs, to serving customers & training staff, our Duty Store Managers always lead from the front.", "title": "Duty Store Manager - Aspley / Taigum", "tracking": "ewogICJ0b2tlbiI6ICI5MWVhMGY2My01YTQxLTlhMmItYmFmMi0zM2U0ZDc4ZmRiZTlfMTYiCn0=", "workType": "Part Time", "isPrivateAdvertiser": false}, {"advertiser": {"id": "27493644", "description": "Aldi Stores"}, "automaticInclusion": false, "bulletPoints": [], "classification": {"id": "6043", "description": "Retail & Consumer Products"}, "companyName": "ALDI", "companyProfileStructuredDataId": 5197, "displayType": "standard", "listingDateDisplay": "5d ago", "location": "Wollongong, Illawarra & South Coast", "locationId": 5038, "locationWhereValue": "Wollongong, Illawarra & South Coast NSW", "id": 59627429, "isPremium": false, "isStandOut": false, "jobLocation": {"label": "Batemans Bay, Wollongong, Illawarra & South Coast NSW", "countryCode": "AU", "seoHierarchy": [{"contextualName": "Batemans Bay NSW 2536"}, {"contextualName": "Wollongong, Illawarra & South Coast NSW"}]}, "listingDate": "2023-01-06T04:26:29Z", "logo": {"id": "", "description": null}, "roleId": "retail-sales-assistant", "salary": "", "solMetadata": {"searchRequestToken": "86c646f9-8863-4d80-b041-6d9cb75c501b", "token": "0~86c646f9-8863-4d80-b041-6d9cb75c501b", "jobId": "59627429", "section": "MAIN", "sectionRank": 137, "jobAdType": "ORGANIC", "tags": {"mordor__flights": "mordor_123"}}, "subClassification": {"id": "6050", "description": "Retail Assistants"}, "suburb": "Batemans Bay", "suburbId": 17185, "suburbWhereValue": "Batemans Bay NSW 2536", "teaser": "Whether they\u2019re racing to fill shelves or scanning through customers, our Retail Assistants can do everything and anything.", "title": "Retail Assistant - Batemans Bay - 15-30hr p/w", "tracking": "ewogICJ0b2tlbiI6ICI5MWVhMGY2My01YTQxLTlhMmItYmFmMi0zM2U0ZDc4ZmRiZTlfMTciCn0=", "workType": "Part Time", "isPrivateAdvertiser": false}, {"advertiser": {"id": "27493644", "description": "Aldi Stores"}, "area": "Parramatta & Western Suburbs", "areaId": 5030, "areaWhereValue": "Parramatta & Western Suburbs Sydney NSW", "automaticInclusion": false, "bulletPoints": [], "classification": {"id": "6043", "description": "Retail & Consumer Products"}, "companyName": "ALDI", "companyProfileStructuredDataId": 5197, "displayType": "standard", "listingDateDisplay": "5d ago", "location": "Sydney", "locationId": 1000, "locationWhereValue": "All Sydney NSW", "id": 59628667, "isPremium": false, "isStandOut": false, "jobLocation": {"label": "Rydalmere, Sydney NSW", "countryCode": "AU", "seoHierarchy": [{"contextualName": "Rydalmere NSW 2116"}, {"contextualName": "All Sydney NSW"}]}, "listingDate": "2023-01-06T05:43:35Z", "logo": {"id": "", "description": null}, "roleId": "assistant-store-manager", "salary": "", "solMetadata": {"searchRequestToken": "86c646f9-8863-4d80-b041-6d9cb75c501b", "token": "0~86c646f9-8863-4d80-b041-6d9cb75c501b", "jobId": "59628667", "section": "MAIN", "sectionRank": 138, "jobAdType": "ORGANIC", "tags": {"mordor__flights": "mordor_123"}}, "subClassification": {"id": "6047", "description": "Management - Store"}, "suburb": "Rydalmere", "suburbId": 12598, "suburbWhereValue": "Rydalmere NSW 2116", "teaser": "Whether it\u2019s managing rosters or cleaning up a spill in aisle 3, our Assistant Store Managers always lead from the front.", "title": "Assistant Store Manager - Ryde & Macquarie Park", "tracking": "ewogICJ0b2tlbiI6ICI5MWVhMGY2My01YTQxLTlhMmItYmFmMi0zM2U0ZDc4ZmRiZTlfMTgiCn0=", "workType": "Full Time", "isPrivateAdvertiser": false}, {"advertiser": {"id": "27493644", "description": "Aldi Stores"}, "area": "Northern Suburbs", "areaId": 5012, "areaWhereValue": "Northern Suburbs Brisbane QLD", "automaticInclusion": false, "bulletPoints": [], "classification": {"id": "6043", "description": "Retail & Consumer Products"}, "companyName": "ALDI", "companyProfileStructuredDataId": 5197, "displayType": "standard", "listingDateDisplay": "19d ago", "location": "Brisbane", "locationId": 1004, "locationWhereValue": "All Brisbane QLD", "id": 59559418, "isPremium": false, "isStandOut": false, "jobLocation": {"label": "Warner, Brisbane QLD", "countryCode": "AU", "seoHierarchy": [{"contextualName": "Warner QLD 4500"}, {"contextualName": "All Brisbane QLD"}]}, "listingDate": "2022-12-23T00:27:44Z", "logo": {"id": "", "description": null}, "roleId": "retail-sales-assistant", "salary": "", "solMetadata": {"searchRequestToken": "86c646f9-8863-4d80-b041-6d9cb75c501b", "token": "0~86c646f9-8863-4d80-b041-6d9cb75c501b", "jobId": "59559418", "section": "MAIN", "sectionRank": 139, "jobAdType": "ORGANIC", "tags": {"mordor__flights": "mordor_123"}}, "subClassification": {"id": "6050", "description": "Retail Assistants"}, "suburb": "Warner", "suburbId": 21849, "suburbWhereValue": "Warner QLD 4500", "teaser": "Whether they\u2019re racing to fill shelves or scanning through customers, our Retail Assistants can do everything and anything.", "title": "Retail Assistant - Warner/Albany Creek - 15-20 hours p/w", "tracking": "ewogICJ0b2tlbiI6ICI5MWVhMGY2My01YTQxLTlhMmItYmFmMi0zM2U0ZDc4ZmRiZTlfMTkiCn0=", "workType": "Part Time", "isPrivateAdvertiser": false}, {"advertiser": {"id": "27493644", "description": "Aldi Stores"}, "automaticInclusion": false, "bulletPoints": [], "classification": {"id": "6043", "description": "Retail & Consumer Products"}, "companyName": "ALDI", "companyProfileStructuredDataId": 5197, "displayType": "standard", "listingDateDisplay": "8d ago", "location": "Geraldton, Gascoyne & Midwest", "locationId": 5056, "locationWhereValue": "Geraldton, Gascoyne & Midwest WA", "id": 59586615, "isPremium": false, "isStandOut": false, "jobLocation": {"label": "Geraldton, Geraldton, Gascoyne & Midwest WA", "countryCode": "AU", "seoHierarchy": [{"contextualName": "Geraldton WA 6530"}, {"contextualName": "Geraldton, Gascoyne & Midwest WA"}]}, "listingDate": "2023-01-02T23:49:15Z", "logo": {"id": "", "description": null}, "roleId": "retail-sales-assistant", "salary": "", "solMetadata": {"searchRequestToken": "86c646f9-8863-4d80-b041-6d9cb75c501b", "token": "0~86c646f9-8863-4d80-b041-6d9cb75c501b", "jobId": "59586615", "section": "MAIN", "sectionRank": 140, "jobAdType": "ORGANIC", "tags": {"mordor__flights": "mordor_123"}}, "subClassification": {"id": "6050", "description": "Retail Assistants"}, "suburb": "Geraldton", "suburbId": 20646, "suburbWhereValue": "Geraldton WA 6530", "teaser": "Whether they\u2019re racing to fill shelves or scanning through customers, our Retail Assistants can do everything and anything.", "title": "Retail Assistant - Geraldton - 20-30 hours p/w", "tracking": "ewogICJ0b2tlbiI6ICI5MWVhMGY2My01YTQxLTlhMmItYmFmMi0zM2U0ZDc4ZmRiZTlfMjAiCn0=", "workType": "Part Time", "isPrivateAdvertiser": false}], "title": "Jobs in All Australia", "totalCount": 417, "paginationParameters": {"seekSelectAllPages": true, "hadPremiumListings": false}, "info": {"timeTaken": 57, "source": "JobSearch-sm", "experiment": "mordor_123"}, "userQueryId": "a3f7e6f85be73fd8fe2e3d5ea92001b7-7335003", "sortMode": [{"isActive": true, "name": "Relevance", "value": "KeywordRelevance"}, {"isActive": false, "name": "Date", "value": "ListedDate"}], "solMetadata": {"requestToken": "86c646f9-8863-4d80-b041-6d9cb75c501b", "token": "0~86c646f9-8863-4d80-b041-6d9cb75c501b", "sortMode": "RELEVANCE", "locations": ["seek-3000"], "locationDistance": 50, "employer": "ALDI", "pageSize": 20, "pageNumber": 7, "totalJobCount": 417, "tags": {"mordor__flights": "mordor_123", "chalice-search-api:solId": "c00c353f-a376-4b96-b397-16e262dbd3d3"}}, "location": {"matched": true, "whereId": 3000, "type": "Country", "suburbType": "rural", "description": "All Australia", "stateDescription": "", "locationId": 3000, "locationDescription": "", "areaId": 0, "areaDescription": "", "suburbParentDescription": ""}, "canonicalCompany": {"id": "5197", "description": "ALDI"}, "companySuggestion": {"search": {"keywords": "ALDI"}, "count": "461"}, "joraCrossLink": {"canCrossLink": false}, "searchParams": {"sitekey": "AU-Main", "sourcesystem": "houston", "userqueryid": "a3f7e6f85be73fd8fe2e3d5ea92001b7-7335003", "userid": "5959404e-631e-45a1-bb3b-2ae481757cf6", "usersessionid": "5959404e-631e-45a1-bb3b-2ae481757cf6", "eventcapturesessionid": "5959404e-631e-45a1-bb3b-2ae481757cf6", "where": "All Australia", "page": "7", "seekselectallpages": "true", "companyname": "ALDI", "include": "seodata", "solid": "c00c353f-a376-4b96-b397-16e262dbd3d3"}}