{"data": [{"advertiser": {"id": "27493644", "description": "Aldi Stores"}, "area": "Ryde & Macquarie Park", "areaId": 5031, "areaWhereValue": "Ryde & Macquarie Park Sydney NSW", "automaticInclusion": false, "bulletPoints": [], "classification": {"id": "6043", "description": "Retail & Consumer Products"}, "companyName": "ALDI", "companyProfileStructuredDataId": 5197, "displayType": "standard", "listingDateDisplay": "23d ago", "location": "Sydney", "locationId": 1000, "locationWhereValue": "All Sydney NSW", "id": 59514695, "isPremium": false, "isStandOut": false, "jobLocation": {"label": "Ryde, Sydney NSW", "countryCode": "AU", "seoHierarchy": [{"contextualName": "Ryde NSW 2112"}, {"contextualName": "All Sydney NSW"}]}, "listingDate": "2022-12-18T22:17:12Z", "logo": {"id": "", "description": null}, "roleId": "retail-sales-assistant", "salary": "", "solMetadata": {"searchRequestToken": "100b05ba-9471-49cc-aae9-71489c856ccb", "token": "0~100b05ba-9471-49cc-aae9-71489c856ccb", "jobId": "59514695", "section": "MAIN", "sectionRank": 161, "jobAdType": "ORGANIC", "tags": {"mordor__flights": "mordor_123"}}, "subClassification": {"id": "6050", "description": "Retail Assistants"}, "suburb": "Ryde", "suburbId": 12599, "suburbWhereValue": "Ryde NSW 2112", "teaser": "Whether they\u2019re racing to fill shelves or scanning through customers, our Retail Assistants can do everything and anything.", "title": "Retail Assistant - Top Ryde", "tracking": "ewogICJ0b2tlbiI6ICJmNmU0N2RlOS03ZjY0LTkyYzktODdmOC1iNmE1NDc0NzE3NzVfMSIKfQ==", "workType": "Part Time", "isPrivateAdvertiser": false}, {"advertiser": {"id": "27493644", "description": "Aldi Stores"}, "automaticInclusion": false, "bulletPoints": [], "classification": {"id": "6092", "description": "Manufacturing, Transport & Logistics"}, "companyName": "ALDI", "companyProfileStructuredDataId": 5197, "displayType": "standard", "listingDateDisplay": "6d ago", "location": "Adelaide", "locationId": 1007, "locationWhereValue": "All Adelaide SA", "id": 59620509, "isPremium": false, "isStandOut": false, "jobLocation": {"label": "Adelaide SA", "countryCode": "AU", "seoHierarchy": [{"contextualName": "All Adelaide SA"}, {"contextualName": "South Australia SA"}]}, "listingDate": "2023-01-05T13:31:11Z", "logo": {"id": "", "description": null}, "roleId": "truckdriver", "salary": "", "solMetadata": {"searchRequestToken": "100b05ba-9471-49cc-aae9-71489c856ccb", "token": "0~100b05ba-9471-49cc-aae9-71489c856ccb", "jobId": "59620509", "section": "MAIN", "sectionRank": 162, "jobAdType": "ORGANIC", "tags": {"mordor__flights": "mordor_123"}}, "subClassification": {"id": "6111", "description": "Road Transport"}, "teaser": "Spending days on the road delivering our stock state-wide, our Transport Operators are level headed, adaptable and safety minded.", "title": "Truck Driver - Afternoon Shift", "tracking": "ewogICJ0b2tlbiI6ICJmNmU0N2RlOS03ZjY0LTkyYzktODdmOC1iNmE1NDc0NzE3NzVfMiIKfQ==", "workType": "Part Time", "isPrivateAdvertiser": false}, {"advertiser": {"id": "27493644", "description": "Aldi Stores"}, "area": "Bayside & South Eastern Suburbs", "areaId": 5070, "areaWhereValue": "Bayside & South Eastern Suburbs Melbourne VIC", "automaticInclusion": false, "bulletPoints": [], "classification": {"id": "6043", "description": "Retail & Consumer Products"}, "companyName": "ALDI", "companyProfileStructuredDataId": 5197, "displayType": "standard", "listingDateDisplay": "5d ago", "location": "Melbourne", "locationId": 1002, "locationWhereValue": "All Melbourne VIC", "id": 59630369, "isPremium": false, "isStandOut": false, "jobLocation": {"label": "Hampton Park, Melbourne VIC", "countryCode": "AU", "seoHierarchy": [{"contextualName": "Hampton Park VIC 3976"}, {"contextualName": "All Melbourne VIC"}]}, "listingDate": "2023-01-06T10:01:10Z", "logo": {"id": "", "description": null}, "roleId": "store-manager", "salary": "", "solMetadata": {"searchRequestToken": "100b05ba-9471-49cc-aae9-71489c856ccb", "token": "0~100b05ba-9471-49cc-aae9-71489c856ccb", "jobId": "59630369", "section": "MAIN", "sectionRank": 163, "jobAdType": "ORGANIC", "tags": {"mordor__flights": "mordor_123"}}, "subClassification": {"id": "6047", "description": "Management - Store"}, "suburb": "Hampton Park", "suburbId": 23017, "suburbWhereValue": "Hampton Park VIC 3976", "teaser": "From driving sales and controlling costs, to serving customers & training staff, our Duty Store Managers always lead from the front.", "title": "Duty Store Manager - Hampton Park/Fountain Gate/Berwick", "tracking": "ewogICJ0b2tlbiI6ICJmNmU0N2RlOS03ZjY0LTkyYzktODdmOC1iNmE1NDc0NzE3NzVfMyIKfQ==", "workType": "Full Time", "isPrivateAdvertiser": false}, {"advertiser": {"id": "27493644", "description": "Aldi Stores"}, "area": "Parramatta & Western Suburbs", "areaId": 5030, "areaWhereValue": "Parramatta & Western Suburbs Sydney NSW", "automaticInclusion": false, "bulletPoints": [], "classification": {"id": "6043", "description": "Retail & Consumer Products"}, "companyName": "ALDI", "companyProfileStructuredDataId": 5197, "displayType": "standard", "listingDateDisplay": "4d ago", "location": "Sydney", "locationId": 1000, "locationWhereValue": "All Sydney NSW", "id": 59631234, "isPremium": false, "isStandOut": false, "jobLocation": {"label": "Minchinbury, Sydney NSW", "countryCode": "AU", "seoHierarchy": [{"contextualName": "Minchinbury NSW 2770"}, {"contextualName": "All Sydney NSW"}]}, "listingDate": "2023-01-06T22:01:08Z", "logo": {"id": "", "description": null}, "roleId": "executive-manager", "salary": "$133,200 - $179,300 including super", "solMetadata": {"searchRequestToken": "100b05ba-9471-49cc-aae9-71489c856ccb", "token": "0~100b05ba-9471-49cc-aae9-71489c856ccb", "jobId": "59631234", "section": "MAIN", "sectionRank": 164, "jobAdType": "ORGANIC", "tags": {"mordor__flights": "mordor_123"}}, "subClassification": {"id": "6044", "description": "Buying"}, "suburb": "Minchinbury", "suburbId": 18808, "suburbWhereValue": "Minchinbury NSW 2770", "teaser": "Lead a team, driving category operations and day to day process, encouraging profitability and commercial success for our Fresh Meat category", "title": "Buying Executive Manager", "tracking": "ewogICJ0b2tlbiI6ICJmNmU0N2RlOS03ZjY0LTkyYzktODdmOC1iNmE1NDc0NzE3NzVfNCIKfQ==", "workType": "Full Time", "isPrivateAdvertiser": false}, {"advertiser": {"id": "27493644", "description": "Aldi Stores"}, "automaticInclusion": false, "bulletPoints": [], "classification": {"id": "6043", "description": "Retail & Consumer Products"}, "companyName": "ALDI", "companyProfileStructuredDataId": 5197, "displayType": "standard", "listingDateDisplay": "13d ago", "location": "Newcastle, Maitland & Hunter", "locationId": 5045, "locationWhereValue": "Newcastle, Maitland & Hunter NSW", "id": 59574477, "isPremium": false, "isStandOut": false, "jobLocation": {"label": "Kurri Kurri, Newcastle, Maitland & Hunter NSW", "countryCode": "AU", "seoHierarchy": [{"contextualName": "Kurri Kurri NSW 2327"}, {"contextualName": "Newcastle, Maitland & Hunter NSW"}]}, "listingDate": "2022-12-29T01:53:31Z", "logo": {"id": "", "description": null}, "roleId": "retail-sales-assistant", "salary": "Fast Paced, Permanent Part Time, Team Work.", "solMetadata": {"searchRequestToken": "100b05ba-9471-49cc-aae9-71489c856ccb", "token": "0~100b05ba-9471-49cc-aae9-71489c856ccb", "jobId": "59574477", "section": "MAIN", "sectionRank": 165, "jobAdType": "ORGANIC", "tags": {"mordor__flights": "mordor_123"}}, "subClassification": {"id": "6050", "description": "Retail Assistants"}, "suburb": "Kurri Kurri", "suburbId": 13392, "suburbWhereValue": "Kurri Kurri NSW 2327", "teaser": "Whether they\u2019re racing to fill shelves or scanning through customers, our Retail Assistants can do everything and anything.", "title": "Retail Assistant - KURRI KURRI", "tracking": "ewogICJ0b2tlbiI6ICJmNmU0N2RlOS03ZjY0LTkyYzktODdmOC1iNmE1NDc0NzE3NzVfNSIKfQ==", "workType": "Part Time", "isPrivateAdvertiser": false}, {"advertiser": {"id": "27493644", "description": "Aldi Stores"}, "area": "South West & M5 Corridor", "areaId": 5033, "areaWhereValue": "South West & M5 Corridor Sydney NSW", "automaticInclusion": false, "bulletPoints": [], "classification": {"id": "6092", "description": "Manufacturing, Transport & Logistics"}, "companyName": "ALDI", "companyProfileStructuredDataId": 5197, "displayType": "standard", "listingDateDisplay": "19d ago", "location": "Sydney", "locationId": 1000, "locationWhereValue": "All Sydney NSW", "id": 59564426, "isPremium": false, "isStandOut": false, "jobLocation": {"label": "Prestons, Sydney NSW", "countryCode": "AU", "seoHierarchy": [{"contextualName": "Prestons NSW 2170"}, {"contextualName": "All Sydney NSW"}]}, "listingDate": "2022-12-23T13:01:11Z", "logo": {"id": "", "description": null}, "roleId": "warehouse-picker", "salary": "", "solMetadata": {"searchRequestToken": "100b05ba-9471-49cc-aae9-71489c856ccb", "token": "0~100b05ba-9471-49cc-aae9-71489c856ccb", "jobId": "59564426", "section": "MAIN", "sectionRank": 166, "jobAdType": "ORGANIC", "tags": {"mordor__flights": "mordor_123"}}, "subClassification": {"id": "6108", "description": "Warehousing, Storage & Distribution"}, "suburb": "Prestons", "suburbId": 12018, "suburbWhereValue": "Prestons NSW 2170", "teaser": "Our energetic Warehouse Pickers are responsible for accurately picking and dispatching goods, managing orders and controlling stock levels.", "title": "Warehouse Picker", "tracking": "ewogICJ0b2tlbiI6ICJmNmU0N2RlOS03ZjY0LTkyYzktODdmOC1iNmE1NDc0NzE3NzVfNiIKfQ==", "workType": "Part Time", "isPrivateAdvertiser": false}, {"advertiser": {"id": "27493644", "description": "Aldi Stores"}, "area": "Northern Suburbs", "areaId": 5072, "areaWhereValue": "Northern Suburbs Melbourne VIC", "automaticInclusion": false, "bulletPoints": [], "classification": {"id": "6043", "description": "Retail & Consumer Products"}, "companyName": "ALDI", "companyProfileStructuredDataId": 5197, "displayType": "standard", "listingDateDisplay": "19d ago", "location": "Melbourne", "locationId": 1002, "locationWhereValue": "All Melbourne VIC", "id": 59561104, "isPremium": false, "isStandOut": false, "jobLocation": {"label": "Eltham, Melbourne VIC", "countryCode": "AU", "seoHierarchy": [{"contextualName": "Eltham VIC 3095"}, {"contextualName": "All Melbourne VIC"}]}, "listingDate": "2022-12-23T02:18:12Z", "logo": {"id": "", "description": null}, "roleId": "retail-sales-assistant", "salary": "", "solMetadata": {"searchRequestToken": "100b05ba-9471-49cc-aae9-71489c856ccb", "token": "0~100b05ba-9471-49cc-aae9-71489c856ccb", "jobId": "59561104", "section": "MAIN", "sectionRank": 167, "jobAdType": "ORGANIC", "tags": {"mordor__flights": "mordor_123"}}, "subClassification": {"id": "6050", "description": "Retail Assistants"}, "suburb": "Eltham", "suburbId": 20041, "suburbWhereValue": "Eltham VIC 3095", "teaser": "Whether they\u2019re racing to fill shelves or scanning through customers, our Retail Assistants can do everything and anything.", "title": "Retail Assistant - Eltham", "tracking": "ewogICJ0b2tlbiI6ICJmNmU0N2RlOS03ZjY0LTkyYzktODdmOC1iNmE1NDc0NzE3NzVfNyIKfQ==", "workType": "Part Time", "isPrivateAdvertiser": false}, {"advertiser": {"id": "27493644", "description": "Aldi Stores"}, "area": "South West & M5 Corridor", "areaId": 5033, "areaWhereValue": "South West & M5 Corridor Sydney NSW", "automaticInclusion": false, "bulletPoints": [], "classification": {"id": "6043", "description": "Retail & Consumer Products"}, "companyName": "ALDI", "companyProfileStructuredDataId": 5197, "displayType": "standard", "listingDateDisplay": "6d ago", "location": "Sydney", "locationId": 1000, "locationWhereValue": "All Sydney NSW", "id": 59616099, "isPremium": false, "isStandOut": false, "jobLocation": {"label": "Miller, Sydney NSW", "countryCode": "AU", "seoHierarchy": [{"contextualName": "Miller NSW 2168"}, {"contextualName": "All Sydney NSW"}]}, "listingDate": "2023-01-05T03:29:28Z", "logo": {"id": "", "description": null}, "roleId": "store-manager", "salary": "", "solMetadata": {"searchRequestToken": "100b05ba-9471-49cc-aae9-71489c856ccb", "token": "0~100b05ba-9471-49cc-aae9-71489c856ccb", "jobId": "59616099", "section": "MAIN", "sectionRank": 168, "jobAdType": "ORGANIC", "tags": {"mordor__flights": "mordor_123"}}, "subClassification": {"id": "6047", "description": "Management - Store"}, "suburb": "Miller", "suburbId": 18767, "suburbWhereValue": "Miller NSW 2168", "teaser": "From driving sales and controlling costs, to serving customers & training staff, our Duty Store Managers always lead from the front.", "title": "Duty Store Manager - Miller", "tracking": "ewogICJ0b2tlbiI6ICJmNmU0N2RlOS03ZjY0LTkyYzktODdmOC1iNmE1NDc0NzE3NzVfOCIKfQ==", "workType": "Part Time", "isPrivateAdvertiser": false}, {"advertiser": {"id": "27493644", "description": "Aldi Stores"}, "automaticInclusion": false, "bulletPoints": [], "classification": {"id": "6043", "description": "Retail & Consumer Products"}, "companyName": "ALDI", "companyProfileStructuredDataId": 5197, "displayType": "standard", "listingDateDisplay": "5d ago", "location": "South West Coast VIC", "locationId": 5068, "locationWhereValue": "South West Coast VIC", "id": 59627364, "isPremium": false, "isStandOut": false, "jobLocation": {"label": "Corio, South West Coast VIC", "countryCode": "AU", "seoHierarchy": [{"contextualName": "Corio VIC 3214"}, {"contextualName": "South West Coast VIC"}]}, "listingDate": "2023-01-06T04:22:56Z", "logo": {"id": "", "description": null}, "roleId": "assistant-store-manager", "salary": "", "solMetadata": {"searchRequestToken": "100b05ba-9471-49cc-aae9-71489c856ccb", "token": "0~100b05ba-9471-49cc-aae9-71489c856ccb", "jobId": "59627364", "section": "MAIN", "sectionRank": 169, "jobAdType": "ORGANIC", "tags": {"mordor__flights": "mordor_123"}}, "subClassification": {"id": "6047", "description": "Management - Store"}, "suburb": "Corio", "suburbId": 14729, "suburbWhereValue": "Corio VIC 3214", "teaser": "Whether it\u2019s managing rosters or cleaning up a spill in aisle 3, our Assistant Store Managers always lead from the front.", "title": "Assistant Store Manager- West Geelong", "tracking": "ewogICJ0b2tlbiI6ICJmNmU0N2RlOS03ZjY0LTkyYzktODdmOC1iNmE1NDc0NzE3NzVfOSIKfQ==", "workType": "Full Time", "isPrivateAdvertiser": false}, {"advertiser": {"id": "27493644", "description": "Aldi Stores"}, "area": "CBD & Inner Suburbs", "areaId": 5069, "areaWhereValue": "Melbourne CBD & Inner Suburbs Melbourne VIC", "automaticInclusion": false, "bulletPoints": [], "classification": {"id": "6043", "description": "Retail & Consumer Products"}, "companyName": "ALDI", "companyProfileStructuredDataId": 5197, "displayType": "standard", "listingDateDisplay": "5d ago", "location": "Melbourne", "locationId": 1002, "locationWhereValue": "All Melbourne VIC", "id": 59628442, "isPremium": false, "isStandOut": false, "jobLocation": {"label": "South Melbourne, Melbourne VIC", "countryCode": "AU", "seoHierarchy": [{"contextualName": "South Melbourne VIC 3205"}, {"contextualName": "All Melbourne VIC"}]}, "listingDate": "2023-01-06T05:28:45Z", "logo": {"id": "", "description": null}, "roleId": "store-manager", "salary": "", "solMetadata": {"searchRequestToken": "100b05ba-9471-49cc-aae9-71489c856ccb", "token": "0~100b05ba-9471-49cc-aae9-71489c856ccb", "jobId": "59628442", "section": "MAIN", "sectionRank": 170, "jobAdType": "ORGANIC", "tags": {"mordor__flights": "mordor_123"}}, "subClassification": {"id": "6046", "description": "Management - Department/Assistant"}, "suburb": "South Melbourne", "suburbId": 15897, "suburbWhereValue": "South Melbourne VIC 3205", "teaser": "From driving sales and controlling costs, to serving customers & training staff, our Duty Store Managers always lead from the front.", "title": "Duty Store Manager - Inner City Melbourne", "tracking": "ewogICJ0b2tlbiI6ICJmNmU0N2RlOS03ZjY0LTkyYzktODdmOC1iNmE1NDc0NzE3NzVfMTAiCn0=", "workType": "Part Time", "isPrivateAdvertiser": false}, {"advertiser": {"id": "27493644", "description": "Aldi Stores"}, "automaticInclusion": false, "bulletPoints": [], "classification": {"id": "6092", "description": "Manufacturing, Transport & Logistics"}, "companyName": "ALDI", "companyProfileStructuredDataId": 5197, "displayType": "standard", "listingDateDisplay": "5d ago", "location": "Gold Coast", "locationId": 1005, "locationWhereValue": "All Gold Coast QLD", "id": 59621482, "isPremium": false, "isStandOut": false, "jobLocation": {"label": "Stapylton, Gold Coast QLD", "countryCode": "AU", "seoHierarchy": [{"contextualName": "Stapylton QLD 4207"}, {"contextualName": "All Gold Coast QLD"}]}, "listingDate": "2023-01-05T22:01:23Z", "logo": {"id": "", "description": null}, "roleId": "truckdriver", "salary": "", "solMetadata": {"searchRequestToken": "100b05ba-9471-49cc-aae9-71489c856ccb", "token": "0~100b05ba-9471-49cc-aae9-71489c856ccb", "jobId": "59621482", "section": "MAIN", "sectionRank": 171, "jobAdType": "ORGANIC", "tags": {"mordor__flights": "mordor_123"}}, "subClassification": {"id": "6111", "description": "Road Transport"}, "suburb": "Stapylton", "suburbId": 16111, "suburbWhereValue": "Stapylton QLD 4207", "teaser": "Spending days on the road delivering our stock state-wide, our Transport Operators are level headed, adaptable and safety minded.", "title": "Truck Driver - Morning/Afternoon Shift", "tracking": "ewogICJ0b2tlbiI6ICJmNmU0N2RlOS03ZjY0LTkyYzktODdmOC1iNmE1NDc0NzE3NzVfMTEiCn0=", "workType": "Full Time", "isPrivateAdvertiser": false}, {"advertiser": {"id": "27493644", "description": "Aldi Stores"}, "area": "Northern Suburbs", "areaId": 5072, "areaWhereValue": "Northern Suburbs Melbourne VIC", "automaticInclusion": false, "bulletPoints": [], "classification": {"id": "6043", "description": "Retail & Consumer Products"}, "companyName": "ALDI", "companyProfileStructuredDataId": 5197, "displayType": "standard", "listingDateDisplay": "5d ago", "location": "Melbourne", "locationId": 1002, "locationWhereValue": "All Melbourne VIC", "id": 59628780, "isPremium": false, "isStandOut": false, "jobLocation": {"label": "Preston, Melbourne VIC", "countryCode": "AU", "seoHierarchy": [{"contextualName": "Preston VIC 3072"}, {"contextualName": "All Melbourne VIC"}]}, "listingDate": "2023-01-06T05:50:32Z", "logo": {"id": "", "description": null}, "roleId": "store-manager", "salary": "Active Role, Career Growth Opportunities.", "solMetadata": {"searchRequestToken": "100b05ba-9471-49cc-aae9-71489c856ccb", "token": "0~100b05ba-9471-49cc-aae9-71489c856ccb", "jobId": "59628780", "section": "MAIN", "sectionRank": 172, "jobAdType": "ORGANIC", "tags": {"mordor__flights": "mordor_123"}}, "subClassification": {"id": "6046", "description": "Management - Department/Assistant"}, "suburb": "Preston", "suburbId": 12017, "suburbWhereValue": "Preston VIC 3072", "teaser": "From driving sales and controlling costs, to serving customers & training staff, our Duty Store Managers always lead from the front.", "title": "Duty Store Manager (3IC) - Epping /Preston - 35 hours/week", "tracking": "ewogICJ0b2tlbiI6ICJmNmU0N2RlOS03ZjY0LTkyYzktODdmOC1iNmE1NDc0NzE3NzVfMTIiCn0=", "workType": "Part Time", "isPrivateAdvertiser": false}, {"advertiser": {"id": "27493644", "description": "Aldi Stores"}, "automaticInclusion": false, "bulletPoints": [], "classification": {"id": "6043", "description": "Retail & Consumer Products"}, "companyName": "ALDI", "companyProfileStructuredDataId": 5197, "displayType": "standard", "listingDateDisplay": "1d ago", "location": "Geraldton, Gascoyne & Midwest", "locationId": 5056, "locationWhereValue": "Geraldton, Gascoyne & Midwest WA", "id": 59655154, "isPremium": false, "isStandOut": false, "jobLocation": {"label": "Geraldton, Geraldton, Gascoyne & Midwest WA", "countryCode": "AU", "seoHierarchy": [{"contextualName": "Geraldton WA 6530"}, {"contextualName": "Geraldton, Gascoyne & Midwest WA"}]}, "listingDate": "2023-01-09T22:01:37Z", "logo": {"id": "", "description": null}, "roleId": "assistant-store-manager", "salary": "", "solMetadata": {"searchRequestToken": "100b05ba-9471-49cc-aae9-71489c856ccb", "token": "0~100b05ba-9471-49cc-aae9-71489c856ccb", "jobId": "59655154", "section": "MAIN", "sectionRank": 173, "jobAdType": "ORGANIC", "tags": {"mordor__flights": "mordor_123"}}, "subClassification": {"id": "6047", "description": "Management - Store"}, "suburb": "Geraldton", "suburbId": 20646, "suburbWhereValue": "Geraldton WA 6530", "teaser": "Whether it\u2019s managing rosters or cleaning up a spill in aisle 3, our Assistant Store Managers always lead from the front.", "title": "Assistant Store Manager - Geraldton", "tracking": "ewogICJ0b2tlbiI6ICJmNmU0N2RlOS03ZjY0LTkyYzktODdmOC1iNmE1NDc0NzE3NzVfMTMiCn0=", "workType": "Full Time", "isPrivateAdvertiser": false}, {"advertiser": {"id": "27493644", "description": "Aldi Stores"}, "area": "Northern Suburbs", "areaId": 5072, "areaWhereValue": "Northern Suburbs Melbourne VIC", "automaticInclusion": false, "bulletPoints": [], "classification": {"id": "6043", "description": "Retail & Consumer Products"}, "companyName": "ALDI", "companyProfileStructuredDataId": 5197, "displayType": "standard", "listingDateDisplay": "6d ago", "location": "Melbourne", "locationId": 1002, "locationWhereValue": "All Melbourne VIC", "id": 59610713, "isPremium": false, "isStandOut": false, "jobLocation": {"label": "Eltham, Melbourne VIC", "countryCode": "AU", "seoHierarchy": [{"contextualName": "Eltham VIC 3095"}, {"contextualName": "All Melbourne VIC"}]}, "listingDate": "2023-01-04T22:01:12Z", "logo": {"id": "", "description": null}, "roleId": "assistant-store-manager", "salary": "", "solMetadata": {"searchRequestToken": "100b05ba-9471-49cc-aae9-71489c856ccb", "token": "0~100b05ba-9471-49cc-aae9-71489c856ccb", "jobId": "59610713", "section": "MAIN", "sectionRank": 174, "jobAdType": "ORGANIC", "tags": {"mordor__flights": "mordor_123"}}, "subClassification": {"id": "6047", "description": "Management - Store"}, "suburb": "Eltham", "suburbId": 20041, "suburbWhereValue": "Eltham VIC 3095", "teaser": "Whether it\u2019s managing rosters or cleaning up a spill in aisle 3, our Assistant Store Managers always lead from the front.", "title": "Assistant Store Manager - Eltham", "tracking": "ewogICJ0b2tlbiI6ICJmNmU0N2RlOS03ZjY0LTkyYzktODdmOC1iNmE1NDc0NzE3NzVfMTQiCn0=", "workType": "Full Time", "isPrivateAdvertiser": false}, {"advertiser": {"id": "27493644", "description": "Aldi Stores"}, "area": "Eastern Suburbs", "areaId": 5071, "areaWhereValue": "Eastern Suburbs Melbourne VIC", "automaticInclusion": false, "bulletPoints": [], "classification": {"id": "6043", "description": "Retail & Consumer Products"}, "companyName": "ALDI", "companyProfileStructuredDataId": 5197, "displayType": "standard", "listingDateDisplay": "5d ago", "location": "Melbourne", "locationId": 1002, "locationWhereValue": "All Melbourne VIC", "id": 59627983, "isPremium": false, "isStandOut": false, "jobLocation": {"label": "Doncaster East, Melbourne VIC", "countryCode": "AU", "seoHierarchy": [{"contextualName": "Doncaster East VIC 3109"}, {"contextualName": "All Melbourne VIC"}]}, "listingDate": "2023-01-06T04:59:41Z", "logo": {"id": "", "description": null}, "roleId": "store-manager", "salary": "", "solMetadata": {"searchRequestToken": "100b05ba-9471-49cc-aae9-71489c856ccb", "token": "0~100b05ba-9471-49cc-aae9-71489c856ccb", "jobId": "59627983", "section": "MAIN", "sectionRank": 175, "jobAdType": "ORGANIC", "tags": {"mordor__flights": "mordor_123"}}, "subClassification": {"id": "6047", "description": "Management - Store"}, "suburb": "Doncaster East", "suburbId": 15325, "suburbWhereValue": "Doncaster East VIC 3109", "teaser": "From driving sales and controlling costs, to serving customers & training staff, our Shift Managers always lead from the front.", "title": "Duty Store Manager - The Pines", "tracking": "ewogICJ0b2tlbiI6ICJmNmU0N2RlOS03ZjY0LTkyYzktODdmOC1iNmE1NDc0NzE3NzVfMTUiCn0=", "workType": "Full Time", "isPrivateAdvertiser": false}, {"advertiser": {"id": "27493644", "description": "Aldi Stores"}, "area": "Northern Suburbs", "areaId": 5072, "areaWhereValue": "Northern Suburbs Melbourne VIC", "automaticInclusion": false, "bulletPoints": [], "classification": {"id": "6043", "description": "Retail & Consumer Products"}, "companyName": "ALDI", "companyProfileStructuredDataId": 5197, "displayType": "standard", "listingDateDisplay": "5d ago", "location": "Melbourne", "locationId": 1002, "locationWhereValue": "All Melbourne VIC", "id": 59628980, "isPremium": false, "isStandOut": false, "jobLocation": {"label": "Broadmeadows, Melbourne VIC", "countryCode": "AU", "seoHierarchy": [{"contextualName": "Broadmeadows VIC 3047"}, {"contextualName": "All Melbourne VIC"}]}, "listingDate": "2023-01-06T06:02:55Z", "logo": {"id": "", "description": null}, "roleId": "store-manager", "salary": "", "solMetadata": {"searchRequestToken": "100b05ba-9471-49cc-aae9-71489c856ccb", "token": "0~100b05ba-9471-49cc-aae9-71489c856ccb", "jobId": "59628980", "section": "MAIN", "sectionRank": 176, "jobAdType": "ORGANIC", "tags": {"mordor__flights": "mordor_123"}}, "subClassification": {"id": "6047", "description": "Management - Store"}, "suburb": "Broadmeadows", "suburbId": 18120, "suburbWhereValue": "Broadmeadows VIC 3047", "teaser": "From driving sales and controlling costs, to serving customers & training staff, our Duty Store Managers always lead from the front.", "title": "Duty Store Manager - Broadmeadows - 35 hours pw", "tracking": "ewogICJ0b2tlbiI6ICJmNmU0N2RlOS03ZjY0LTkyYzktODdmOC1iNmE1NDc0NzE3NzVfMTYiCn0=", "workType": "Part Time", "isPrivateAdvertiser": false}, {"advertiser": {"id": "27493644", "description": "Aldi Stores"}, "area": "Parramatta & Western Suburbs", "areaId": 5030, "areaWhereValue": "Parramatta & Western Suburbs Sydney NSW", "automaticInclusion": false, "bulletPoints": [], "classification": {"id": "6092", "description": "Manufacturing, Transport & Logistics"}, "companyName": "ALDI", "companyProfileStructuredDataId": 5197, "displayType": "standard", "listingDateDisplay": "13d ago", "location": "Sydney", "locationId": 1000, "locationWhereValue": "All Sydney NSW", "id": 59573324, "isPremium": false, "isStandOut": false, "jobLocation": {"label": "Minchinbury, Sydney NSW", "countryCode": "AU", "seoHierarchy": [{"contextualName": "Minchinbury NSW 2770"}, {"contextualName": "All Sydney NSW"}]}, "listingDate": "2022-12-28T22:50:14Z", "logo": {"id": "", "description": null}, "roleId": "supply-chain-coordinator", "salary": "$74,800 - $86,100 including super", "solMetadata": {"searchRequestToken": "100b05ba-9471-49cc-aae9-71489c856ccb", "token": "0~100b05ba-9471-49cc-aae9-71489c856ccb", "jobId": "59573324", "section": "MAIN", "sectionRank": 177, "jobAdType": "ORGANIC", "tags": {"mordor__flights": "mordor_123"}}, "subClassification": {"id": "6098", "description": "Freight/Cargo Forwarding"}, "suburb": "Minchinbury", "suburbId": 18808, "suburbWhereValue": "Minchinbury NSW 2770", "teaser": "You will support the wider team in planning, preparing & processing freight activities, focusing on the logistics for temperature-controlled products.", "title": "National Supply Chain Coordinator", "tracking": "ewogICJ0b2tlbiI6ICJmNmU0N2RlOS03ZjY0LTkyYzktODdmOC1iNmE1NDc0NzE3NzVfMTciCn0=", "workType": "Contract/Temp", "isPrivateAdvertiser": false}, {"advertiser": {"id": "27493644", "description": "Aldi Stores"}, "automaticInclusion": false, "bulletPoints": [], "classification": {"id": "6043", "description": "Retail & Consumer Products"}, "companyName": "ALDI", "companyProfileStructuredDataId": 5197, "displayType": "standard", "listingDateDisplay": "5d ago", "location": "Albury Area", "locationId": 5026, "locationWhereValue": "Albury Area NSW", "id": 59628825, "isPremium": false, "isStandOut": false, "jobLocation": {"label": "Albury, Albury Area NSW", "countryCode": "AU", "seoHierarchy": [{"contextualName": "Albury NSW 2640"}, {"contextualName": "Albury Area NSW"}]}, "listingDate": "2023-01-06T05:53:54Z", "logo": {"id": "", "description": null}, "roleId": "store-manager", "salary": "", "solMetadata": {"searchRequestToken": "100b05ba-9471-49cc-aae9-71489c856ccb", "token": "0~100b05ba-9471-49cc-aae9-71489c856ccb", "jobId": "59628825", "section": "MAIN", "sectionRank": 178, "jobAdType": "ORGANIC", "tags": {"mordor__flights": "mordor_123"}}, "subClassification": {"id": "6047", "description": "Management - Store"}, "suburb": "Albury", "suburbId": 11110, "suburbWhereValue": "Albury NSW 2640", "teaser": "From driving sales and controlling costs, to serving customers & training staff, our Duty Store Managers always lead from the front.", "title": "Duty Store Manager - Albury/Wodonga", "tracking": "ewogICJ0b2tlbiI6ICJmNmU0N2RlOS03ZjY0LTkyYzktODdmOC1iNmE1NDc0NzE3NzVfMTgiCn0=", "workType": "Full Time", "isPrivateAdvertiser": false}, {"advertiser": {"id": "27493644", "description": "Aldi Stores"}, "area": "Eastern Suburbs", "areaId": 5049, "areaWhereValue": "Eastern Suburbs Perth WA", "automaticInclusion": false, "bulletPoints": [], "classification": {"id": "6043", "description": "Retail & Consumer Products"}, "companyName": "ALDI", "companyProfileStructuredDataId": 5197, "displayType": "standard", "listingDateDisplay": "20d ago", "location": "Perth", "locationId": 1009, "locationWhereValue": "All Perth WA", "id": 59552617, "isPremium": false, "isStandOut": false, "jobLocation": {"label": "Wattle Grove, Perth WA", "countryCode": "AU", "seoHierarchy": [{"contextualName": "Wattle Grove WA 6107"}, {"contextualName": "All Perth WA"}]}, "listingDate": "2022-12-22T04:02:12Z", "logo": {"id": "", "description": null}, "roleId": "retail-sales-assistant", "salary": "", "solMetadata": {"searchRequestToken": "100b05ba-9471-49cc-aae9-71489c856ccb", "token": "0~100b05ba-9471-49cc-aae9-71489c856ccb", "jobId": "59552617", "section": "MAIN", "sectionRank": 179, "jobAdType": "ORGANIC", "tags": {"mordor__flights": "mordor_123"}}, "subClassification": {"id": "6050", "description": "Retail Assistants"}, "suburb": "Wattle Grove", "suburbId": 26726, "suburbWhereValue": "Wattle Grove WA 6107", "teaser": "Whether they\u2019re racing to fill shelves or scanning through customers, our Retail Assistants can do everything and anything.", "title": "Retail Assistant - 20 hours PW", "tracking": "ewogICJ0b2tlbiI6ICJmNmU0N2RlOS03ZjY0LTkyYzktODdmOC1iNmE1NDc0NzE3NzVfMTkiCn0=", "workType": "Part Time", "isPrivateAdvertiser": false}, {"advertiser": {"id": "27493644", "description": "Aldi Stores"}, "area": "Eastern Suburbs", "areaId": 5071, "areaWhereValue": "Eastern Suburbs Melbourne VIC", "automaticInclusion": false, "bulletPoints": [], "classification": {"id": "6043", "description": "Retail & Consumer Products"}, "companyName": "ALDI", "companyProfileStructuredDataId": 5197, "displayType": "standard", "listingDateDisplay": "5d ago", "location": "Melbourne", "locationId": 1002, "locationWhereValue": "All Melbourne VIC", "id": 59626499, "isPremium": false, "isStandOut": false, "jobLocation": {"label": "Balwyn North, Melbourne VIC", "countryCode": "AU", "seoHierarchy": [{"contextualName": "Balwyn North VIC 3104"}, {"contextualName": "All Melbourne VIC"}]}, "listingDate": "2023-01-06T03:35:47Z", "logo": {"id": "", "description": null}, "roleId": "store-manager", "salary": "", "solMetadata": {"searchRequestToken": "100b05ba-9471-49cc-aae9-71489c856ccb", "token": "0~100b05ba-9471-49cc-aae9-71489c856ccb", "jobId": "59626499", "section": "MAIN", "sectionRank": 180, "jobAdType": "ORGANIC", "tags": {"mordor__flights": "mordor_123"}}, "subClassification": {"id": "6047", "description": "Management - Store"}, "suburb": "Balwyn North", "suburbId": 17014, "suburbWhereValue": "Balwyn North VIC 3104", "teaser": "From driving sales and controlling costs, to serving customers & training staff, our Duty Store Managers always lead from the front.", "title": "Duty Store Manager - Balwyn North", "tracking": "ewogICJ0b2tlbiI6ICJmNmU0N2RlOS03ZjY0LTkyYzktODdmOC1iNmE1NDc0NzE3NzVfMjAiCn0=", "workType": "Part Time", "isPrivateAdvertiser": false}], "title": "Jobs in All Australia", "totalCount": 417, "paginationParameters": {"seekSelectAllPages": true, "hadPremiumListings": false}, "info": {"timeTaken": 77, "source": "JobSearch-sm", "experiment": "mordor_123"}, "userQueryId": "a3f7e6f85be73fd8fe2e3d5ea92001b7-7335003", "sortMode": [{"isActive": true, "name": "Relevance", "value": "KeywordRelevance"}, {"isActive": false, "name": "Date", "value": "ListedDate"}], "solMetadata": {"requestToken": "100b05ba-9471-49cc-aae9-71489c856ccb", "token": "0~100b05ba-9471-49cc-aae9-71489c856ccb", "sortMode": "RELEVANCE", "locations": ["seek-3000"], "locationDistance": 50, "employer": "ALDI", "pageSize": 20, "pageNumber": 9, "totalJobCount": 417, "tags": {"mordor__flights": "mordor_123", "chalice-search-api:solId": "c00c353f-a376-4b96-b397-16e262dbd3d3"}}, "location": {"matched": true, "whereId": 3000, "type": "Country", "suburbType": "rural", "description": "All Australia", "stateDescription": "", "locationId": 3000, "locationDescription": "", "areaId": 0, "areaDescription": "", "suburbParentDescription": ""}, "canonicalCompany": {"id": "5197", "description": "ALDI"}, "companySuggestion": {"search": {"keywords": "ALDI"}, "count": "461"}, "joraCrossLink": {"canCrossLink": false}, "searchParams": {"sitekey": "AU-Main", "sourcesystem": "houston", "userqueryid": "a3f7e6f85be73fd8fe2e3d5ea92001b7-7335003", "userid": "5959404e-631e-45a1-bb3b-2ae481757cf6", "usersessionid": "5959404e-631e-45a1-bb3b-2ae481757cf6", "eventcapturesessionid": "5959404e-631e-45a1-bb3b-2ae481757cf6", "where": "All Australia", "page": "9", "seekselectallpages": "true", "companyname": "ALDI", "include": "seodata", "solid": "c00c353f-a376-4b96-b397-16e262dbd3d3"}}