{"data": [{"advertiser": {"id": "27493644", "description": "Aldi Stores"}, "automaticInclusion": false, "bulletPoints": [], "classification": {"id": "6092", "description": "Manufacturing, Transport & Logistics"}, "companyName": "ALDI", "companyProfileStructuredDataId": 5197, "displayType": "standard", "listingDateDisplay": "14d ago", "location": "Gold Coast", "locationId": 1005, "locationWhereValue": "All Gold Coast QLD", "id": 59572510, "isPremium": false, "isStandOut": false, "jobLocation": {"label": "Stapylton, Gold Coast QLD", "countryCode": "AU", "seoHierarchy": [{"contextualName": "Stapylton QLD 4207"}, {"contextualName": "All Gold Coast QLD"}]}, "listingDate": "2022-12-28T14:01:02Z", "logo": {"id": "", "description": null}, "roleId": "transport-supervisor", "salary": "$35.36 p/h + penalties", "solMetadata": {"searchRequestToken": "566e1551-9af1-4312-bc8f-5c23c8afe106", "token": "0~566e1551-9af1-4312-bc8f-5c23c8afe106", "jobId": "59572510", "section": "MAIN", "sectionRank": 261, "jobAdType": "ORGANIC", "tags": {"mordor__flights": "mordor_123"}}, "subClassification": {"id": "6107", "description": "Team Leaders/Supervisors"}, "suburb": "Stapylton", "suburbId": 16111, "suburbWhereValue": "Stapylton QLD 4207", "teaser": "Based at Stapylton, you will be responsible for balancing priorities, meeting deadlines and running the day to day operations of the transport area!", "title": "Assistant Transport Supervisor", "tracking": "ewogICJ0b2tlbiI6ICIyNTI5YmM5Mi1jNTkyLTlkOTctOTE0Mi1kNzRiNmVmZWFiNTJfMSIKfQ==", "workType": "Full Time", "isPrivateAdvertiser": false}, {"advertiser": {"id": "27493644", "description": "Aldi Stores"}, "automaticInclusion": false, "bulletPoints": [], "classification": {"id": "6043", "description": "Retail & Consumer Products"}, "companyName": "ALDI", "companyProfileStructuredDataId": 5197, "displayType": "standard", "listingDateDisplay": "20d ago", "location": "Gold Coast", "locationId": 1005, "locationWhereValue": "All Gold Coast QLD", "id": 59547133, "isPremium": false, "isStandOut": false, "jobLocation": {"label": "Elanora, Gold Coast QLD", "countryCode": "AU", "seoHierarchy": [{"contextualName": "Elanora QLD 4221"}, {"contextualName": "All Gold Coast QLD"}]}, "listingDate": "2022-12-21T23:10:43Z", "logo": {"id": "", "description": null}, "roleId": "retail-sales-assistant", "salary": "", "solMetadata": {"searchRequestToken": "566e1551-9af1-4312-bc8f-5c23c8afe106", "token": "0~566e1551-9af1-4312-bc8f-5c23c8afe106", "jobId": "59547133", "section": "MAIN", "sectionRank": 262, "jobAdType": "ORGANIC", "tags": {"mordor__flights": "mordor_123"}}, "subClassification": {"id": "6050", "description": "Retail Assistants"}, "suburb": "Elanora", "suburbId": 19975, "suburbWhereValue": "Elanora QLD 4221", "teaser": "Whether they\u2019re racing to fill shelves or scanning through customers, our Retail Assistants can do everything and anything.", "title": "Retail Assistant - Elanora - 15 hours p/w", "tracking": "ewogICJ0b2tlbiI6ICIyNTI5YmM5Mi1jNTkyLTlkOTctOTE0Mi1kNzRiNmVmZWFiNTJfMiIKfQ==", "workType": "Part Time", "isPrivateAdvertiser": false}, {"advertiser": {"id": "27493644", "description": "Aldi Stores"}, "area": "Parramatta & Western Suburbs", "areaId": 5030, "areaWhereValue": "Parramatta & Western Suburbs Sydney NSW", "automaticInclusion": false, "bulletPoints": [], "classification": {"id": "6043", "description": "Retail & Consumer Products"}, "companyName": "ALDI", "companyProfileStructuredDataId": 5197, "displayType": "standard", "listingDateDisplay": "14d ago", "location": "Sydney", "locationId": 1000, "locationWhereValue": "All Sydney NSW", "id": 59569133, "isPremium": false, "isStandOut": false, "jobLocation": {"label": "Quakers Hill, Sydney NSW", "countryCode": "AU", "seoHierarchy": [{"contextualName": "Quakers Hill NSW 2763"}, {"contextualName": "All Sydney NSW"}]}, "listingDate": "2022-12-27T23:08:22Z", "logo": {"id": "", "description": null}, "roleId": "assistant-store-manager", "salary": "", "solMetadata": {"searchRequestToken": "566e1551-9af1-4312-bc8f-5c23c8afe106", "token": "0~566e1551-9af1-4312-bc8f-5c23c8afe106", "jobId": "59569133", "section": "MAIN", "sectionRank": 263, "jobAdType": "ORGANIC", "tags": {"mordor__flights": "mordor_123"}}, "subClassification": {"id": "6047", "description": "Management - Store"}, "suburb": "Quakers Hill", "suburbId": 12084, "suburbWhereValue": "Quakers Hill NSW 2763", "teaser": "Whether it\u2019s managing rosters or cleaning up a spill in aisle 3, our Assistant Store Managers always lead from the front.", "title": "Assistant Store Manager - Quakers Hill", "tracking": "ewogICJ0b2tlbiI6ICIyNTI5YmM5Mi1jNTkyLTlkOTctOTE0Mi1kNzRiNmVmZWFiNTJfMyIKfQ==", "workType": "Full Time", "isPrivateAdvertiser": false}, {"advertiser": {"id": "27493644", "description": "Aldi Stores"}, "area": "CBD, Inner West & Eastern Suburbs", "areaId": 5027, "areaWhereValue": "Sydney CBD, Inner West & Eastern Suburbs Sydney NSW", "automaticInclusion": false, "bulletPoints": [], "classification": {"id": "6043", "description": "Retail & Consumer Products"}, "companyName": "ALDI", "companyProfileStructuredDataId": 5197, "displayType": "standard", "listingDateDisplay": "26d ago", "location": "Sydney", "locationId": 1000, "locationWhereValue": "All Sydney NSW", "id": 59508302, "isPremium": false, "isStandOut": false, "jobLocation": {"label": "Hillsdale, Sydney NSW", "countryCode": "AU", "seoHierarchy": [{"contextualName": "Hillsdale NSW 2036"}, {"contextualName": "All Sydney NSW"}]}, "listingDate": "2022-12-16T04:36:28Z", "logo": {"id": "", "description": null}, "roleId": "retail-sales-assistant", "salary": "", "solMetadata": {"searchRequestToken": "566e1551-9af1-4312-bc8f-5c23c8afe106", "token": "0~566e1551-9af1-4312-bc8f-5c23c8afe106", "jobId": "59508302", "section": "MAIN", "sectionRank": 264, "jobAdType": "ORGANIC", "tags": {"mordor__flights": "mordor_123"}}, "subClassification": {"id": "6050", "description": "Retail Assistants"}, "suburb": "Hillsdale", "suburbId": 23268, "suburbWhereValue": "Hillsdale NSW 2036", "teaser": "Whether they\u2019re racing to fill shelves or scanning through customers, our Retail Assistants can do everything and anything.", "title": "Retail Assistant - Sydney Eastern Suburbs", "tracking": "ewogICJ0b2tlbiI6ICIyNTI5YmM5Mi1jNTkyLTlkOTctOTE0Mi1kNzRiNmVmZWFiNTJfNCIKfQ==", "workType": "Part Time", "isPrivateAdvertiser": false}, {"advertiser": {"id": "27493644", "description": "Aldi Stores"}, "automaticInclusion": false, "bulletPoints": [], "classification": {"id": "6043", "description": "Retail & Consumer Products"}, "companyName": "ALDI", "companyProfileStructuredDataId": 5197, "displayType": "standard", "listingDateDisplay": "6d ago", "location": "Shepparton & Goulburn Valley", "locationId": 5078, "locationWhereValue": "Shepparton & Goulburn Valley VIC", "id": 59619936, "isPremium": false, "isStandOut": false, "jobLocation": {"label": "Benalla, Shepparton & Goulburn Valley VIC", "countryCode": "AU", "seoHierarchy": [{"contextualName": "Benalla VIC 3672"}, {"contextualName": "Shepparton & Goulburn Valley VIC"}]}, "listingDate": "2023-01-05T09:25:47Z", "logo": {"id": "", "description": null}, "roleId": "assistant-store-manager", "salary": "", "solMetadata": {"searchRequestToken": "566e1551-9af1-4312-bc8f-5c23c8afe106", "token": "0~566e1551-9af1-4312-bc8f-5c23c8afe106", "jobId": "59619936", "section": "MAIN", "sectionRank": 265, "jobAdType": "ORGANIC", "tags": {"mordor__flights": "mordor_123"}}, "subClassification": {"id": "6047", "description": "Management - Store"}, "suburb": "Benalla", "suburbId": 17373, "suburbWhereValue": "Benalla VIC 3672", "teaser": "Whether it\u2019s managing rosters or cleaning up a spill in aisle 3, our Assistant Store Managers always lead from the front.", "title": "Assistant Store Manager - Benalla - 45hrs", "tracking": "ewogICJ0b2tlbiI6ICIyNTI5YmM5Mi1jNTkyLTlkOTctOTE0Mi1kNzRiNmVmZWFiNTJfNSIKfQ==", "workType": "Full Time", "isPrivateAdvertiser": false}, {"advertiser": {"id": "27493644", "description": "Aldi Stores"}, "area": "Parramatta & Western Suburbs", "areaId": 5030, "areaWhereValue": "Parramatta & Western Suburbs Sydney NSW", "automaticInclusion": false, "bulletPoints": [], "classification": {"id": "6281", "description": "Information & Communication Technology"}, "companyName": "ALDI", "companyProfileStructuredDataId": 5197, "displayType": "standard", "listingDateDisplay": "5d ago", "location": "Sydney", "locationId": 1000, "locationWhereValue": "All Sydney NSW", "id": 59630772, "isPremium": false, "isStandOut": false, "jobLocation": {"label": "Minchinbury, Sydney NSW", "countryCode": "AU", "seoHierarchy": [{"contextualName": "Minchinbury NSW 2770"}, {"contextualName": "All Sydney NSW"}]}, "listingDate": "2023-01-06T13:16:26Z", "logo": {"id": "", "description": null}, "roleId": "data-analyst", "salary": "$148,500 - $178,000 (including super)", "solMetadata": {"searchRequestToken": "566e1551-9af1-4312-bc8f-5c23c8afe106", "token": "0~566e1551-9af1-4312-bc8f-5c23c8afe106", "jobId": "59630772", "section": "MAIN", "sectionRank": 266, "jobAdType": "ORGANIC", "tags": {"mordor__flights": "mordor_123"}}, "subClassification": {"id": "6287", "description": "Developers/Programmers"}, "suburb": "Minchinbury", "suburbId": 18808, "suburbWhereValue": "Minchinbury NSW 2770", "teaser": "As a Senior Analyst you will deliver on high value strategic projects as well as create and maintain data pipelines.", "title": "Senior Data Analyst", "tracking": "ewogICJ0b2tlbiI6ICIyNTI5YmM5Mi1jNTkyLTlkOTctOTE0Mi1kNzRiNmVmZWFiNTJfNiIKfQ==", "workType": "Full Time", "isPrivateAdvertiser": false}, {"advertiser": {"id": "27493644", "description": "Aldi Stores"}, "area": "CBD, Inner West & Eastern Suburbs", "areaId": 5027, "areaWhereValue": "Sydney CBD, Inner West & Eastern Suburbs Sydney NSW", "automaticInclusion": false, "bulletPoints": [], "classification": {"id": "6043", "description": "Retail & Consumer Products"}, "companyName": "ALDI", "companyProfileStructuredDataId": 5197, "displayType": "standard", "listingDateDisplay": "27d ago", "location": "Sydney", "locationId": 1000, "locationWhereValue": "All Sydney NSW", "id": 59497965, "isPremium": false, "isStandOut": false, "jobLocation": {"label": "Waterloo, Sydney NSW", "countryCode": "AU", "seoHierarchy": [{"contextualName": "Waterloo NSW 2017"}, {"contextualName": "All Sydney NSW"}]}, "listingDate": "2022-12-15T04:35:17Z", "logo": {"id": "", "description": null}, "roleId": "retail-sales-assistant", "salary": "", "solMetadata": {"searchRequestToken": "566e1551-9af1-4312-bc8f-5c23c8afe106", "token": "0~566e1551-9af1-4312-bc8f-5c23c8afe106", "jobId": "59497965", "section": "MAIN", "sectionRank": 267, "jobAdType": "ORGANIC", "tags": {"mordor__flights": "mordor_123"}}, "subClassification": {"id": "6050", "description": "Retail Assistants"}, "suburb": "Waterloo", "suburbId": 21936, "suburbWhereValue": "Waterloo NSW 2017", "teaser": "Whether they\u2019re racing to fill shelves or scanning through customers, our Retail Assistants can do everything and anything.", "title": "Retail Assistant - Waterloo- Sydney 15-20 hours PW", "tracking": "ewogICJ0b2tlbiI6ICIyNTI5YmM5Mi1jNTkyLTlkOTctOTE0Mi1kNzRiNmVmZWFiNTJfNyIKfQ==", "workType": "Part Time", "isPrivateAdvertiser": false}, {"advertiser": {"id": "27493644", "description": "Aldi Stores"}, "area": "CBD, Inner West & Eastern Suburbs", "areaId": 5027, "areaWhereValue": "Sydney CBD, Inner West & Eastern Suburbs Sydney NSW", "automaticInclusion": false, "bulletPoints": [], "classification": {"id": "6043", "description": "Retail & Consumer Products"}, "companyName": "ALDI", "companyProfileStructuredDataId": 5197, "displayType": "standard", "listingDateDisplay": "27d ago", "location": "Sydney", "locationId": 1000, "locationWhereValue": "All Sydney NSW", "id": 59497782, "isPremium": false, "isStandOut": false, "jobLocation": {"label": "Broadway, Sydney NSW", "countryCode": "AU", "seoHierarchy": [{"contextualName": "Broadway NSW 2007"}, {"contextualName": "All Sydney NSW"}]}, "listingDate": "2022-12-15T04:22:36Z", "logo": {"id": "", "description": null}, "roleId": "retail-sales-assistant", "salary": "", "solMetadata": {"searchRequestToken": "566e1551-9af1-4312-bc8f-5c23c8afe106", "token": "0~566e1551-9af1-4312-bc8f-5c23c8afe106", "jobId": "59497782", "section": "MAIN", "sectionRank": 268, "jobAdType": "ORGANIC", "tags": {"mordor__flights": "mordor_123"}}, "subClassification": {"id": "6050", "description": "Retail Assistants"}, "suburb": "Broadway", "suburbId": 18128, "suburbWhereValue": "Broadway NSW 2007", "teaser": "Whether they\u2019re racing to fill shelves or scanning through customers, our Retail Assistants can do everything and anything.", "title": "Retail Assistant - Broadway Sydney 15-20 hours PW", "tracking": "ewogICJ0b2tlbiI6ICIyNTI5YmM5Mi1jNTkyLTlkOTctOTE0Mi1kNzRiNmVmZWFiNTJfOCIKfQ==", "workType": "Part Time", "isPrivateAdvertiser": false}, {"advertiser": {"id": "27493644", "description": "Aldi Stores"}, "automaticInclusion": false, "bulletPoints": [], "classification": {"id": "6043", "description": "Retail & Consumer Products"}, "companyName": "ALDI", "companyProfileStructuredDataId": 5197, "displayType": "standard", "listingDateDisplay": "13d ago", "location": "Dubbo & Central NSW", "locationId": 5044, "locationWhereValue": "Dubbo & Central NSW", "id": 59575714, "isPremium": false, "isStandOut": false, "jobLocation": {"label": "Parkes, Dubbo & Central NSW", "countryCode": "AU", "seoHierarchy": [{"contextualName": "Parkes NSW 2870"}, {"contextualName": "Dubbo & Central NSW"}]}, "listingDate": "2022-12-29T06:13:09Z", "logo": {"id": "", "description": null}, "roleId": "retail-sales-assistant", "salary": "$25.92 + higher weekend penalties", "solMetadata": {"searchRequestToken": "566e1551-9af1-4312-bc8f-5c23c8afe106", "token": "0~566e1551-9af1-4312-bc8f-5c23c8afe106", "jobId": "59575714", "section": "MAIN", "sectionRank": 269, "jobAdType": "ORGANIC", "tags": {"mordor__flights": "mordor_123"}}, "subClassification": {"id": "6050", "description": "Retail Assistants"}, "suburb": "Parkes", "suburbId": 11547, "suburbWhereValue": "Parkes NSW 2870", "teaser": "Our limited roster contracts allow you to nominate the days you can work, so you can prioritise both personal commitments and work at the same time.", "title": "Retail Assistant - Parkes - Central West (Limited Roster for 10.5 hrs p/w)", "tracking": "ewogICJ0b2tlbiI6ICIyNTI5YmM5Mi1jNTkyLTlkOTctOTE0Mi1kNzRiNmVmZWFiNTJfOSIKfQ==", "workType": "Part Time", "isPrivateAdvertiser": false}, {"advertiser": {"id": "27493644", "description": "Aldi Stores"}, "automaticInclusion": false, "bulletPoints": [], "classification": {"id": "6043", "description": "Retail & Consumer Products"}, "companyName": "ALDI", "companyProfileStructuredDataId": 5197, "displayType": "standard", "listingDateDisplay": "22d ago", "location": "Bairnsdale & Gippsland", "locationId": 5075, "locationWhereValue": "Bairnsdale & Gippsland VIC", "id": 59532230, "isPremium": false, "isStandOut": false, "jobLocation": {"label": "Bairnsdale, Bairnsdale & Gippsland VIC", "countryCode": "AU", "seoHierarchy": [{"contextualName": "Bairnsdale VIC 3875"}, {"contextualName": "Bairnsdale & Gippsland VIC"}]}, "listingDate": "2022-12-20T06:13:15Z", "logo": {"id": "", "description": null}, "roleId": "retail-sales-assistant", "salary": "", "solMetadata": {"searchRequestToken": "566e1551-9af1-4312-bc8f-5c23c8afe106", "token": "0~566e1551-9af1-4312-bc8f-5c23c8afe106", "jobId": "59532230", "section": "MAIN", "sectionRank": 270, "jobAdType": "ORGANIC", "tags": {"mordor__flights": "mordor_123"}}, "subClassification": {"id": "6050", "description": "Retail Assistants"}, "suburb": "Bairnsdale", "suburbId": 16931, "suburbWhereValue": "Bairnsdale VIC 3875", "teaser": "Whether they\u2019re racing to fill shelves or scanning through customers, our Retail Assistants can do everything and anything.", "title": "Retail Assistant - Bairnsdale - 15 hours p/w", "tracking": "ewogICJ0b2tlbiI6ICIyNTI5YmM5Mi1jNTkyLTlkOTctOTE0Mi1kNzRiNmVmZWFiNTJfMTAiCn0=", "workType": "Part Time", "isPrivateAdvertiser": false}, {"advertiser": {"id": "27493644", "description": "Aldi Stores"}, "area": "CBD, Inner West & Eastern Suburbs", "areaId": 5027, "areaWhereValue": "Sydney CBD, Inner West & Eastern Suburbs Sydney NSW", "automaticInclusion": false, "bulletPoints": [], "classification": {"id": "6043", "description": "Retail & Consumer Products"}, "companyName": "ALDI", "companyProfileStructuredDataId": 5197, "displayType": "standard", "listingDateDisplay": "26d ago", "location": "Sydney", "locationId": 1000, "locationWhereValue": "All Sydney NSW", "id": 59502300, "isPremium": false, "isStandOut": false, "jobLocation": {"label": "Leichhardt, Sydney NSW", "countryCode": "AU", "seoHierarchy": [{"contextualName": "Leichhardt NSW 2040"}, {"contextualName": "All Sydney NSW"}]}, "listingDate": "2022-12-15T22:07:53Z", "logo": {"id": "", "description": null}, "roleId": "retail-sales-assistant", "salary": "", "solMetadata": {"searchRequestToken": "566e1551-9af1-4312-bc8f-5c23c8afe106", "token": "0~566e1551-9af1-4312-bc8f-5c23c8afe106", "jobId": "59502300", "section": "MAIN", "sectionRank": 271, "jobAdType": "ORGANIC", "tags": {"mordor__flights": "mordor_123"}}, "subClassification": {"id": "6050", "description": "Retail Assistants"}, "suburb": "Leichhardt", "suburbId": 13676, "suburbWhereValue": "Leichhardt NSW 2040", "teaser": "Whether they\u2019re racing to fill shelves or scanning through customers, our Retail Assistants can do everything and anything.", "title": "Retail Assistant -  ALDI Leichhardt", "tracking": "ewogICJ0b2tlbiI6ICIyNTI5YmM5Mi1jNTkyLTlkOTctOTE0Mi1kNzRiNmVmZWFiNTJfMTEiCn0=", "workType": "Part Time", "isPrivateAdvertiser": false}, {"advertiser": {"id": "27493644", "description": "Aldi Stores"}, "area": "CBD, Inner West & Eastern Suburbs", "areaId": 5027, "areaWhereValue": "Sydney CBD, Inner West & Eastern Suburbs Sydney NSW", "automaticInclusion": false, "bulletPoints": [], "classification": {"id": "6043", "description": "Retail & Consumer Products"}, "companyName": "ALDI", "companyProfileStructuredDataId": 5197, "displayType": "standard", "listingDateDisplay": "27d ago", "location": "Sydney", "locationId": 1000, "locationWhereValue": "All Sydney NSW", "id": 59497999, "isPremium": false, "isStandOut": false, "jobLocation": {"label": "Edgecliff, Sydney NSW", "countryCode": "AU", "seoHierarchy": [{"contextualName": "Edgecliff NSW 2027"}, {"contextualName": "All Sydney NSW"}]}, "listingDate": "2022-12-15T04:37:02Z", "logo": {"id": "", "description": null}, "roleId": "retail-sales-assistant", "salary": "", "solMetadata": {"searchRequestToken": "566e1551-9af1-4312-bc8f-5c23c8afe106", "token": "0~566e1551-9af1-4312-bc8f-5c23c8afe106", "jobId": "59497999", "section": "MAIN", "sectionRank": 272, "jobAdType": "ORGANIC", "tags": {"mordor__flights": "mordor_123"}}, "subClassification": {"id": "6050", "description": "Retail Assistants"}, "suburb": "Edgecliff", "suburbId": 19935, "suburbWhereValue": "Edgecliff NSW 2027", "teaser": "Whether they\u2019re racing to fill shelves or scanning through customers, our Retail Assistants can do everything and anything.", "title": "Retail Assistant - Edgecliff Sydney- 15-20 hours p/w", "tracking": "ewogICJ0b2tlbiI6ICIyNTI5YmM5Mi1jNTkyLTlkOTctOTE0Mi1kNzRiNmVmZWFiNTJfMTIiCn0=", "workType": "Part Time", "isPrivateAdvertiser": false}, {"advertiser": {"id": "27631710", "description": "ALDI Stores"}, "automaticInclusion": false, "branding": {"id": "9b144343-530f-0eb7-306e-1e80f4e30aad", "assets": {"logo": {"strategies": {"jdpLogo": "https://bx-branding-gateway.cloud.seek.com.au/9b144343-530f-0eb7-306e-1e80f4e30aad/jdpLogo", "serpLogo": "https://bx-branding-gateway.cloud.seek.com.au/9b144343-530f-0eb7-306e-1e80f4e30aad/serpLogo"}}}}, "bulletPoints": ["Permanent Contract", "First class Trucks", "Immediate start and safe working environment"], "classification": {"id": "6092", "description": "Manufacturing, Transport & Logistics"}, "companyName": "ALDI", "companyProfileStructuredDataId": 5197, "displayType": "standout", "listingDateDisplay": "13d ago", "location": "Gold Coast", "locationId": 1005, "locationWhereValue": "All Gold Coast QLD", "id": 59575886, "isPremium": false, "isStandOut": true, "jobLocation": {"label": "Stapylton, Gold Coast QLD", "countryCode": "AU", "seoHierarchy": [{"contextualName": "Stapylton QLD 4207"}, {"contextualName": "All Gold Coast QLD"}]}, "listingDate": "2022-12-29T07:23:31Z", "logo": {"id": "", "description": null}, "roleId": "truckdriver", "salary": "$31 - $36 per hour", "solMetadata": {"searchRequestToken": "566e1551-9af1-4312-bc8f-5c23c8afe106", "token": "0~566e1551-9af1-4312-bc8f-5c23c8afe106", "jobId": "59575886", "section": "MAIN", "sectionRank": 273, "jobAdType": "ORGANIC", "tags": {"mordor__flights": "mordor_123"}}, "subClassification": {"id": "6111", "description": "Road Transport"}, "suburb": "Stapylton", "suburbId": 16111, "suburbWhereValue": "Stapylton QLD 4207", "teaser": "We are hiring Truck Drivers for our ALDI Distribution Centres across Australia!", "title": "Truck Driver", "tracking": "ewogICJ0b2tlbiI6ICIyNTI5YmM5Mi1jNTkyLTlkOTctOTE0Mi1kNzRiNmVmZWFiNTJfMTMiCn0=", "workType": "Part Time", "isPrivateAdvertiser": false}, {"advertiser": {"id": "27493644", "description": "Aldi Stores"}, "area": "Western Suburbs", "areaId": 5073, "areaWhereValue": "Western Suburbs Melbourne VIC", "automaticInclusion": false, "bulletPoints": [], "classification": {"id": "6043", "description": "Retail & Consumer Products"}, "companyName": "ALDI", "companyProfileStructuredDataId": 5197, "displayType": "standard", "listingDateDisplay": "23d ago", "location": "Melbourne", "locationId": 1002, "locationWhereValue": "All Melbourne VIC", "id": 59518143, "isPremium": false, "isStandOut": false, "jobLocation": {"label": "Burnside, Melbourne VIC", "countryCode": "AU", "seoHierarchy": [{"contextualName": "Burnside VIC 3023"}, {"contextualName": "All Melbourne VIC"}]}, "listingDate": "2022-12-19T01:50:08Z", "logo": {"id": "", "description": null}, "roleId": "retail-sales-assistant", "salary": "", "solMetadata": {"searchRequestToken": "566e1551-9af1-4312-bc8f-5c23c8afe106", "token": "0~566e1551-9af1-4312-bc8f-5c23c8afe106", "jobId": "59518143", "section": "MAIN", "sectionRank": 274, "jobAdType": "ORGANIC", "tags": {"mordor__flights": "mordor_123"}}, "subClassification": {"id": "6050", "description": "Retail Assistants"}, "suburb": "Burnside", "suburbId": 22257, "suburbWhereValue": "Burnside VIC 3023", "teaser": "Whether they\u2019re racing to fill shelves or scanning through customers, our Retail Assistants can do everything and anything.", "title": "ALDI Burnside/Caroline Springs - Store Assistant", "tracking": "ewogICJ0b2tlbiI6ICIyNTI5YmM5Mi1jNTkyLTlkOTctOTE0Mi1kNzRiNmVmZWFiNTJfMTQiCn0=", "workType": "Part Time", "isPrivateAdvertiser": false}, {"advertiser": {"id": "27493644", "description": "Aldi Stores"}, "automaticInclusion": false, "bulletPoints": [], "classification": {"id": "6043", "description": "Retail & Consumer Products"}, "companyName": "ALDI", "companyProfileStructuredDataId": 5197, "displayType": "standard", "listingDateDisplay": "6d ago", "location": "Shepparton & Goulburn Valley", "locationId": 5078, "locationWhereValue": "Shepparton & Goulburn Valley VIC", "id": 59619912, "isPremium": false, "isStandOut": false, "jobLocation": {"label": "Benalla, Shepparton & Goulburn Valley VIC", "countryCode": "AU", "seoHierarchy": [{"contextualName": "Benalla VIC 3672"}, {"contextualName": "Shepparton & Goulburn Valley VIC"}]}, "listingDate": "2023-01-05T09:18:09Z", "logo": {"id": "", "description": null}, "roleId": "store-manager", "salary": "", "solMetadata": {"searchRequestToken": "566e1551-9af1-4312-bc8f-5c23c8afe106", "token": "0~566e1551-9af1-4312-bc8f-5c23c8afe106", "jobId": "59619912", "section": "MAIN", "sectionRank": 275, "jobAdType": "ORGANIC", "tags": {"mordor__flights": "mordor_123"}}, "subClassification": {"id": "6047", "description": "Management - Store"}, "suburb": "Benalla", "suburbId": 17373, "suburbWhereValue": "Benalla VIC 3672", "teaser": "From driving sales and controlling costs, to serving customers & training staff, our Duty Store Managers always lead from the front.", "title": "Duty Store Manager - Benalla", "tracking": "ewogICJ0b2tlbiI6ICIyNTI5YmM5Mi1jNTkyLTlkOTctOTE0Mi1kNzRiNmVmZWFiNTJfMTUiCn0=", "workType": "Part Time", "isPrivateAdvertiser": false}, {"advertiser": {"id": "27493644", "description": "Aldi Stores"}, "automaticInclusion": false, "bulletPoints": [], "classification": {"id": "6043", "description": "Retail & Consumer Products"}, "companyName": "ALDI", "companyProfileStructuredDataId": 5197, "displayType": "standard", "listingDateDisplay": "22d ago", "location": "South West Coast VIC", "locationId": 5068, "locationWhereValue": "South West Coast VIC", "id": 59532222, "isPremium": false, "isStandOut": false, "jobLocation": {"label": "Grovedale, South West Coast VIC", "countryCode": "AU", "seoHierarchy": [{"contextualName": "Grovedale VIC 3216"}, {"contextualName": "South West Coast VIC"}]}, "listingDate": "2022-12-20T06:12:11Z", "logo": {"id": "", "description": null}, "roleId": "retail-sales-assistant", "salary": "", "solMetadata": {"searchRequestToken": "566e1551-9af1-4312-bc8f-5c23c8afe106", "token": "0~566e1551-9af1-4312-bc8f-5c23c8afe106", "jobId": "59532222", "section": "MAIN", "sectionRank": 276, "jobAdType": "ORGANIC", "tags": {"mordor__flights": "mordor_123"}}, "subClassification": {"id": "6050", "description": "Retail Assistants"}, "suburb": "Grovedale", "suburbId": 22867, "suburbWhereValue": "Grovedale VIC 3216", "teaser": "Whether they\u2019re racing to fill shelves or scanning through customers, our Retail Assistants can do everything and anything.", "title": "Retail Assistant - Grovedale", "tracking": "ewogICJ0b2tlbiI6ICIyNTI5YmM5Mi1jNTkyLTlkOTctOTE0Mi1kNzRiNmVmZWFiNTJfMTYiCn0=", "workType": "Part Time", "isPrivateAdvertiser": false}, {"advertiser": {"id": "27493644", "description": "Aldi Stores"}, "automaticInclusion": false, "bulletPoints": [], "classification": {"id": "6043", "description": "Retail & Consumer Products"}, "companyName": "ALDI", "companyProfileStructuredDataId": 5197, "displayType": "standard", "listingDateDisplay": "22d ago", "location": "South West Coast VIC", "locationId": 5068, "locationWhereValue": "South West Coast VIC", "id": 59532091, "isPremium": false, "isStandOut": false, "jobLocation": {"label": "Colac, South West Coast VIC", "countryCode": "AU", "seoHierarchy": [{"contextualName": "Colac VIC 3250"}, {"contextualName": "South West Coast VIC"}]}, "listingDate": "2022-12-20T06:00:46Z", "logo": {"id": "", "description": null}, "roleId": "retail-sales-assistant", "salary": "", "solMetadata": {"searchRequestToken": "566e1551-9af1-4312-bc8f-5c23c8afe106", "token": "0~566e1551-9af1-4312-bc8f-5c23c8afe106", "jobId": "59532091", "section": "MAIN", "sectionRank": 277, "jobAdType": "ORGANIC", "tags": {"mordor__flights": "mordor_123"}}, "subClassification": {"id": "6050", "description": "Retail Assistants"}, "suburb": "Colac", "suburbId": 14435, "suburbWhereValue": "Colac VIC 3250", "teaser": "Whether they\u2019re racing to fill shelves or scanning through customers, our Retail Assistants can do everything and anything.", "title": "Retail Assistant - Colac", "tracking": "ewogICJ0b2tlbiI6ICIyNTI5YmM5Mi1jNTkyLTlkOTctOTE0Mi1kNzRiNmVmZWFiNTJfMTciCn0=", "workType": "Part Time", "isPrivateAdvertiser": false}, {"advertiser": {"id": "27493644", "description": "Aldi Stores"}, "area": "Parramatta & Western Suburbs", "areaId": 5030, "areaWhereValue": "Parramatta & Western Suburbs Sydney NSW", "automaticInclusion": false, "bulletPoints": [], "classification": {"id": "6043", "description": "Retail & Consumer Products"}, "companyName": "ALDI", "companyProfileStructuredDataId": 5197, "displayType": "standard", "listingDateDisplay": "14d ago", "location": "Sydney", "locationId": 1000, "locationWhereValue": "All Sydney NSW", "id": 59569249, "isPremium": false, "isStandOut": false, "jobLocation": {"label": "Blacktown, Sydney NSW", "countryCode": "AU", "seoHierarchy": [{"contextualName": "Blacktown NSW 2148"}, {"contextualName": "All Sydney NSW"}]}, "listingDate": "2022-12-27T23:28:43Z", "logo": {"id": "", "description": null}, "roleId": "store-manager", "salary": "", "solMetadata": {"searchRequestToken": "566e1551-9af1-4312-bc8f-5c23c8afe106", "token": "0~566e1551-9af1-4312-bc8f-5c23c8afe106", "jobId": "59569249", "section": "MAIN", "sectionRank": 278, "jobAdType": "ORGANIC", "tags": {"mordor__flights": "mordor_123"}}, "subClassification": {"id": "6047", "description": "Management - Store"}, "suburb": "Blacktown", "suburbId": 17632, "suburbWhereValue": "Blacktown NSW 2148", "teaser": "From driving sales and controlling costs, to serving customers & training staff, our Duty Managers always lead from the front.", "title": "Duty Store Manager - Blacktown", "tracking": "ewogICJ0b2tlbiI6ICIyNTI5YmM5Mi1jNTkyLTlkOTctOTE0Mi1kNzRiNmVmZWFiNTJfMTgiCn0=", "workType": "Full Time", "isPrivateAdvertiser": false}, {"advertiser": {"id": "27493644", "description": "Aldi Stores"}, "automaticInclusion": false, "bulletPoints": [], "classification": {"id": "6043", "description": "Retail & Consumer Products"}, "companyName": "ALDI", "companyProfileStructuredDataId": 5197, "displayType": "standard", "listingDateDisplay": "6d ago", "location": "Sunshine Coast", "locationId": 5002, "locationWhereValue": "Sunshine Coast QLD", "id": 59619900, "isPremium": false, "isStandOut": false, "jobLocation": {"label": "Noosaville, Sunshine Coast QLD", "countryCode": "AU", "seoHierarchy": [{"contextualName": "Noosaville QLD 4566"}, {"contextualName": "Sunshine Coast QLD"}]}, "listingDate": "2023-01-05T09:12:08Z", "logo": {"id": "", "description": null}, "roleId": "store-manager", "salary": "29.96", "solMetadata": {"searchRequestToken": "566e1551-9af1-4312-bc8f-5c23c8afe106", "token": "0~566e1551-9af1-4312-bc8f-5c23c8afe106", "jobId": "59619900", "section": "MAIN", "sectionRank": 279, "jobAdType": "ORGANIC", "tags": {"mordor__flights": "mordor_123"}}, "subClassification": {"id": "6047", "description": "Management - Store"}, "suburb": "Noosaville", "suburbId": 23894, "suburbWhereValue": "Noosaville QLD 4566", "teaser": "From driving sales and controlling costs, to serving customers & training staff, our Duty Store Managers always lead from the front.", "title": "Duty Store Manager - Noosaville", "tracking": "ewogICJ0b2tlbiI6ICIyNTI5YmM5Mi1jNTkyLTlkOTctOTE0Mi1kNzRiNmVmZWFiNTJfMTkiCn0=", "workType": "Part Time", "isPrivateAdvertiser": false}, {"advertiser": {"id": "27493644", "description": "Aldi Stores"}, "automaticInclusion": false, "bulletPoints": [], "classification": {"id": "6043", "description": "Retail & Consumer Products"}, "companyName": "ALDI", "companyProfileStructuredDataId": 5197, "displayType": "standard", "listingDateDisplay": "23d ago", "location": "South West Coast VIC", "locationId": 5068, "locationWhereValue": "South West Coast VIC", "id": 59513845, "isPremium": false, "isStandOut": false, "jobLocation": {"label": "Warrnambool, South West Coast VIC", "countryCode": "AU", "seoHierarchy": [{"contextualName": "Warrnambool VIC 3280"}, {"contextualName": "South West Coast VIC"}]}, "listingDate": "2022-12-18T18:01:09Z", "logo": {"id": "", "description": null}, "roleId": "retail-sales-assistant", "salary": "", "solMetadata": {"searchRequestToken": "566e1551-9af1-4312-bc8f-5c23c8afe106", "token": "0~566e1551-9af1-4312-bc8f-5c23c8afe106", "jobId": "59513845", "section": "MAIN", "sectionRank": 280, "jobAdType": "ORGANIC", "tags": {"mordor__flights": "mordor_123"}}, "subClassification": {"id": "6050", "description": "Retail Assistants"}, "suburb": "Warrnambool", "suburbId": 21901, "suburbWhereValue": "Warrnambool VIC 3280", "teaser": "Whether they\u2019re racing to fill shelves or scanning through customers, our Retail Assistants can do everything and anything.", "title": "Retail Assistant - Warrnambool", "tracking": "ewogICJ0b2tlbiI6ICIyNTI5YmM5Mi1jNTkyLTlkOTctOTE0Mi1kNzRiNmVmZWFiNTJfMjAiCn0=", "workType": "Part Time", "isPrivateAdvertiser": false}], "title": "Jobs in All Australia", "totalCount": 417, "paginationParameters": {"seekSelectAllPages": true, "hadPremiumListings": false}, "info": {"timeTaken": 53, "source": "JobSearch-sm", "experiment": "mordor_123"}, "userQueryId": "a3f7e6f85be73fd8fe2e3d5ea92001b7-7335003", "sortMode": [{"isActive": true, "name": "Relevance", "value": "KeywordRelevance"}, {"isActive": false, "name": "Date", "value": "ListedDate"}], "solMetadata": {"requestToken": "566e1551-9af1-4312-bc8f-5c23c8afe106", "token": "0~566e1551-9af1-4312-bc8f-5c23c8afe106", "sortMode": "RELEVANCE", "locations": ["seek-3000"], "locationDistance": 50, "employer": "ALDI", "pageSize": 20, "pageNumber": 14, "totalJobCount": 417, "tags": {"mordor__flights": "mordor_123", "chalice-search-api:solId": "c00c353f-a376-4b96-b397-16e262dbd3d3"}}, "location": {"matched": true, "whereId": 3000, "type": "Country", "suburbType": "rural", "description": "All Australia", "stateDescription": "", "locationId": 3000, "locationDescription": "", "areaId": 0, "areaDescription": "", "suburbParentDescription": ""}, "canonicalCompany": {"id": "5197", "description": "ALDI"}, "companySuggestion": {"search": {"keywords": "ALDI"}, "count": "461"}, "joraCrossLink": {"canCrossLink": false}, "searchParams": {"sitekey": "AU-Main", "sourcesystem": "houston", "userqueryid": "a3f7e6f85be73fd8fe2e3d5ea92001b7-7335003", "userid": "5959404e-631e-45a1-bb3b-2ae481757cf6", "usersessionid": "5959404e-631e-45a1-bb3b-2ae481757cf6", "eventcapturesessionid": "5959404e-631e-45a1-bb3b-2ae481757cf6", "where": "All Australia", "page": "14", "seekselectallpages": "true", "companyname": "ALDI", "include": "seodata", "solid": "c00c353f-a376-4b96-b397-16e262dbd3d3"}}