{"data": [{"advertiser": {"id": "27493644", "description": "Aldi Stores"}, "area": "Southern Suburbs & Sutherland Shire", "areaId": 5032, "areaWhereValue": "Southern Suburbs & Sutherland Shire Sydney NSW", "automaticInclusion": false, "bulletPoints": [], "classification": {"id": "6043", "description": "Retail & Consumer Products"}, "companyName": "ALDI", "companyProfileStructuredDataId": 5197, "displayType": "standard", "listingDateDisplay": "12d ago", "location": "Sydney", "locationId": 1000, "locationWhereValue": "All Sydney NSW", "id": 59577326, "isPremium": false, "isStandOut": false, "jobLocation": {"label": "Riverwood, Sydney NSW", "countryCode": "AU", "seoHierarchy": [{"contextualName": "Riverwood NSW 2210"}, {"contextualName": "All Sydney NSW"}]}, "listingDate": "2022-12-29T23:00:46Z", "logo": {"id": "", "description": null}, "roleId": "retail-sales-assistant", "salary": "", "solMetadata": {"searchRequestToken": "6a9e0afb-2806-4dee-91d8-ee91f0a425f7", "token": "0~6a9e0afb-2806-4dee-91d8-ee91f0a425f7", "jobId": "59577326", "section": "MAIN", "sectionRank": 101, "jobAdType": "ORGANIC", "tags": {"mordor__flights": "mordor_123"}}, "subClassification": {"id": "6050", "description": "Retail Assistants"}, "suburb": "Riverwood", "suburbId": 12368, "suburbWhereValue": "Riverwood NSW 2210", "teaser": "Whether they\u2019re racing to fill shelves or scanning through customers, our Retail Assistants can do everything and anything.", "title": "Retail Assistant - Riverwood & Roselands", "tracking": "ewogICJ0b2tlbiI6ICJmYWNiYjgzNC0xYmUzLTk0YTEtYWYyZC1jMjg2MGRhOWEzYTJfMSIKfQ==", "workType": "Part Time", "isPrivateAdvertiser": false}, {"advertiser": {"id": "27493644", "description": "Aldi Stores"}, "automaticInclusion": false, "bulletPoints": [], "classification": {"id": "6043", "description": "Retail & Consumer Products"}, "companyName": "ALDI", "companyProfileStructuredDataId": 5197, "displayType": "standard", "listingDateDisplay": "5d ago", "location": "South West Coast VIC", "locationId": 5068, "locationWhereValue": "South West Coast VIC", "id": 59621487, "isPremium": false, "isStandOut": false, "jobLocation": {"label": "Leopold, South West Coast VIC", "countryCode": "AU", "seoHierarchy": [{"contextualName": "Leopold VIC 3224"}, {"contextualName": "South West Coast VIC"}]}, "listingDate": "2023-01-05T22:01:28Z", "logo": {"id": "", "description": null}, "roleId": "retail-sales-assistant", "salary": "", "solMetadata": {"searchRequestToken": "6a9e0afb-2806-4dee-91d8-ee91f0a425f7", "token": "0~6a9e0afb-2806-4dee-91d8-ee91f0a425f7", "jobId": "59621487", "section": "MAIN", "sectionRank": 102, "jobAdType": "ORGANIC", "tags": {"mordor__flights": "mordor_123"}}, "subClassification": {"id": "6050", "description": "Retail Assistants"}, "suburb": "Leopold", "suburbId": 13703, "suburbWhereValue": "Leopold VIC 3224", "teaser": "Whether they\u2019re racing to fill shelves or scanning through customers, our Retail Assistants can do everything and anything.", "title": "Retail Assistant Leopold/Drysdale", "tracking": "ewogICJ0b2tlbiI6ICJmYWNiYjgzNC0xYmUzLTk0YTEtYWYyZC1jMjg2MGRhOWEzYTJfMiIKfQ==", "workType": "Part Time", "isPrivateAdvertiser": false}, {"advertiser": {"id": "27493644", "description": "Aldi Stores"}, "automaticInclusion": false, "bulletPoints": [], "classification": {"id": "6043", "description": "Retail & Consumer Products"}, "companyName": "ALDI", "companyProfileStructuredDataId": 5197, "displayType": "standard", "listingDateDisplay": "6d ago", "location": "Lismore & Far North Coast", "locationId": 5036, "locationWhereValue": "Lismore & Far North Coast NSW", "id": 59610734, "isPremium": false, "isStandOut": false, "jobLocation": {"label": "Ballina, Lismore & Far North Coast NSW", "countryCode": "AU", "seoHierarchy": [{"contextualName": "Ballina NSW 2478"}, {"contextualName": "Lismore & Far North Coast NSW"}]}, "listingDate": "2023-01-04T22:01:34Z", "logo": {"id": "", "description": null}, "roleId": "retail-sales-assistant", "salary": "Permanent Part Time", "solMetadata": {"searchRequestToken": "6a9e0afb-2806-4dee-91d8-ee91f0a425f7", "token": "0~6a9e0afb-2806-4dee-91d8-ee91f0a425f7", "jobId": "59610734", "section": "MAIN", "sectionRank": 103, "jobAdType": "ORGANIC", "tags": {"mordor__flights": "mordor_123"}}, "subClassification": {"id": "6050", "description": "Retail Assistants"}, "suburb": "Ballina", "suburbId": 16996, "suburbWhereValue": "Ballina NSW 2478", "teaser": "Whether they\u2019re racing to fill shelves or scanning through customers, our Retail Assistants can do everything and anything.", "title": "Retail Assistant - Ballina", "tracking": "ewogICJ0b2tlbiI6ICJmYWNiYjgzNC0xYmUzLTk0YTEtYWYyZC1jMjg2MGRhOWEzYTJfMyIKfQ==", "workType": "Part Time", "isPrivateAdvertiser": false}, {"advertiser": {"id": "27493644", "description": "Aldi Stores"}, "area": "Southern Suburbs & Sutherland Shire", "areaId": 5032, "areaWhereValue": "Southern Suburbs & Sutherland Shire Sydney NSW", "automaticInclusion": false, "bulletPoints": [], "classification": {"id": "6043", "description": "Retail & Consumer Products"}, "companyName": "ALDI", "companyProfileStructuredDataId": 5197, "displayType": "standard", "listingDateDisplay": "12d ago", "location": "Sydney", "locationId": 1000, "locationWhereValue": "All Sydney NSW", "id": 59577295, "isPremium": false, "isStandOut": false, "jobLocation": {"label": "Lakemba, Sydney NSW", "countryCode": "AU", "seoHierarchy": [{"contextualName": "Lakemba NSW 2195"}, {"contextualName": "All Sydney NSW"}]}, "listingDate": "2022-12-29T22:53:09Z", "logo": {"id": "", "description": null}, "roleId": "retail-sales-assistant", "salary": "", "solMetadata": {"searchRequestToken": "6a9e0afb-2806-4dee-91d8-ee91f0a425f7", "token": "0~6a9e0afb-2806-4dee-91d8-ee91f0a425f7", "jobId": "59577295", "section": "MAIN", "sectionRank": 104, "jobAdType": "ORGANIC", "tags": {"mordor__flights": "mordor_123"}}, "subClassification": {"id": "6050", "description": "Retail Assistants"}, "suburb": "Lakemba", "suburbId": 13526, "suburbWhereValue": "Lakemba NSW 2195", "teaser": "Whether they\u2019re racing to fill shelves or scanning through customers, our Retail Assistants can do everything and anything.", "title": "Retail Assistant - Lakemba 20 hours PW", "tracking": "ewogICJ0b2tlbiI6ICJmYWNiYjgzNC0xYmUzLTk0YTEtYWYyZC1jMjg2MGRhOWEzYTJfNCIKfQ==", "workType": "Part Time", "isPrivateAdvertiser": false}, {"advertiser": {"id": "27493644", "description": "Aldi Stores"}, "automaticInclusion": false, "bulletPoints": [], "classification": {"id": "6043", "description": "Retail & Consumer Products"}, "companyName": "ALDI", "companyProfileStructuredDataId": 5197, "displayType": "standard", "listingDateDisplay": "6d ago", "location": "Gold Coast", "locationId": 1005, "locationWhereValue": "All Gold Coast QLD", "id": 59611602, "isPremium": false, "isStandOut": false, "jobLocation": {"label": "Robina, Gold Coast QLD", "countryCode": "AU", "seoHierarchy": [{"contextualName": "Robina QLD 4226"}, {"contextualName": "All Gold Coast QLD"}]}, "listingDate": "2023-01-04T23:01:06Z", "logo": {"id": "", "description": null}, "roleId": "retail-sales-assistant", "salary": "", "solMetadata": {"searchRequestToken": "6a9e0afb-2806-4dee-91d8-ee91f0a425f7", "token": "0~6a9e0afb-2806-4dee-91d8-ee91f0a425f7", "jobId": "59611602", "section": "MAIN", "sectionRank": 105, "jobAdType": "ORGANIC", "tags": {"mordor__flights": "mordor_123"}}, "subClassification": {"id": "6050", "description": "Retail Assistants"}, "suburb": "Robina", "suburbId": 12380, "suburbWhereValue": "Robina QLD 4226", "teaser": "Whether they\u2019re racing to fill shelves or scanning through customers, our Retail Assistants can do everything and anything.", "title": "Retail Assistant - Robina - 20 hours p/w", "tracking": "ewogICJ0b2tlbiI6ICJmYWNiYjgzNC0xYmUzLTk0YTEtYWYyZC1jMjg2MGRhOWEzYTJfNSIKfQ==", "workType": "Part Time", "isPrivateAdvertiser": false}, {"advertiser": {"id": "27493644", "description": "Aldi Stores"}, "automaticInclusion": false, "bulletPoints": [], "classification": {"id": "6043", "description": "Retail & Consumer Products"}, "companyName": "ALDI", "companyProfileStructuredDataId": 5197, "displayType": "standard", "listingDateDisplay": "4d ago", "location": "Ballarat & Central Highlands", "locationId": 5076, "locationWhereValue": "Ballarat & Central Highlands VIC", "id": 59631654, "isPremium": false, "isStandOut": false, "jobLocation": {"label": "Ballarat, Ballarat & Central Highlands VIC", "countryCode": "AU", "seoHierarchy": [{"contextualName": "Ballarat VIC 3350"}, {"contextualName": "Ballarat & Central Highlands VIC"}]}, "listingDate": "2023-01-07T01:56:23Z", "logo": {"id": "", "description": null}, "roleId": "recruitment", "salary": "", "solMetadata": {"searchRequestToken": "6a9e0afb-2806-4dee-91d8-ee91f0a425f7", "token": "0~6a9e0afb-2806-4dee-91d8-ee91f0a425f7", "jobId": "59631654", "section": "MAIN", "sectionRank": 106, "jobAdType": "ORGANIC", "tags": {"mordor__flights": "mordor_123"}}, "subClassification": {"id": "6050", "description": "Retail Assistants"}, "suburb": "Ballarat", "suburbId": 16986, "suburbWhereValue": "Ballarat VIC 3350", "teaser": "Whether they\u2019re racing to fill shelves or scanning through customers, our Retail Assistants can do everything and anything.", "title": "Aldi Recruitment Event Ballarat Stores", "tracking": "ewogICJ0b2tlbiI6ICJmYWNiYjgzNC0xYmUzLTk0YTEtYWYyZC1jMjg2MGRhOWEzYTJfNiIKfQ==", "workType": "Part Time", "isPrivateAdvertiser": false}, {"advertiser": {"id": "27493644", "description": "Aldi Stores"}, "automaticInclusion": false, "bulletPoints": [], "classification": {"id": "6043", "description": "Retail & Consumer Products"}, "companyName": "ALDI", "companyProfileStructuredDataId": 5197, "displayType": "standard", "listingDateDisplay": "4d ago", "location": "Ballarat & Central Highlands", "locationId": 5076, "locationWhereValue": "Ballarat & Central Highlands VIC", "id": 59631708, "isPremium": false, "isStandOut": false, "jobLocation": {"label": "Ararat, Ballarat & Central Highlands VIC", "countryCode": "AU", "seoHierarchy": [{"contextualName": "Ararat VIC 3377"}, {"contextualName": "Ballarat & Central Highlands VIC"}]}, "listingDate": "2023-01-07T02:23:02Z", "logo": {"id": "", "description": null}, "roleId": "retail-sales-assistant", "salary": "$25.92 + higher weekend penalties", "solMetadata": {"searchRequestToken": "6a9e0afb-2806-4dee-91d8-ee91f0a425f7", "token": "0~6a9e0afb-2806-4dee-91d8-ee91f0a425f7", "jobId": "59631708", "section": "MAIN", "sectionRank": 107, "jobAdType": "ORGANIC", "tags": {"mordor__flights": "mordor_123"}}, "subClassification": {"id": "6050", "description": "Retail Assistants"}, "suburb": "Ararat", "suburbId": 11281, "suburbWhereValue": "Ararat VIC 3377", "teaser": "Our limited roster contracts allow you to nominate the days you can work, so you can prioritise both personal commitments and work at the same time.", "title": "Retail Assistant - Ararat  (Limited Roster for 10.5 -15 hours p/w)", "tracking": "ewogICJ0b2tlbiI6ICJmYWNiYjgzNC0xYmUzLTk0YTEtYWYyZC1jMjg2MGRhOWEzYTJfNyIKfQ==", "workType": "Part Time", "isPrivateAdvertiser": false}, {"advertiser": {"id": "27493644", "description": "Aldi Stores"}, "area": "Fremantle & Southern Suburbs", "areaId": 5050, "areaWhereValue": "Fremantle & Southern Suburbs Perth WA", "automaticInclusion": false, "bulletPoints": [], "classification": {"id": "6092", "description": "Manufacturing, Transport & Logistics"}, "companyName": "ALDI", "companyProfileStructuredDataId": 5197, "displayType": "standard", "listingDateDisplay": "2d ago", "location": "Perth", "locationId": 1009, "locationWhereValue": "All Perth WA", "id": 59644526, "isPremium": false, "isStandOut": false, "jobLocation": {"label": "Jandakot, Perth WA", "countryCode": "AU", "seoHierarchy": [{"contextualName": "Jandakot WA 6164"}, {"contextualName": "All Perth WA"}]}, "listingDate": "2023-01-09T02:40:45Z", "logo": {"id": "", "description": null}, "roleId": "transport-supervisor", "salary": "", "solMetadata": {"searchRequestToken": "6a9e0afb-2806-4dee-91d8-ee91f0a425f7", "token": "0~6a9e0afb-2806-4dee-91d8-ee91f0a425f7", "jobId": "59644526", "section": "MAIN", "sectionRank": 108, "jobAdType": "ORGANIC", "tags": {"mordor__flights": "mordor_123"}}, "subClassification": {"id": "6108", "description": "Warehousing, Storage & Distribution"}, "suburb": "Jandakot", "suburbId": 23610, "suburbWhereValue": "Jandakot WA 6164", "teaser": "From scheduling stock delivery to helping manage staff rosters, our Transport ASL's share the responsibility of running of our Transport  Department", "title": "Assistant Transport Supervisor", "tracking": "ewogICJ0b2tlbiI6ICJmYWNiYjgzNC0xYmUzLTk0YTEtYWYyZC1jMjg2MGRhOWEzYTJfOCIKfQ==", "workType": "Full Time", "isPrivateAdvertiser": false}, {"advertiser": {"id": "27493644", "description": "Aldi Stores"}, "area": "Parramatta & Western Suburbs", "areaId": 5030, "areaWhereValue": "Parramatta & Western Suburbs Sydney NSW", "automaticInclusion": false, "bulletPoints": [], "classification": {"id": "6092", "description": "Manufacturing, Transport & Logistics"}, "companyName": "ALDI", "companyProfileStructuredDataId": 5197, "displayType": "standard", "listingDateDisplay": "6d ago", "location": "Sydney", "locationId": 1000, "locationWhereValue": "All Sydney NSW", "id": 59618494, "isPremium": false, "isStandOut": false, "jobLocation": {"label": "Minchinbury, Sydney NSW", "countryCode": "AU", "seoHierarchy": [{"contextualName": "Minchinbury NSW 2770"}, {"contextualName": "All Sydney NSW"}]}, "listingDate": "2023-01-05T05:54:29Z", "logo": {"id": "", "description": null}, "roleId": "supply-chain-coordinator", "salary": "$77,400 - $89,100 (inclusive of superannuation)", "solMetadata": {"searchRequestToken": "6a9e0afb-2806-4dee-91d8-ee91f0a425f7", "token": "0~6a9e0afb-2806-4dee-91d8-ee91f0a425f7", "jobId": "59618494", "section": "MAIN", "sectionRank": 109, "jobAdType": "ORGANIC", "tags": {"mordor__flights": "mordor_123"}}, "subClassification": {"id": "6098", "description": "Freight/Cargo Forwarding"}, "suburb": "Minchinbury", "suburbId": 18808, "suburbWhereValue": "Minchinbury NSW 2770", "teaser": "An exciting opportunity has become available for a Supply Chain Coordinator to join the Freight Resolution team.", "title": "National Supply Chain Coordinator", "tracking": "ewogICJ0b2tlbiI6ICJmYWNiYjgzNC0xYmUzLTk0YTEtYWYyZC1jMjg2MGRhOWEzYTJfOSIKfQ==", "workType": "Contract/Temp", "isPrivateAdvertiser": false}, {"advertiser": {"id": "27493644", "description": "Aldi Stores"}, "automaticInclusion": false, "bulletPoints": [], "classification": {"id": "6043", "description": "Retail & Consumer Products"}, "companyName": "ALDI", "companyProfileStructuredDataId": 5197, "displayType": "standard", "listingDateDisplay": "5d ago", "location": "Lismore & Far North Coast", "locationId": 5036, "locationWhereValue": "Lismore & Far North Coast NSW", "id": 59625658, "isPremium": false, "isStandOut": false, "jobLocation": {"label": "Tweed Heads South, Lismore & Far North Coast NSW", "countryCode": "AU", "seoHierarchy": [{"contextualName": "Tweed Heads South NSW 2486"}, {"contextualName": "Lismore & Far North Coast NSW"}]}, "listingDate": "2023-01-06T02:38:57Z", "logo": {"id": "", "description": null}, "roleId": "retail-sales-assistant", "salary": "", "solMetadata": {"searchRequestToken": "6a9e0afb-2806-4dee-91d8-ee91f0a425f7", "token": "0~6a9e0afb-2806-4dee-91d8-ee91f0a425f7", "jobId": "59625658", "section": "MAIN", "sectionRank": 110, "jobAdType": "ORGANIC", "tags": {"mordor__flights": "mordor_123"}}, "subClassification": {"id": "6050", "description": "Retail Assistants"}, "suburb": "Tweed Heads South", "suburbId": 21365, "suburbWhereValue": "Tweed Heads South NSW 2486", "teaser": "Whether they\u2019re racing to fill shelves or scanning through customers, our Retail Assistants can do everything and anything.", "title": "Retail Assistant - Tweed heads South 10-15 Hours/week", "tracking": "ewogICJ0b2tlbiI6ICJmYWNiYjgzNC0xYmUzLTk0YTEtYWYyZC1jMjg2MGRhOWEzYTJfMTAiCn0=", "workType": "Part Time", "isPrivateAdvertiser": false}, {"advertiser": {"id": "27493644", "description": "Aldi Stores"}, "automaticInclusion": false, "bulletPoints": [], "classification": {"id": "6043", "description": "Retail & Consumer Products"}, "companyName": "ALDI", "companyProfileStructuredDataId": 5197, "displayType": "standard", "listingDateDisplay": "6d ago", "location": "Albany & Great Southern", "locationId": 5057, "locationWhereValue": "Albany & Great Southern WA", "id": 59610730, "isPremium": false, "isStandOut": false, "jobLocation": {"label": "Albany, Albany & Great Southern WA", "countryCode": "AU", "seoHierarchy": [{"contextualName": "Albany WA 6330"}, {"contextualName": "Albany & Great Southern WA"}]}, "listingDate": "2023-01-04T22:01:28Z", "logo": {"id": "", "description": null}, "roleId": "retail-sales-assistant", "salary": "", "solMetadata": {"searchRequestToken": "6a9e0afb-2806-4dee-91d8-ee91f0a425f7", "token": "0~6a9e0afb-2806-4dee-91d8-ee91f0a425f7", "jobId": "59610730", "section": "MAIN", "sectionRank": 111, "jobAdType": "ORGANIC", "tags": {"mordor__flights": "mordor_123"}}, "subClassification": {"id": "6050", "description": "Retail Assistants"}, "suburb": "Albany", "suburbId": 11095, "suburbWhereValue": "Albany WA 6330", "teaser": "Whether they\u2019re racing to fill shelves or scanning through customers, our Retail Assistants can do everything and anything.", "title": "Retail Assistant- Albany - 20 hours p/w", "tracking": "ewogICJ0b2tlbiI6ICJmYWNiYjgzNC0xYmUzLTk0YTEtYWYyZC1jMjg2MGRhOWEzYTJfMTEiCn0=", "workType": "Part Time", "isPrivateAdvertiser": false}, {"advertiser": {"id": "27493644", "description": "Aldi Stores"}, "area": "Parramatta & Western Suburbs", "areaId": 5030, "areaWhereValue": "Parramatta & Western Suburbs Sydney NSW", "automaticInclusion": false, "bulletPoints": [], "classification": {"id": "6092", "description": "Manufacturing, Transport & Logistics"}, "companyName": "ALDI", "companyProfileStructuredDataId": 5197, "displayType": "standard", "listingDateDisplay": "6d ago", "location": "Sydney", "locationId": 1000, "locationWhereValue": "All Sydney NSW", "id": 59615580, "isPremium": false, "isStandOut": false, "jobLocation": {"label": "Minchinbury, Sydney NSW", "countryCode": "AU", "seoHierarchy": [{"contextualName": "Minchinbury NSW 2770"}, {"contextualName": "All Sydney NSW"}]}, "listingDate": "2023-01-05T02:58:56Z", "logo": {"id": "", "description": null}, "roleId": "procurement-assistant", "salary": "$90,000 - $100,000 including super", "solMetadata": {"searchRequestToken": "6a9e0afb-2806-4dee-91d8-ee91f0a425f7", "token": "0~6a9e0afb-2806-4dee-91d8-ee91f0a425f7", "jobId": "59615580", "section": "MAIN", "sectionRank": 112, "jobAdType": "ORGANIC", "tags": {"mordor__flights": "mordor_123"}}, "subClassification": {"id": "6109", "description": "Purchasing, Procurement & Inventory"}, "suburb": "Minchinbury", "suburbId": 18808, "suburbWhereValue": "Minchinbury NSW 2770", "teaser": "As a Procurement Assistant, you will manage supplier relationships and assist the Manager with developing and executing category management plans", "title": "Procurement Assistant", "tracking": "ewogICJ0b2tlbiI6ICJmYWNiYjgzNC0xYmUzLTk0YTEtYWYyZC1jMjg2MGRhOWEzYTJfMTIiCn0=", "workType": "Full Time", "isPrivateAdvertiser": false}, {"advertiser": {"id": "27493644", "description": "Aldi Stores"}, "area": "Bayside & South Eastern Suburbs", "areaId": 5070, "areaWhereValue": "Bayside & South Eastern Suburbs Melbourne VIC", "automaticInclusion": false, "bulletPoints": [], "classification": {"id": "6043", "description": "Retail & Consumer Products"}, "companyName": "ALDI", "companyProfileStructuredDataId": 5197, "displayType": "standard", "listingDateDisplay": "13d ago", "location": "Melbourne", "locationId": 1002, "locationWhereValue": "All Melbourne VIC", "id": 59575795, "isPremium": false, "isStandOut": false, "jobLocation": {"label": "Keysborough, Melbourne VIC", "countryCode": "AU", "seoHierarchy": [{"contextualName": "Keysborough VIC 3173"}, {"contextualName": "All Melbourne VIC"}]}, "listingDate": "2022-12-29T06:43:03Z", "logo": {"id": "", "description": null}, "roleId": "retail-sales-assistant", "salary": "", "solMetadata": {"searchRequestToken": "6a9e0afb-2806-4dee-91d8-ee91f0a425f7", "token": "0~6a9e0afb-2806-4dee-91d8-ee91f0a425f7", "jobId": "59575795", "section": "MAIN", "sectionRank": 113, "jobAdType": "ORGANIC", "tags": {"mordor__flights": "mordor_123"}}, "subClassification": {"id": "6050", "description": "Retail Assistants"}, "suburb": "Keysborough", "suburbId": 13061, "suburbWhereValue": "Keysborough VIC 3173", "teaser": "Whether they\u2019re racing to fill shelves or scanning through customers, our Retail Assistants can do everything and anything.", "title": "Retail Assistant - Keysborough", "tracking": "ewogICJ0b2tlbiI6ICJmYWNiYjgzNC0xYmUzLTk0YTEtYWYyZC1jMjg2MGRhOWEzYTJfMTMiCn0=", "workType": "Part Time", "isPrivateAdvertiser": false}, {"advertiser": {"id": "27493644", "description": "Aldi Stores"}, "automaticInclusion": false, "bulletPoints": [], "classification": {"id": "6043", "description": "Retail & Consumer Products"}, "companyName": "ALDI", "companyProfileStructuredDataId": 5197, "displayType": "standard", "listingDateDisplay": "4d ago", "location": "Horsham & Grampians", "locationId": 5064, "locationWhereValue": "Horsham & Grampians VIC", "id": 59631713, "isPremium": false, "isStandOut": false, "jobLocation": {"label": "Hamilton, Horsham & Grampians VIC", "countryCode": "AU", "seoHierarchy": [{"contextualName": "Hamilton VIC 3300"}, {"contextualName": "Horsham & Grampians VIC"}]}, "listingDate": "2023-01-07T02:25:08Z", "logo": {"id": "", "description": null}, "roleId": "retail-sales-assistant", "salary": "$25.92 + higher weekend penalties", "solMetadata": {"searchRequestToken": "6a9e0afb-2806-4dee-91d8-ee91f0a425f7", "token": "0~6a9e0afb-2806-4dee-91d8-ee91f0a425f7", "jobId": "59631713", "section": "MAIN", "sectionRank": 114, "jobAdType": "ORGANIC", "tags": {"mordor__flights": "mordor_123"}}, "subClassification": {"id": "6050", "description": "Retail Assistants"}, "suburb": "Hamilton", "suburbId": 23002, "suburbWhereValue": "Hamilton VIC 3300", "teaser": "Our limited roster contracts allow you to nominate the days you can work, so you can prioritise both personal commitments and work at the same time.", "title": "Retail Assistant - Hamilton (Limited Roster for 10.5 or 15 hours p/w)", "tracking": "ewogICJ0b2tlbiI6ICJmYWNiYjgzNC0xYmUzLTk0YTEtYWYyZC1jMjg2MGRhOWEzYTJfMTQiCn0=", "workType": "Part Time", "isPrivateAdvertiser": false}, {"advertiser": {"id": "27493644", "description": "Aldi Stores"}, "area": "Parramatta & Western Suburbs", "areaId": 5030, "areaWhereValue": "Parramatta & Western Suburbs Sydney NSW", "automaticInclusion": false, "bulletPoints": [], "classification": {"id": "6092", "description": "Manufacturing, Transport & Logistics"}, "companyName": "ALDI", "companyProfileStructuredDataId": 5197, "displayType": "standard", "listingDateDisplay": "2d ago", "location": "Sydney", "locationId": 1000, "locationWhereValue": "All Sydney NSW", "id": 59653094, "isPremium": false, "isStandOut": false, "jobLocation": {"label": "Minchinbury, Sydney NSW", "countryCode": "AU", "seoHierarchy": [{"contextualName": "Minchinbury NSW 2770"}, {"contextualName": "All Sydney NSW"}]}, "listingDate": "2023-01-09T13:01:11Z", "logo": {"id": "", "description": null}, "roleId": "truckdriver", "salary": "", "solMetadata": {"searchRequestToken": "6a9e0afb-2806-4dee-91d8-ee91f0a425f7", "token": "0~6a9e0afb-2806-4dee-91d8-ee91f0a425f7", "jobId": "59653094", "section": "MAIN", "sectionRank": 115, "jobAdType": "ORGANIC", "tags": {"mordor__flights": "mordor_123"}}, "subClassification": {"id": "6111", "description": "Road Transport"}, "suburb": "Minchinbury", "suburbId": 18808, "suburbWhereValue": "Minchinbury NSW 2770", "teaser": "Spending days on the road delivering our stock state-wide, our Transport Operators are level headed, adaptable and safety minded.", "title": "Truck Driver - Afternoon Shift", "tracking": "ewogICJ0b2tlbiI6ICJmYWNiYjgzNC0xYmUzLTk0YTEtYWYyZC1jMjg2MGRhOWEzYTJfMTUiCn0=", "workType": "Part Time", "isPrivateAdvertiser": false}, {"advertiser": {"id": "27493644", "description": "Aldi Stores"}, "automaticInclusion": false, "bulletPoints": [], "classification": {"id": "6043", "description": "Retail & Consumer Products"}, "companyName": "ALDI", "companyProfileStructuredDataId": 5197, "displayType": "standard", "listingDateDisplay": "9d ago", "location": "Southern Highlands & Tablelands", "locationId": 5035, "locationWhereValue": "Southern Highlands & Tablelands NSW", "id": 59582422, "isPremium": false, "isStandOut": false, "jobLocation": {"label": "Goulburn, Southern Highlands & Tablelands NSW", "countryCode": "AU", "seoHierarchy": [{"contextualName": "Goulburn NSW 2580"}, {"contextualName": "Southern Highlands & Tablelands NSW"}]}, "listingDate": "2023-01-01T23:51:10Z", "logo": {"id": "", "description": null}, "roleId": "retail-sales-assistant", "salary": "", "solMetadata": {"searchRequestToken": "6a9e0afb-2806-4dee-91d8-ee91f0a425f7", "token": "0~6a9e0afb-2806-4dee-91d8-ee91f0a425f7", "jobId": "59582422", "section": "MAIN", "sectionRank": 116, "jobAdType": "ORGANIC", "tags": {"mordor__flights": "mordor_123"}}, "subClassification": {"id": "6050", "description": "Retail Assistants"}, "suburb": "Goulburn", "suburbId": 21030, "suburbWhereValue": "Goulburn NSW 2580", "teaser": "Whether they\u2019re racing to fill shelves or scanning through customers, our Retail Assistants can do everything and anything.", "title": "Retail Assistant - Goulburn", "tracking": "ewogICJ0b2tlbiI6ICJmYWNiYjgzNC0xYmUzLTk0YTEtYWYyZC1jMjg2MGRhOWEzYTJfMTYiCn0=", "workType": "Part Time", "isPrivateAdvertiser": false}, {"advertiser": {"id": "27493644", "description": "Aldi Stores"}, "area": "Bayside & South Eastern Suburbs", "areaId": 5070, "areaWhereValue": "Bayside & South Eastern Suburbs Melbourne VIC", "automaticInclusion": false, "bulletPoints": [], "classification": {"id": "6043", "description": "Retail & Consumer Products"}, "companyName": "ALDI", "companyProfileStructuredDataId": 5197, "displayType": "standard", "listingDateDisplay": "13d ago", "location": "Melbourne", "locationId": 1002, "locationWhereValue": "All Melbourne VIC", "id": 59575392, "isPremium": false, "isStandOut": false, "jobLocation": {"label": "Endeavour Hills, Melbourne VIC", "countryCode": "AU", "seoHierarchy": [{"contextualName": "Endeavour Hills VIC 3802"}, {"contextualName": "All Melbourne VIC"}]}, "listingDate": "2022-12-29T04:57:09Z", "logo": {"id": "", "description": null}, "roleId": "retail-sales-assistant", "salary": "", "solMetadata": {"searchRequestToken": "6a9e0afb-2806-4dee-91d8-ee91f0a425f7", "token": "0~6a9e0afb-2806-4dee-91d8-ee91f0a425f7", "jobId": "59575392", "section": "MAIN", "sectionRank": 117, "jobAdType": "ORGANIC", "tags": {"mordor__flights": "mordor_123"}}, "subClassification": {"id": "6050", "description": "Retail Assistants"}, "suburb": "Endeavour Hills", "suburbId": 20070, "suburbWhereValue": "Endeavour Hills VIC 3802", "teaser": "Whether they\u2019re racing to fill shelves or scanning through customers, our Retail Assistants can do everything and anything.", "title": "Retail Assistant - Endeavour Hills", "tracking": "ewogICJ0b2tlbiI6ICJmYWNiYjgzNC0xYmUzLTk0YTEtYWYyZC1jMjg2MGRhOWEzYTJfMTciCn0=", "workType": "Part Time", "isPrivateAdvertiser": false}, {"advertiser": {"id": "27493644", "description": "Aldi Stores"}, "area": "Northern Suburbs & Joondalup", "areaId": 5051, "areaWhereValue": "Northern Suburbs & Joondalup Perth WA", "automaticInclusion": false, "bulletPoints": [], "classification": {"id": "6043", "description": "Retail & Consumer Products"}, "companyName": "ALDI", "companyProfileStructuredDataId": 5197, "displayType": "standard", "listingDateDisplay": "1d ago", "location": "Perth", "locationId": 1009, "locationWhereValue": "All Perth WA", "id": 59655150, "isPremium": false, "isStandOut": false, "jobLocation": {"label": "Karrinyup, Perth WA", "countryCode": "AU", "seoHierarchy": [{"contextualName": "Karrinyup WA 6018"}, {"contextualName": "All Perth WA"}]}, "listingDate": "2023-01-09T22:01:33Z", "logo": {"id": "", "description": null}, "roleId": "store-manager", "salary": "", "solMetadata": {"searchRequestToken": "6a9e0afb-2806-4dee-91d8-ee91f0a425f7", "token": "0~6a9e0afb-2806-4dee-91d8-ee91f0a425f7", "jobId": "59655150", "section": "MAIN", "sectionRank": 118, "jobAdType": "ORGANIC", "tags": {"mordor__flights": "mordor_123"}}, "subClassification": {"id": "6047", "description": "Management - Store"}, "suburb": "Karrinyup", "suburbId": 12926, "suburbWhereValue": "Karrinyup WA 6018", "teaser": "From driving sales targets to supervising the training and development of a close-knit team, the role of an ALDI Store Manager is diverse and dynamic.", "title": "Store Manager - Mirrabooka/Northern Suburbs - 45 Hours/Week", "tracking": "ewogICJ0b2tlbiI6ICJmYWNiYjgzNC0xYmUzLTk0YTEtYWYyZC1jMjg2MGRhOWEzYTJfMTgiCn0=", "workType": "Full Time", "isPrivateAdvertiser": false}, {"advertiser": {"id": "27493644", "description": "Aldi Stores"}, "area": "Parramatta & Western Suburbs", "areaId": 5030, "areaWhereValue": "Parramatta & Western Suburbs Sydney NSW", "automaticInclusion": false, "bulletPoints": [], "classification": {"id": "6317", "description": "Human Resources & Recruitment"}, "companyName": "ALDI", "companyProfileStructuredDataId": 5197, "displayType": "standard", "listingDateDisplay": "8d ago", "location": "Sydney", "locationId": 1000, "locationWhereValue": "All Sydney NSW", "id": 59584648, "isPremium": false, "isStandOut": false, "jobLocation": {"label": "Minchinbury, Sydney NSW", "countryCode": "AU", "seoHierarchy": [{"contextualName": "Minchinbury NSW 2770"}, {"contextualName": "All Sydney NSW"}]}, "listingDate": "2023-01-02T22:01:15Z", "logo": {"id": "", "description": null}, "roleId": "project-assistant", "salary": "$90,000 - $100,000 including super", "solMetadata": {"searchRequestToken": "6a9e0afb-2806-4dee-91d8-ee91f0a425f7", "token": "0~6a9e0afb-2806-4dee-91d8-ee91f0a425f7", "jobId": "59584648", "section": "MAIN", "sectionRank": 119, "jobAdType": "ORGANIC", "tags": {"mordor__flights": "mordor_123"}}, "subClassification": {"id": "6318", "description": "Consulting & Generalist HR"}, "suburb": "Minchinbury", "suburbId": 18808, "suburbWhereValue": "Minchinbury NSW 2770", "teaser": "Assist in projects across topics ranging from EVP, performance and development frameworks and career progression programs", "title": "HR Project Assistant", "tracking": "ewogICJ0b2tlbiI6ICJmYWNiYjgzNC0xYmUzLTk0YTEtYWYyZC1jMjg2MGRhOWEzYTJfMTkiCn0=", "workType": "Full Time", "isPrivateAdvertiser": false}, {"advertiser": {"id": "27493644", "description": "Aldi Stores"}, "area": "Parramatta & Western Suburbs", "areaId": 5030, "areaWhereValue": "Parramatta & Western Suburbs Sydney NSW", "automaticInclusion": false, "bulletPoints": [], "classification": {"id": "6251", "description": "Administration & Office Support"}, "companyName": "ALDI", "companyProfileStructuredDataId": 5197, "displayType": "standard", "listingDateDisplay": "13d ago", "location": "Sydney", "locationId": 1000, "locationWhereValue": "All Sydney NSW", "id": 59574250, "isPremium": false, "isStandOut": false, "jobLocation": {"label": "Minchinbury, Sydney NSW", "countryCode": "AU", "seoHierarchy": [{"contextualName": "Minchinbury NSW 2770"}, {"contextualName": "All Sydney NSW"}]}, "listingDate": "2022-12-29T01:24:09Z", "logo": {"id": "", "description": null}, "roleId": "personal-assistant", "salary": "$90, 000 - $100, 000 including superannuation", "solMetadata": {"searchRequestToken": "6a9e0afb-2806-4dee-91d8-ee91f0a425f7", "token": "0~6a9e0afb-2806-4dee-91d8-ee91f0a425f7", "jobId": "59574250", "section": "MAIN", "sectionRank": 120, "jobAdType": "ORGANIC", "tags": {"mordor__flights": "mordor_123"}}, "subClassification": {"id": "6257", "description": "PA, EA & Secretarial"}, "suburb": "Minchinbury", "suburbId": 18808, "suburbWhereValue": "Minchinbury NSW 2770", "teaser": "An exciting opportunity for a Personal Assistant is now available within our National Finance & Administration / NIT team. No two days are the same!", "title": "Personal Assistant - National Finance and Administration", "tracking": "ewogICJ0b2tlbiI6ICJmYWNiYjgzNC0xYmUzLTk0YTEtYWYyZC1jMjg2MGRhOWEzYTJfMjAiCn0=", "workType": "Full Time", "isPrivateAdvertiser": false}], "title": "Jobs in All Australia", "totalCount": 417, "paginationParameters": {"seekSelectAllPages": true, "hadPremiumListings": false}, "info": {"timeTaken": 51, "source": "JobSearch-sm", "experiment": "mordor_123"}, "userQueryId": "a3f7e6f85be73fd8fe2e3d5ea92001b7-7335003", "sortMode": [{"isActive": true, "name": "Relevance", "value": "KeywordRelevance"}, {"isActive": false, "name": "Date", "value": "ListedDate"}], "solMetadata": {"requestToken": "6a9e0afb-2806-4dee-91d8-ee91f0a425f7", "token": "0~6a9e0afb-2806-4dee-91d8-ee91f0a425f7", "sortMode": "RELEVANCE", "locations": ["seek-3000"], "locationDistance": 50, "employer": "ALDI", "pageSize": 20, "pageNumber": 6, "totalJobCount": 417, "tags": {"mordor__flights": "mordor_123", "chalice-search-api:solId": "c00c353f-a376-4b96-b397-16e262dbd3d3"}}, "location": {"matched": true, "whereId": 3000, "type": "Country", "suburbType": "rural", "description": "All Australia", "stateDescription": "", "locationId": 3000, "locationDescription": "", "areaId": 0, "areaDescription": "", "suburbParentDescription": ""}, "canonicalCompany": {"id": "5197", "description": "ALDI"}, "companySuggestion": {"search": {"keywords": "ALDI"}, "count": "461"}, "joraCrossLink": {"canCrossLink": false}, "searchParams": {"sitekey": "AU-Main", "sourcesystem": "houston", "userqueryid": "a3f7e6f85be73fd8fe2e3d5ea92001b7-7335003", "userid": "5959404e-631e-45a1-bb3b-2ae481757cf6", "usersessionid": "5959404e-631e-45a1-bb3b-2ae481757cf6", "eventcapturesessionid": "5959404e-631e-45a1-bb3b-2ae481757cf6", "where": "All Australia", "page": "6", "seekselectallpages": "true", "companyname": "ALDI", "include": "seodata", "solid": "c00c353f-a376-4b96-b397-16e262dbd3d3"}}