{"data": [{"advertiser": {"id": "27493644", "description": "Aldi Stores"}, "automaticInclusion": false, "bulletPoints": [], "classification": {"id": "6043", "description": "Retail & Consumer Products"}, "companyName": "ALDI", "companyProfileStructuredDataId": 5197, "displayType": "standard", "listingDateDisplay": "5h ago", "location": "Bunbury & South West", "locationId": 5047, "locationWhereValue": "Bunbury & South West WA", "id": 59673243, "isPremium": false, "isStandOut": false, "jobLocation": {"label": "Bunbury, Bunbury & South West WA", "countryCode": "AU", "seoHierarchy": [{"contextualName": "Bunbury WA 6230"}, {"contextualName": "Bunbury & South West WA"}]}, "listingDate": "2023-01-10T22:01:33Z", "logo": {"id": "", "description": null}, "roleId": "retail-sales-assistant", "salary": "", "solMetadata": {"searchRequestToken": "d5bcacd2-637d-46a6-a343-73171732d392", "token": "0~d5bcacd2-637d-46a6-a343-73171732d392", "jobId": "59673243", "section": "MAIN", "sectionRank": 61, "jobAdType": "ORGANIC", "tags": {"mordor__flights": "mordor_123"}}, "subClassification": {"id": "6050", "description": "Retail Assistants"}, "suburb": "Bunbury", "suburbId": 22156, "suburbWhereValue": "Bunbury WA 6230", "teaser": "Whether they\u2019re racing to fill shelves or scanning through customers, our Retail Assistants can do everything and anything.", "title": "Retail Assistant - Bunbury/Australind - 20 hours p/w", "tracking": "ewogICJ0b2tlbiI6ICIzMGM5ODdiMi02OWYyLTkxNDMtOTBjMC0xZTExMDA3MjRiZGJfMSIKfQ==", "workType": "Part Time", "isPrivateAdvertiser": false}, {"advertiser": {"id": "27493644", "description": "Aldi Stores"}, "area": "Eastern Suburbs", "areaId": 5049, "areaWhereValue": "Eastern Suburbs Perth WA", "automaticInclusion": false, "bulletPoints": [], "classification": {"id": "6043", "description": "Retail & Consumer Products"}, "companyName": "ALDI", "companyProfileStructuredDataId": 5197, "displayType": "standard", "listingDateDisplay": "8d ago", "location": "Perth", "locationId": 1009, "locationWhereValue": "All Perth WA", "id": 59593357, "isPremium": false, "isStandOut": false, "jobLocation": {"label": "Belmont, Perth WA", "countryCode": "AU", "seoHierarchy": [{"contextualName": "Belmont WA 6104"}, {"contextualName": "All Perth WA"}]}, "listingDate": "2023-01-03T04:07:46Z", "logo": {"id": "", "description": null}, "roleId": "retail-sales-assistant", "salary": "", "solMetadata": {"searchRequestToken": "d5bcacd2-637d-46a6-a343-73171732d392", "token": "0~d5bcacd2-637d-46a6-a343-73171732d392", "jobId": "59593357", "section": "MAIN", "sectionRank": 62, "jobAdType": "ORGANIC", "tags": {"mordor__flights": "mordor_123"}}, "subClassification": {"id": "6050", "description": "Retail Assistants"}, "suburb": "Belmont", "suburbId": 17354, "suburbWhereValue": "Belmont WA 6104", "teaser": "Whether they\u2019re racing to fill shelves or scanning through customers, our Retail Assistants can do everything and anything.", "title": "Retail Assistant - East Vic Park- 25 hours p/w", "tracking": "ewogICJ0b2tlbiI6ICIzMGM5ODdiMi02OWYyLTkxNDMtOTBjMC0xZTExMDA3MjRiZGJfMiIKfQ==", "workType": "Part Time", "isPrivateAdvertiser": false}, {"advertiser": {"id": "27493644", "description": "Aldi Stores"}, "area": "Northern Suburbs", "areaId": 5072, "areaWhereValue": "Northern Suburbs Melbourne VIC", "automaticInclusion": false, "bulletPoints": [], "classification": {"id": "6043", "description": "Retail & Consumer Products"}, "companyName": "ALDI", "companyProfileStructuredDataId": 5197, "displayType": "standard", "listingDateDisplay": "7d ago", "location": "Melbourne", "locationId": 1002, "locationWhereValue": "All Melbourne VIC", "id": 59603536, "isPremium": false, "isStandOut": false, "jobLocation": {"label": "Preston, Melbourne VIC", "countryCode": "AU", "seoHierarchy": [{"contextualName": "Preston VIC 3072"}, {"contextualName": "All Melbourne VIC"}]}, "listingDate": "2023-01-04T02:23:43Z", "logo": {"id": "", "description": null}, "roleId": "retail-sales-assistant", "salary": "", "solMetadata": {"searchRequestToken": "d5bcacd2-637d-46a6-a343-73171732d392", "token": "0~d5bcacd2-637d-46a6-a343-73171732d392", "jobId": "59603536", "section": "MAIN", "sectionRank": 63, "jobAdType": "ORGANIC", "tags": {"mordor__flights": "mordor_123"}}, "subClassification": {"id": "6050", "description": "Retail Assistants"}, "suburb": "Preston", "suburbId": 12017, "suburbWhereValue": "Preston VIC 3072", "teaser": "Whether they\u2019re racing to fill shelves or scanning through customers, our Retail Assistants can do everything and anything.", "title": "Retail Assistant - Preston South", "tracking": "ewogICJ0b2tlbiI6ICIzMGM5ODdiMi02OWYyLTkxNDMtOTBjMC0xZTExMDA3MjRiZGJfMyIKfQ==", "workType": "Part Time", "isPrivateAdvertiser": false}, {"advertiser": {"id": "27493644", "description": "Aldi Stores"}, "area": "Parramatta & Western Suburbs", "areaId": 5030, "areaWhereValue": "Parramatta & Western Suburbs Sydney NSW", "automaticInclusion": false, "bulletPoints": [], "classification": {"id": "6043", "description": "Retail & Consumer Products"}, "companyName": "ALDI", "companyProfileStructuredDataId": 5197, "displayType": "standard", "listingDateDisplay": "13d ago", "location": "Sydney", "locationId": 1000, "locationWhereValue": "All Sydney NSW", "id": 59575739, "isPremium": false, "isStandOut": false, "jobLocation": {"label": "Wetherill Park, Sydney NSW", "countryCode": "AU", "seoHierarchy": [{"contextualName": "Wetherill Park NSW 2164"}, {"contextualName": "All Sydney NSW"}]}, "listingDate": "2022-12-29T06:19:04Z", "logo": {"id": "", "description": null}, "roleId": "retail-sales-assistant", "salary": "", "solMetadata": {"searchRequestToken": "d5bcacd2-637d-46a6-a343-73171732d392", "token": "0~d5bcacd2-637d-46a6-a343-73171732d392", "jobId": "59575739", "section": "MAIN", "sectionRank": 64, "jobAdType": "ORGANIC", "tags": {"mordor__flights": "mordor_123"}}, "subClassification": {"id": "6050", "description": "Retail Assistants"}, "suburb": "Wetherill Park", "suburbId": 10049, "suburbWhereValue": "Wetherill Park NSW 2164", "teaser": "Whether they\u2019re racing to fill shelves or scanning through customers, our Retail Assistants can do everything and anything.", "title": "Retail Assistant - Fairfield Forum", "tracking": "ewogICJ0b2tlbiI6ICIzMGM5ODdiMi02OWYyLTkxNDMtOTBjMC0xZTExMDA3MjRiZGJfNCIKfQ==", "workType": "Part Time", "isPrivateAdvertiser": false}, {"advertiser": {"id": "27493644", "description": "Aldi Stores"}, "area": "Northern Suburbs", "areaId": 5072, "areaWhereValue": "Northern Suburbs Melbourne VIC", "automaticInclusion": false, "bulletPoints": [], "classification": {"id": "6043", "description": "Retail & Consumer Products"}, "companyName": "ALDI", "companyProfileStructuredDataId": 5197, "displayType": "standard", "listingDateDisplay": "5d ago", "location": "Melbourne", "locationId": 1002, "locationWhereValue": "All Melbourne VIC", "id": 59628455, "isPremium": false, "isStandOut": false, "jobLocation": {"label": "Lower Plenty, Melbourne VIC", "countryCode": "AU", "seoHierarchy": [{"contextualName": "Lower Plenty VIC 3093"}, {"contextualName": "All Melbourne VIC"}]}, "listingDate": "2023-01-06T05:29:40Z", "logo": {"id": "", "description": null}, "roleId": "retail-sales-assistant", "salary": "", "solMetadata": {"searchRequestToken": "d5bcacd2-637d-46a6-a343-73171732d392", "token": "0~d5bcacd2-637d-46a6-a343-73171732d392", "jobId": "59628455", "section": "MAIN", "sectionRank": 65, "jobAdType": "ORGANIC", "tags": {"mordor__flights": "mordor_123"}}, "subClassification": {"id": "6050", "description": "Retail Assistants"}, "suburb": "Lower Plenty", "suburbId": 13959, "suburbWhereValue": "Lower Plenty VIC 3093", "teaser": "Whether they\u2019re racing to fill shelves or scanning through customers, our Retail Assistants can do everything and anything.", "title": "Retail Assistant -  Lower Plenty", "tracking": "ewogICJ0b2tlbiI6ICIzMGM5ODdiMi02OWYyLTkxNDMtOTBjMC0xZTExMDA3MjRiZGJfNSIKfQ==", "workType": "Part Time", "isPrivateAdvertiser": false}, {"advertiser": {"id": "27493644", "description": "Aldi Stores"}, "area": "Northern Suburbs", "areaId": 5072, "areaWhereValue": "Northern Suburbs Melbourne VIC", "automaticInclusion": false, "bulletPoints": [], "classification": {"id": "6043", "description": "Retail & Consumer Products"}, "companyName": "ALDI", "companyProfileStructuredDataId": 5197, "displayType": "standard", "listingDateDisplay": "7d ago", "location": "Melbourne", "locationId": 1002, "locationWhereValue": "All Melbourne VIC", "id": 59603854, "isPremium": false, "isStandOut": false, "jobLocation": {"label": "Heidelberg West, Melbourne VIC", "countryCode": "AU", "seoHierarchy": [{"contextualName": "Heidelberg West VIC 3081"}, {"contextualName": "All Melbourne VIC"}]}, "listingDate": "2023-01-04T02:43:02Z", "logo": {"id": "", "description": null}, "roleId": "retail-sales-assistant", "salary": "", "solMetadata": {"searchRequestToken": "d5bcacd2-637d-46a6-a343-73171732d392", "token": "0~d5bcacd2-637d-46a6-a343-73171732d392", "jobId": "59603854", "section": "MAIN", "sectionRank": 66, "jobAdType": "ORGANIC", "tags": {"mordor__flights": "mordor_123"}}, "subClassification": {"id": "6050", "description": "Retail Assistants"}, "suburb": "Heidelberg West", "suburbId": 23159, "suburbWhereValue": "Heidelberg West VIC 3081", "teaser": "Whether they\u2019re racing to fill shelves or scanning through customers, our Retail Assistants can do everything and anything.", "title": "Retail Assistant - Heidelberg West", "tracking": "ewogICJ0b2tlbiI6ICIzMGM5ODdiMi02OWYyLTkxNDMtOTBjMC0xZTExMDA3MjRiZGJfNiIKfQ==", "workType": "Part Time", "isPrivateAdvertiser": false}, {"advertiser": {"id": "27493644", "description": "Aldi Stores"}, "area": "CBD & Inner Suburbs", "areaId": 5010, "areaWhereValue": "Brisbane CBD & Inner Suburbs Brisbane QLD", "automaticInclusion": false, "bulletPoints": [], "classification": {"id": "6043", "description": "Retail & Consumer Products"}, "companyName": "ALDI", "companyProfileStructuredDataId": 5197, "displayType": "standard", "listingDateDisplay": "13d ago", "location": "Brisbane", "locationId": 1004, "locationWhereValue": "All Brisbane QLD", "id": 59575680, "isPremium": false, "isStandOut": false, "jobLocation": {"label": "Mount Gravatt, Brisbane QLD", "countryCode": "AU", "seoHierarchy": [{"contextualName": "Mount Gravatt QLD 4122"}, {"contextualName": "All Brisbane QLD"}]}, "listingDate": "2022-12-29T06:01:41Z", "logo": {"id": "", "description": null}, "roleId": "retail-sales-assistant", "salary": "", "solMetadata": {"searchRequestToken": "d5bcacd2-637d-46a6-a343-73171732d392", "token": "0~d5bcacd2-637d-46a6-a343-73171732d392", "jobId": "59575680", "section": "MAIN", "sectionRank": 67, "jobAdType": "ORGANIC", "tags": {"mordor__flights": "mordor_123"}}, "subClassification": {"id": "6050", "description": "Retail Assistants"}, "suburb": "Mount Gravatt", "suburbId": 19283, "suburbWhereValue": "Mount Gravatt QLD 4122", "teaser": "Whether they\u2019re racing to fill shelves or scanning through customers, our Retail Assistants can do everything and anything.", "title": "Retail Assistant - Mt Gravatt - 20 hours p/w", "tracking": "ewogICJ0b2tlbiI6ICIzMGM5ODdiMi02OWYyLTkxNDMtOTBjMC0xZTExMDA3MjRiZGJfNyIKfQ==", "workType": "Part Time", "isPrivateAdvertiser": false}, {"advertiser": {"id": "27493644", "description": "Aldi Stores"}, "automaticInclusion": false, "bulletPoints": [], "classification": {"id": "6043", "description": "Retail & Consumer Products"}, "companyName": "ALDI", "companyProfileStructuredDataId": 5197, "displayType": "standard", "listingDateDisplay": "6d ago", "location": "Albury Area", "locationId": 5026, "locationWhereValue": "Albury Area NSW", "id": 59619914, "isPremium": false, "isStandOut": false, "jobLocation": {"label": "Lavington, Albury Area NSW", "countryCode": "AU", "seoHierarchy": [{"contextualName": "Lavington NSW 2641"}, {"contextualName": "Albury Area NSW"}]}, "listingDate": "2023-01-05T09:19:05Z", "logo": {"id": "", "description": null}, "roleId": "retail-sales-assistant", "salary": "", "solMetadata": {"searchRequestToken": "d5bcacd2-637d-46a6-a343-73171732d392", "token": "0~d5bcacd2-637d-46a6-a343-73171732d392", "jobId": "59619914", "section": "MAIN", "sectionRank": 68, "jobAdType": "ORGANIC", "tags": {"mordor__flights": "mordor_123"}}, "subClassification": {"id": "6050", "description": "Retail Assistants"}, "suburb": "Lavington", "suburbId": 13634, "suburbWhereValue": "Lavington NSW 2641", "teaser": "Whether they\u2019re racing to fill shelves or scanning through customers, our Retail Assistants can do everything and anything.", "title": "Retail Assistant - Albury / Lavington", "tracking": "ewogICJ0b2tlbiI6ICIzMGM5ODdiMi02OWYyLTkxNDMtOTBjMC0xZTExMDA3MjRiZGJfOCIKfQ==", "workType": "Part Time", "isPrivateAdvertiser": false}, {"advertiser": {"id": "27493644", "description": "Aldi Stores"}, "area": "Parramatta & Western Suburbs", "areaId": 5030, "areaWhereValue": "Parramatta & Western Suburbs Sydney NSW", "automaticInclusion": false, "bulletPoints": [], "classification": {"id": "6043", "description": "Retail & Consumer Products"}, "companyName": "ALDI", "companyProfileStructuredDataId": 5197, "displayType": "standard", "listingDateDisplay": "13d ago", "location": "Sydney", "locationId": 1000, "locationWhereValue": "All Sydney NSW", "id": 59575352, "isPremium": false, "isStandOut": false, "jobLocation": {"label": "Penrith, Sydney NSW", "countryCode": "AU", "seoHierarchy": [{"contextualName": "Penrith NSW 2750"}, {"contextualName": "All Sydney NSW"}]}, "listingDate": "2022-12-29T04:49:23Z", "logo": {"id": "", "description": null}, "roleId": "retail-sales-assistant", "salary": "Fast-paced, active role! Permanent Part Time.", "solMetadata": {"searchRequestToken": "d5bcacd2-637d-46a6-a343-73171732d392", "token": "0~d5bcacd2-637d-46a6-a343-73171732d392", "jobId": "59575352", "section": "MAIN", "sectionRank": 69, "jobAdType": "ORGANIC", "tags": {"mordor__flights": "mordor_123"}}, "subClassification": {"id": "6050", "description": "Retail Assistants"}, "suburb": "Penrith", "suburbId": 11677, "suburbWhereValue": "Penrith NSW 2750", "teaser": "Whether they\u2019re racing to fill shelves or scanning through customers, our Retail Assistants can do everything and anything.", "title": "Retail Assistant - St Marys /Penrith /Emu Plains", "tracking": "ewogICJ0b2tlbiI6ICIzMGM5ODdiMi02OWYyLTkxNDMtOTBjMC0xZTExMDA3MjRiZGJfOSIKfQ==", "workType": "Part Time", "isPrivateAdvertiser": false}, {"advertiser": {"id": "27493644", "description": "Aldi Stores"}, "automaticInclusion": false, "bulletPoints": [], "classification": {"id": "6043", "description": "Retail & Consumer Products"}, "companyName": "ALDI", "companyProfileStructuredDataId": 5197, "displayType": "standard", "listingDateDisplay": "5d ago", "location": "Yarra Valley & High Country", "locationId": 5065, "locationWhereValue": "Yarra Valley & High Country VIC", "id": 59625894, "isPremium": false, "isStandOut": false, "jobLocation": {"label": "Healesville, Yarra Valley & High Country VIC", "countryCode": "AU", "seoHierarchy": [{"contextualName": "Healesville VIC 3777"}, {"contextualName": "Yarra Valley & High Country VIC"}]}, "listingDate": "2023-01-06T02:54:51Z", "logo": {"id": "", "description": null}, "roleId": "retail-sales-assistant", "salary": "", "solMetadata": {"searchRequestToken": "d5bcacd2-637d-46a6-a343-73171732d392", "token": "0~d5bcacd2-637d-46a6-a343-73171732d392", "jobId": "59625894", "section": "MAIN", "sectionRank": 70, "jobAdType": "ORGANIC", "tags": {"mordor__flights": "mordor_123"}}, "subClassification": {"id": "6050", "description": "Retail Assistants"}, "suburb": "Healesville", "suburbId": 23134, "suburbWhereValue": "Healesville VIC 3777", "teaser": "Whether they\u2019re racing to fill shelves or scanning through customers, our Retail Assistants can do everything and anything.", "title": "Retail Assistant - Healesville / Seville", "tracking": "ewogICJ0b2tlbiI6ICIzMGM5ODdiMi02OWYyLTkxNDMtOTBjMC0xZTExMDA3MjRiZGJfMTAiCn0=", "workType": "Part Time", "isPrivateAdvertiser": false}, {"advertiser": {"id": "27493644", "description": "Aldi Stores"}, "automaticInclusion": false, "bulletPoints": [], "classification": {"id": "6043", "description": "Retail & Consumer Products"}, "companyName": "ALDI", "companyProfileStructuredDataId": 5197, "displayType": "standard", "listingDateDisplay": "6d ago", "location": "Yarra Valley & High Country", "locationId": 5065, "locationWhereValue": "Yarra Valley & High Country VIC", "id": 59619919, "isPremium": false, "isStandOut": false, "jobLocation": {"label": "Wangaratta, Yarra Valley & High Country VIC", "countryCode": "AU", "seoHierarchy": [{"contextualName": "Wangaratta VIC 3677"}, {"contextualName": "Yarra Valley & High Country VIC"}]}, "listingDate": "2023-01-05T09:20:30Z", "logo": {"id": "", "description": null}, "roleId": "retail-sales-assistant", "salary": "", "solMetadata": {"searchRequestToken": "d5bcacd2-637d-46a6-a343-73171732d392", "token": "0~d5bcacd2-637d-46a6-a343-73171732d392", "jobId": "59619919", "section": "MAIN", "sectionRank": 71, "jobAdType": "ORGANIC", "tags": {"mordor__flights": "mordor_123"}}, "subClassification": {"id": "6050", "description": "Retail Assistants"}, "suburb": "Wangaratta", "suburbId": 21789, "suburbWhereValue": "Wangaratta VIC 3677", "teaser": "Whether they\u2019re racing to fill shelves or scanning through customers, our Retail Assistants can do everything and anything.", "title": "Retail Assistant - Wangaratta", "tracking": "ewogICJ0b2tlbiI6ICIzMGM5ODdiMi02OWYyLTkxNDMtOTBjMC0xZTExMDA3MjRiZGJfMTEiCn0=", "workType": "Part Time", "isPrivateAdvertiser": false}, {"advertiser": {"id": "27493644", "description": "Aldi Stores"}, "area": "Parramatta & Western Suburbs", "areaId": 5030, "areaWhereValue": "Parramatta & Western Suburbs Sydney NSW", "automaticInclusion": false, "bulletPoints": [], "classification": {"id": "6043", "description": "Retail & Consumer Products"}, "companyName": "ALDI", "companyProfileStructuredDataId": 5197, "displayType": "standard", "listingDateDisplay": "14d ago", "location": "Sydney", "locationId": 1000, "locationWhereValue": "All Sydney NSW", "id": 59569466, "isPremium": false, "isStandOut": false, "jobLocation": {"label": "Glenmore Park, Sydney NSW", "countryCode": "AU", "seoHierarchy": [{"contextualName": "Glenmore Park NSW 2745"}, {"contextualName": "All Sydney NSW"}]}, "listingDate": "2022-12-27T23:57:16Z", "logo": {"id": "", "description": null}, "roleId": "retail-sales-assistant", "salary": "", "solMetadata": {"searchRequestToken": "d5bcacd2-637d-46a6-a343-73171732d392", "token": "0~d5bcacd2-637d-46a6-a343-73171732d392", "jobId": "59569466", "section": "MAIN", "sectionRank": 72, "jobAdType": "ORGANIC", "tags": {"mordor__flights": "mordor_123"}}, "subClassification": {"id": "6050", "description": "Retail Assistants"}, "suburb": "Glenmore Park", "suburbId": 20861, "suburbWhereValue": "Glenmore Park NSW 2745", "teaser": "Whether they\u2019re racing to fill shelves or scanning through customers, our Retail Assistants can do everything and anything.", "title": "Glenmore Park - Retail Assistant", "tracking": "ewogICJ0b2tlbiI6ICIzMGM5ODdiMi02OWYyLTkxNDMtOTBjMC0xZTExMDA3MjRiZGJfMTIiCn0=", "workType": "Part Time", "isPrivateAdvertiser": false}, {"advertiser": {"id": "27493644", "description": "Aldi Stores"}, "automaticInclusion": false, "bulletPoints": [], "classification": {"id": "6043", "description": "Retail & Consumer Products"}, "companyName": "ALDI", "companyProfileStructuredDataId": 5197, "displayType": "standard", "listingDateDisplay": "5d ago", "location": "Yarra Valley & High Country", "locationId": 5065, "locationWhereValue": "Yarra Valley & High Country VIC", "id": 59621486, "isPremium": false, "isStandOut": false, "jobLocation": {"label": "Lilydale, Yarra Valley & High Country VIC", "countryCode": "AU", "seoHierarchy": [{"contextualName": "Lilydale VIC 3140"}, {"contextualName": "Yarra Valley & High Country VIC"}]}, "listingDate": "2023-01-05T22:01:27Z", "logo": {"id": "", "description": null}, "roleId": "retail-sales-assistant", "salary": "", "solMetadata": {"searchRequestToken": "d5bcacd2-637d-46a6-a343-73171732d392", "token": "0~d5bcacd2-637d-46a6-a343-73171732d392", "jobId": "59621486", "section": "MAIN", "sectionRank": 73, "jobAdType": "ORGANIC", "tags": {"mordor__flights": "mordor_123"}}, "subClassification": {"id": "6050", "description": "Retail Assistants"}, "suburb": "Lilydale", "suburbId": 13754, "suburbWhereValue": "Lilydale VIC 3140", "teaser": "Whether they\u2019re racing to fill shelves or scanning through customers, our Retail Assistants can do everything and anything.", "title": "Retail Assistant - Lilydale", "tracking": "ewogICJ0b2tlbiI6ICIzMGM5ODdiMi02OWYyLTkxNDMtOTBjMC0xZTExMDA3MjRiZGJfMTMiCn0=", "workType": "Part Time", "isPrivateAdvertiser": false}, {"advertiser": {"id": "27493644", "description": "Aldi Stores"}, "automaticInclusion": false, "bulletPoints": [], "classification": {"id": "6043", "description": "Retail & Consumer Products"}, "companyName": "ALDI", "companyProfileStructuredDataId": 5197, "displayType": "standard", "listingDateDisplay": "5d ago", "location": "Wollongong, Illawarra & South Coast", "locationId": 5038, "locationWhereValue": "Wollongong, Illawarra & South Coast NSW", "id": 59627620, "isPremium": false, "isStandOut": false, "jobLocation": {"label": "Albion Park, Wollongong, Illawarra & South Coast NSW", "countryCode": "AU", "seoHierarchy": [{"contextualName": "Albion Park NSW 2527"}, {"contextualName": "Wollongong, Illawarra & South Coast NSW"}]}, "listingDate": "2023-01-06T04:38:28Z", "logo": {"id": "", "description": null}, "roleId": "retail-sales-assistant", "salary": "", "solMetadata": {"searchRequestToken": "d5bcacd2-637d-46a6-a343-73171732d392", "token": "0~d5bcacd2-637d-46a6-a343-73171732d392", "jobId": "59627620", "section": "MAIN", "sectionRank": 74, "jobAdType": "ORGANIC", "tags": {"mordor__flights": "mordor_123"}}, "subClassification": {"id": "6050", "description": "Retail Assistants"}, "suburb": "Albion Park", "suburbId": 11106, "suburbWhereValue": "Albion Park NSW 2527", "teaser": "Whether they\u2019re racing to fill shelves or scanning through customers, our Retail Assistants can do everything and anything.", "title": "Retail Assistant - Albion Park/ Shellharbour - 15-20 hours p/w", "tracking": "ewogICJ0b2tlbiI6ICIzMGM5ODdiMi02OWYyLTkxNDMtOTBjMC0xZTExMDA3MjRiZGJfMTQiCn0=", "workType": "Part Time", "isPrivateAdvertiser": false}, {"advertiser": {"id": "27493644", "description": "Aldi Stores"}, "area": "Parramatta & Western Suburbs", "areaId": 5030, "areaWhereValue": "Parramatta & Western Suburbs Sydney NSW", "automaticInclusion": false, "bulletPoints": [], "classification": {"id": "6251", "description": "Administration & Office Support"}, "companyName": "ALDI", "companyProfileStructuredDataId": 5197, "displayType": "standard", "listingDateDisplay": "10d ago", "location": "Sydney", "locationId": 1000, "locationWhereValue": "All Sydney NSW", "id": 59580979, "isPremium": false, "isStandOut": false, "jobLocation": {"label": "Minchinbury, Sydney NSW", "countryCode": "AU", "seoHierarchy": [{"contextualName": "Minchinbury NSW 2770"}, {"contextualName": "All Sydney NSW"}]}, "listingDate": "2022-12-31T22:01:08Z", "logo": {"id": "", "description": null}, "roleId": "personal-assistant", "salary": "$90,000 - $100,000 including super", "solMetadata": {"searchRequestToken": "d5bcacd2-637d-46a6-a343-73171732d392", "token": "0~d5bcacd2-637d-46a6-a343-73171732d392", "jobId": "59580979", "section": "MAIN", "sectionRank": 75, "jobAdType": "ORGANIC", "tags": {"mordor__flights": "mordor_123"}}, "subClassification": {"id": "6257", "description": "PA, EA & Secretarial"}, "suburb": "Minchinbury", "suburbId": 18808, "suburbWhereValue": "Minchinbury NSW 2770", "teaser": "Support a Buying Group Director and broader team through diary management, team coordination, scheduling, auditing, reporting and more!", "title": "Personal Assistant - Group Director", "tracking": "ewogICJ0b2tlbiI6ICIzMGM5ODdiMi02OWYyLTkxNDMtOTBjMC0xZTExMDA3MjRiZGJfMTUiCn0=", "workType": "Full Time", "isPrivateAdvertiser": false}, {"advertiser": {"id": "27493644", "description": "Aldi Stores"}, "area": "Fremantle & Southern Suburbs", "areaId": 5050, "areaWhereValue": "Fremantle & Southern Suburbs Perth WA", "automaticInclusion": false, "bulletPoints": [], "classification": {"id": "6043", "description": "Retail & Consumer Products"}, "companyName": "ALDI", "companyProfileStructuredDataId": 5197, "displayType": "standard", "listingDateDisplay": "8d ago", "location": "Perth", "locationId": 1009, "locationWhereValue": "All Perth WA", "id": 59593404, "isPremium": false, "isStandOut": false, "jobLocation": {"label": "Willetton, Perth WA", "countryCode": "AU", "seoHierarchy": [{"contextualName": "Willetton WA 6155"}, {"contextualName": "All Perth WA"}]}, "listingDate": "2023-01-03T04:10:00Z", "logo": {"id": "", "description": null}, "roleId": "retail-sales-assistant", "salary": "", "solMetadata": {"searchRequestToken": "d5bcacd2-637d-46a6-a343-73171732d392", "token": "0~d5bcacd2-637d-46a6-a343-73171732d392", "jobId": "59593404", "section": "MAIN", "sectionRank": 76, "jobAdType": "ORGANIC", "tags": {"mordor__flights": "mordor_123"}}, "subClassification": {"id": "6050", "description": "Retail Assistants"}, "suburb": "Willetton", "suburbId": 10181, "suburbWhereValue": "Willetton WA 6155", "teaser": "Whether they\u2019re racing to fill shelves or scanning through customers, our Retail Assistants can do everything and anything.", "title": "Retail Assistant - Willetton - 20 hours PW", "tracking": "ewogICJ0b2tlbiI6ICIzMGM5ODdiMi02OWYyLTkxNDMtOTBjMC0xZTExMDA3MjRiZGJfMTYiCn0=", "workType": "Part Time", "isPrivateAdvertiser": false}, {"advertiser": {"id": "27493644", "description": "Aldi Stores"}, "automaticInclusion": false, "bulletPoints": [], "classification": {"id": "6043", "description": "Retail & Consumer Products"}, "companyName": "ALDI", "companyProfileStructuredDataId": 5197, "displayType": "standard", "listingDateDisplay": "7d ago", "location": "Albury Area", "locationId": 5026, "locationWhereValue": "Albury Area NSW", "id": 59598860, "isPremium": false, "isStandOut": false, "jobLocation": {"label": "Albury, Albury Area NSW", "countryCode": "AU", "seoHierarchy": [{"contextualName": "Albury NSW 2640"}, {"contextualName": "Albury Area NSW"}]}, "listingDate": "2023-01-03T22:01:33Z", "logo": {"id": "", "description": null}, "roleId": "retail-sales-assistant", "salary": "", "solMetadata": {"searchRequestToken": "d5bcacd2-637d-46a6-a343-73171732d392", "token": "0~d5bcacd2-637d-46a6-a343-73171732d392", "jobId": "59598860", "section": "MAIN", "sectionRank": 77, "jobAdType": "ORGANIC", "tags": {"mordor__flights": "mordor_123"}}, "subClassification": {"id": "6050", "description": "Retail Assistants"}, "suburb": "Albury", "suburbId": 11110, "suburbWhereValue": "Albury NSW 2640", "teaser": "Whether they\u2019re racing to fill shelves or scanning through customers, our Retail Assistants can do everything and anything.", "title": "Retail Assistant - Albury", "tracking": "ewogICJ0b2tlbiI6ICIzMGM5ODdiMi02OWYyLTkxNDMtOTBjMC0xZTExMDA3MjRiZGJfMTciCn0=", "workType": "Part Time", "isPrivateAdvertiser": false}, {"advertiser": {"id": "27493644", "description": "Aldi Stores"}, "area": "Western Suburbs", "areaId": 5073, "areaWhereValue": "Western Suburbs Melbourne VIC", "automaticInclusion": false, "bulletPoints": [], "classification": {"id": "6092", "description": "Manufacturing, Transport & Logistics"}, "companyName": "ALDI", "companyProfileStructuredDataId": 5197, "displayType": "standard", "listingDateDisplay": "1d ago", "location": "Melbourne", "locationId": 1002, "locationWhereValue": "All Melbourne VIC", "id": 59656245, "isPremium": false, "isStandOut": false, "jobLocation": {"label": "Derrimut, Melbourne VIC", "countryCode": "AU", "seoHierarchy": [{"contextualName": "Derrimut VIC 3030"}, {"contextualName": "All Melbourne VIC"}]}, "listingDate": "2023-01-09T22:45:40Z", "logo": {"id": "", "description": null}, "roleId": "section-supervisor", "salary": "", "solMetadata": {"searchRequestToken": "d5bcacd2-637d-46a6-a343-73171732d392", "token": "0~d5bcacd2-637d-46a6-a343-73171732d392", "jobId": "59656245", "section": "MAIN", "sectionRank": 78, "jobAdType": "ORGANIC", "tags": {"mordor__flights": "mordor_123"}}, "subClassification": {"id": "6107", "description": "Team Leaders/Supervisors"}, "suburb": "Derrimut", "suburbId": 15220, "suburbWhereValue": "Derrimut VIC 3030", "teaser": "Try coordinating stock distribution to 80 odd stores and counting. The planning and foresight it takes to be a Warehouse Section Leader is intense.", "title": "Warehouse Head Section Supervisor", "tracking": "ewogICJ0b2tlbiI6ICIzMGM5ODdiMi02OWYyLTkxNDMtOTBjMC0xZTExMDA3MjRiZGJfMTgiCn0=", "workType": "Part Time", "isPrivateAdvertiser": false}, {"advertiser": {"id": "27493644", "description": "Aldi Stores"}, "automaticInclusion": false, "bulletPoints": [], "classification": {"id": "6043", "description": "Retail & Consumer Products"}, "companyName": "ALDI", "companyProfileStructuredDataId": 5197, "displayType": "standard", "listingDateDisplay": "4d ago", "location": "Ballarat & Central Highlands", "locationId": 5076, "locationWhereValue": "Ballarat & Central Highlands VIC", "id": 59631706, "isPremium": false, "isStandOut": false, "jobLocation": {"label": "Ballarat, Ballarat & Central Highlands VIC", "countryCode": "AU", "seoHierarchy": [{"contextualName": "Ballarat VIC 3350"}, {"contextualName": "Ballarat & Central Highlands VIC"}]}, "listingDate": "2023-01-07T02:21:38Z", "logo": {"id": "", "description": null}, "roleId": "retail-sales-assistant", "salary": "", "solMetadata": {"searchRequestToken": "d5bcacd2-637d-46a6-a343-73171732d392", "token": "0~d5bcacd2-637d-46a6-a343-73171732d392", "jobId": "59631706", "section": "MAIN", "sectionRank": 79, "jobAdType": "ORGANIC", "tags": {"mordor__flights": "mordor_123"}}, "subClassification": {"id": "6050", "description": "Retail Assistants"}, "suburb": "Ballarat", "suburbId": 16986, "suburbWhereValue": "Ballarat VIC 3350", "teaser": "Whether they\u2019re racing to fill shelves or scanning through customers, our Retail Assistants can do everything and anything.", "title": "Retail Assistant - Ballarat  (Limited Roster for 10.5 -15 hours p/w)", "tracking": "ewogICJ0b2tlbiI6ICIzMGM5ODdiMi02OWYyLTkxNDMtOTBjMC0xZTExMDA3MjRiZGJfMTkiCn0=", "workType": "Part Time", "isPrivateAdvertiser": false}, {"advertiser": {"id": "27493644", "description": "Aldi Stores"}, "area": "Fremantle & Southern Suburbs", "areaId": 5050, "areaWhereValue": "Fremantle & Southern Suburbs Perth WA", "automaticInclusion": false, "bulletPoints": [], "classification": {"id": "6043", "description": "Retail & Consumer Products"}, "companyName": "ALDI", "companyProfileStructuredDataId": 5197, "displayType": "standard", "listingDateDisplay": "8d ago", "location": "Perth", "locationId": 1009, "locationWhereValue": "All Perth WA", "id": 59593378, "isPremium": false, "isStandOut": false, "jobLocation": {"label": "Cannington, Perth WA", "countryCode": "AU", "seoHierarchy": [{"contextualName": "Cannington WA 6107"}, {"contextualName": "All Perth WA"}]}, "listingDate": "2023-01-03T04:08:37Z", "logo": {"id": "", "description": null}, "roleId": "retail-sales-assistant", "salary": "", "solMetadata": {"searchRequestToken": "d5bcacd2-637d-46a6-a343-73171732d392", "token": "0~d5bcacd2-637d-46a6-a343-73171732d392", "jobId": "59593378", "section": "MAIN", "sectionRank": 80, "jobAdType": "ORGANIC", "tags": {"mordor__flights": "mordor_123"}}, "subClassification": {"id": "6050", "description": "Retail Assistants"}, "suburb": "Cannington", "suburbId": 22506, "suburbWhereValue": "Cannington WA 6107", "teaser": "Whether they\u2019re racing to fill shelves or scanning through customers, our Retail Assistants can do everything and anything.", "title": "Retail Assistant - Cannington - 20 hours p/w", "tracking": "ewogICJ0b2tlbiI6ICIzMGM5ODdiMi02OWYyLTkxNDMtOTBjMC0xZTExMDA3MjRiZGJfMjAiCn0=", "workType": "Part Time", "isPrivateAdvertiser": false}], "title": "Jobs in All Australia", "totalCount": 417, "paginationParameters": {"seekSelectAllPages": true, "hadPremiumListings": false}, "info": {"timeTaken": 63, "source": "JobSearch-sm", "experiment": "mordor_123"}, "userQueryId": "a3f7e6f85be73fd8fe2e3d5ea92001b7-7335003", "sortMode": [{"isActive": true, "name": "Relevance", "value": "KeywordRelevance"}, {"isActive": false, "name": "Date", "value": "ListedDate"}], "solMetadata": {"requestToken": "d5bcacd2-637d-46a6-a343-73171732d392", "token": "0~d5bcacd2-637d-46a6-a343-73171732d392", "sortMode": "RELEVANCE", "locations": ["seek-3000"], "locationDistance": 50, "employer": "ALDI", "pageSize": 20, "pageNumber": 4, "totalJobCount": 417, "tags": {"mordor__flights": "mordor_123", "chalice-search-api:solId": "c00c353f-a376-4b96-b397-16e262dbd3d3"}}, "location": {"matched": true, "whereId": 3000, "type": "Country", "suburbType": "rural", "description": "All Australia", "stateDescription": "", "locationId": 3000, "locationDescription": "", "areaId": 0, "areaDescription": "", "suburbParentDescription": ""}, "canonicalCompany": {"id": "5197", "description": "ALDI"}, "companySuggestion": {"search": {"keywords": "ALDI"}, "count": "461"}, "joraCrossLink": {"canCrossLink": false}, "searchParams": {"sitekey": "AU-Main", "sourcesystem": "houston", "userqueryid": "a3f7e6f85be73fd8fe2e3d5ea92001b7-7335003", "userid": "5959404e-631e-45a1-bb3b-2ae481757cf6", "usersessionid": "5959404e-631e-45a1-bb3b-2ae481757cf6", "eventcapturesessionid": "5959404e-631e-45a1-bb3b-2ae481757cf6", "where": "All Australia", "page": "4", "seekselectallpages": "true", "companyname": "ALDI", "include": "seodata", "solid": "c00c353f-a376-4b96-b397-16e262dbd3d3"}}