{"data": [{"advertiser": {"id": "27493644", "description": "Aldi Stores"}, "automaticInclusion": false, "bulletPoints": [], "classification": {"id": "6043", "description": "Retail & Consumer Products"}, "companyName": "ALDI", "companyProfileStructuredDataId": 5197, "displayType": "standard", "listingDateDisplay": "5d ago", "location": "Toowoomba & Darling Downs", "locationId": 5016, "locationWhereValue": "Toowoomba & Darling Downs QLD", "id": 59627466, "isPremium": false, "isStandOut": false, "jobLocation": {"label": "Stanthorpe, Toowoomba & Darling Downs QLD", "countryCode": "AU", "seoHierarchy": [{"contextualName": "Stanthorpe QLD 4380"}, {"contextualName": "Toowoomba & Darling Downs QLD"}]}, "listingDate": "2023-01-06T04:29:17Z", "logo": {"id": "", "description": null}, "roleId": "retail-sales-assistant", "salary": "", "solMetadata": {"searchRequestToken": "b454683a-57b0-436b-865b-9dd6855edec1", "token": "0~b454683a-57b0-436b-865b-9dd6855edec1", "jobId": "59627466", "section": "MAIN", "sectionRank": 181, "jobAdType": "ORGANIC", "tags": {"mordor__flights": "mordor_123"}}, "subClassification": {"id": "6050", "description": "Retail Assistants"}, "suburb": "Stanthorpe", "suburbId": 16107, "suburbWhereValue": "Stanthorpe QLD 4380", "teaser": "Whether they\u2019re racing to fill shelves or scanning through customers, our Retail Assistants can do everything and anything.", "title": "Retail Assistant - Stanthorpe - 15/20 hours p/w", "tracking": "ewogICJ0b2tlbiI6ICI3NDk1NmJiOC1hMDcyLTk5OTktYjA1Yi02NTIyZDg2OTZhNTRfMSIKfQ==", "workType": "Part Time", "isPrivateAdvertiser": false}, {"advertiser": {"id": "27493644", "description": "Aldi Stores"}, "area": "Eastern Suburbs", "areaId": 5071, "areaWhereValue": "Eastern Suburbs Melbourne VIC", "automaticInclusion": false, "bulletPoints": [], "classification": {"id": "6043", "description": "Retail & Consumer Products"}, "companyName": "ALDI", "companyProfileStructuredDataId": 5197, "displayType": "standard", "listingDateDisplay": "6d ago", "location": "Melbourne", "locationId": 1002, "locationWhereValue": "All Melbourne VIC", "id": 59610746, "isPremium": false, "isStandOut": false, "jobLocation": {"label": "Templestowe Lower, Melbourne VIC", "countryCode": "AU", "seoHierarchy": [{"contextualName": "Templestowe Lower VIC 3107"}, {"contextualName": "All Melbourne VIC"}]}, "listingDate": "2023-01-04T22:01:43Z", "logo": {"id": "", "description": null}, "roleId": "assistant-store-manager", "salary": "", "solMetadata": {"searchRequestToken": "b454683a-57b0-436b-865b-9dd6855edec1", "token": "0~b454683a-57b0-436b-865b-9dd6855edec1", "jobId": "59610746", "section": "MAIN", "sectionRank": 182, "jobAdType": "ORGANIC", "tags": {"mordor__flights": "mordor_123"}}, "subClassification": {"id": "6047", "description": "Management - Store"}, "suburb": "Templestowe Lower", "suburbId": 16594, "suburbWhereValue": "Templestowe Lower VIC 3107", "teaser": "Whether it\u2019s managing rosters or cleaning up a spill in aisle 3, our Assistant Store Managers always lead from the front.", "title": "Assistant Store Manager - Lower Templestowe", "tracking": "ewogICJ0b2tlbiI6ICI3NDk1NmJiOC1hMDcyLTk5OTktYjA1Yi02NTIyZDg2OTZhNTRfMiIKfQ==", "workType": "Full Time", "isPrivateAdvertiser": false}, {"advertiser": {"id": "27493644", "description": "Aldi Stores"}, "area": "South West & M5 Corridor", "areaId": 5033, "areaWhereValue": "South West & M5 Corridor Sydney NSW", "automaticInclusion": false, "bulletPoints": [], "classification": {"id": "6043", "description": "Retail & Consumer Products"}, "companyName": "ALDI", "companyProfileStructuredDataId": 5197, "displayType": "standard", "listingDateDisplay": "9d ago", "location": "Sydney", "locationId": 1000, "locationWhereValue": "All Sydney NSW", "id": 59582089, "isPremium": false, "isStandOut": false, "jobLocation": {"label": "Liverpool, Sydney NSW", "countryCode": "AU", "seoHierarchy": [{"contextualName": "Liverpool NSW 2170"}, {"contextualName": "All Sydney NSW"}]}, "listingDate": "2023-01-01T22:01:11Z", "logo": {"id": "", "description": null}, "roleId": "assistant-store-manager", "salary": "", "solMetadata": {"searchRequestToken": "b454683a-57b0-436b-865b-9dd6855edec1", "token": "0~b454683a-57b0-436b-865b-9dd6855edec1", "jobId": "59582089", "section": "MAIN", "sectionRank": 183, "jobAdType": "ORGANIC", "tags": {"mordor__flights": "mordor_123"}}, "subClassification": {"id": "6047", "description": "Management - Store"}, "suburb": "Liverpool", "suburbId": 13823, "suburbWhereValue": "Liverpool NSW 2170", "teaser": "Whether it\u2019s managing rosters or cleaning up a spill in aisle 3, our Assistant Store Managers always lead from the front.", "title": "Assistant Store Manager - South West Sydney", "tracking": "ewogICJ0b2tlbiI6ICI3NDk1NmJiOC1hMDcyLTk5OTktYjA1Yi02NTIyZDg2OTZhNTRfMyIKfQ==", "workType": "Full Time", "isPrivateAdvertiser": false}, {"advertiser": {"id": "27493644", "description": "Aldi Stores"}, "automaticInclusion": false, "bulletPoints": [], "classification": {"id": "6043", "description": "Retail & Consumer Products"}, "companyName": "ALDI", "companyProfileStructuredDataId": 5197, "displayType": "standard", "listingDateDisplay": "5d ago", "location": "Canberra", "locationId": 1015, "locationWhereValue": "All Canberra ACT", "id": 59622510, "isPremium": false, "isStandOut": false, "jobLocation": {"label": "Macquarie, Canberra ACT", "countryCode": "AU", "seoHierarchy": [{"contextualName": "Macquarie ACT 2614"}, {"contextualName": "All Canberra ACT"}]}, "listingDate": "2023-01-05T23:21:29Z", "logo": {"id": "", "description": null}, "roleId": "assistant-store-manager", "salary": "", "solMetadata": {"searchRequestToken": "b454683a-57b0-436b-865b-9dd6855edec1", "token": "0~b454683a-57b0-436b-865b-9dd6855edec1", "jobId": "59622510", "section": "MAIN", "sectionRank": 184, "jobAdType": "ORGANIC", "tags": {"mordor__flights": "mordor_123"}}, "subClassification": {"id": "6047", "description": "Management - Store"}, "suburb": "Macquarie", "suburbId": 14071, "suburbWhereValue": "Macquarie ACT 2614", "teaser": "Whether it\u2019s managing rosters or cleaning up a spill in aisle 3, our Assistant Store Managers always lead from the front.", "title": "Assistant Store Manager - Macquarie - 40 Hours p/w", "tracking": "ewogICJ0b2tlbiI6ICI3NDk1NmJiOC1hMDcyLTk5OTktYjA1Yi02NTIyZDg2OTZhNTRfNCIKfQ==", "workType": "Full Time", "isPrivateAdvertiser": false}, {"advertiser": {"id": "27493644", "description": "Aldi Stores"}, "area": "Parramatta & Western Suburbs", "areaId": 5030, "areaWhereValue": "Parramatta & Western Suburbs Sydney NSW", "automaticInclusion": false, "bulletPoints": [], "classification": {"id": "6092", "description": "Manufacturing, Transport & Logistics"}, "companyName": "ALDI", "companyProfileStructuredDataId": 5197, "displayType": "standard", "listingDateDisplay": "14d ago", "location": "Sydney", "locationId": 1000, "locationWhereValue": "All Sydney NSW", "id": 59568730, "isPremium": false, "isStandOut": false, "jobLocation": {"label": "Minchinbury, Sydney NSW", "countryCode": "AU", "seoHierarchy": [{"contextualName": "Minchinbury NSW 2770"}, {"contextualName": "All Sydney NSW"}]}, "listingDate": "2022-12-27T22:01:18Z", "logo": {"id": "", "description": null}, "roleId": "supply-chain-coordinator", "salary": "$77,400 - $89,100 (inclusive of superannuation)", "solMetadata": {"searchRequestToken": "b454683a-57b0-436b-865b-9dd6855edec1", "token": "0~b454683a-57b0-436b-865b-9dd6855edec1", "jobId": "59568730", "section": "MAIN", "sectionRank": 185, "jobAdType": "ORGANIC", "tags": {"mordor__flights": "mordor_123"}}, "subClassification": {"id": "6098", "description": "Freight/Cargo Forwarding"}, "suburb": "Minchinbury", "suburbId": 18808, "suburbWhereValue": "Minchinbury NSW 2770", "teaser": "An exciting opportunity has become available for a Supply Chain Coordinator to join the Freight Execution team.", "title": "National Supply Chain Coordinator", "tracking": "ewogICJ0b2tlbiI6ICI3NDk1NmJiOC1hMDcyLTk5OTktYjA1Yi02NTIyZDg2OTZhNTRfNSIKfQ==", "workType": "Contract/Temp", "isPrivateAdvertiser": false}, {"advertiser": {"id": "27493644", "description": "Aldi Stores"}, "area": "Western Suburbs", "areaId": 5073, "areaWhereValue": "Western Suburbs Melbourne VIC", "automaticInclusion": false, "bulletPoints": [], "classification": {"id": "6043", "description": "Retail & Consumer Products"}, "companyName": "ALDI", "companyProfileStructuredDataId": 5197, "displayType": "standard", "listingDateDisplay": "5d ago", "location": "Melbourne", "locationId": 1002, "locationWhereValue": "All Melbourne VIC", "id": 59628734, "isPremium": false, "isStandOut": false, "jobLocation": {"label": "Watergardens, Melbourne VIC", "countryCode": "AU", "seoHierarchy": [{"contextualName": "Watergardens VIC 3038"}, {"contextualName": "All Melbourne VIC"}]}, "listingDate": "2023-01-06T05:47:31Z", "logo": {"id": "", "description": null}, "roleId": "store-manager", "salary": "", "solMetadata": {"searchRequestToken": "b454683a-57b0-436b-865b-9dd6855edec1", "token": "0~b454683a-57b0-436b-865b-9dd6855edec1", "jobId": "59628734", "section": "MAIN", "sectionRank": 186, "jobAdType": "ORGANIC", "tags": {"mordor__flights": "mordor_123"}}, "subClassification": {"id": "6046", "description": "Management - Department/Assistant"}, "suburb": "Watergardens", "suburbId": 21932, "suburbWhereValue": "Watergardens VIC 3038", "teaser": "From driving sales and controlling costs, to serving customers & training staff, our Duty Store Managers always lead from the front.", "title": "Duty Store Manager - Watergardens - 35 hours pw", "tracking": "ewogICJ0b2tlbiI6ICI3NDk1NmJiOC1hMDcyLTk5OTktYjA1Yi02NTIyZDg2OTZhNTRfNiIKfQ==", "workType": "Part Time", "isPrivateAdvertiser": false}, {"advertiser": {"id": "27493644", "description": "Aldi Stores"}, "automaticInclusion": false, "bulletPoints": [], "classification": {"id": "6043", "description": "Retail & Consumer Products"}, "companyName": "ALDI", "companyProfileStructuredDataId": 5197, "displayType": "standard", "listingDateDisplay": "13d ago", "location": "Dubbo & Central NSW", "locationId": 5044, "locationWhereValue": "Dubbo & Central NSW", "id": 59575684, "isPremium": false, "isStandOut": false, "jobLocation": {"label": "Dubbo, Dubbo & Central NSW", "countryCode": "AU", "seoHierarchy": [{"contextualName": "Dubbo NSW 2830"}, {"contextualName": "Dubbo & Central NSW"}]}, "listingDate": "2022-12-29T06:02:32Z", "logo": {"id": "", "description": null}, "roleId": "retail-sales-assistant", "salary": "$25.92 + higher weekend penalties", "solMetadata": {"searchRequestToken": "b454683a-57b0-436b-865b-9dd6855edec1", "token": "0~b454683a-57b0-436b-865b-9dd6855edec1", "jobId": "59575684", "section": "MAIN", "sectionRank": 187, "jobAdType": "ORGANIC", "tags": {"mordor__flights": "mordor_123"}}, "subClassification": {"id": "6050", "description": "Retail Assistants"}, "suburb": "Dubbo", "suburbId": 15421, "suburbWhereValue": "Dubbo NSW 2830", "teaser": "Our limited roster contracts allow you to nominate the days you can work, so you can prioritise both personal commitments and work at the same time.", "title": "Retail Assistant - Dubbo - Central West - (Limited Roster for 10.5 hrs pw)", "tracking": "ewogICJ0b2tlbiI6ICI3NDk1NmJiOC1hMDcyLTk5OTktYjA1Yi02NTIyZDg2OTZhNTRfNyIKfQ==", "workType": "Part Time", "isPrivateAdvertiser": false}, {"advertiser": {"id": "27493644", "description": "Aldi Stores"}, "area": "Eastern Suburbs", "areaId": 5049, "areaWhereValue": "Eastern Suburbs Perth WA", "automaticInclusion": false, "bulletPoints": [], "classification": {"id": "6043", "description": "Retail & Consumer Products"}, "companyName": "ALDI", "companyProfileStructuredDataId": 5197, "displayType": "standard", "listingDateDisplay": "20d ago", "location": "Perth", "locationId": 1009, "locationWhereValue": "All Perth WA", "id": 59552422, "isPremium": false, "isStandOut": false, "jobLocation": {"label": "Beechboro, Perth WA", "countryCode": "AU", "seoHierarchy": [{"contextualName": "Beechboro WA 6063"}, {"contextualName": "All Perth WA"}]}, "listingDate": "2022-12-22T03:52:04Z", "logo": {"id": "", "description": null}, "roleId": "retail-sales-assistant", "salary": "", "solMetadata": {"searchRequestToken": "b454683a-57b0-436b-865b-9dd6855edec1", "token": "0~b454683a-57b0-436b-865b-9dd6855edec1", "jobId": "59552422", "section": "MAIN", "sectionRank": 188, "jobAdType": "ORGANIC", "tags": {"mordor__flights": "mordor_123"}}, "subClassification": {"id": "6050", "description": "Retail Assistants"}, "suburb": "Beechboro", "suburbId": 17265, "suburbWhereValue": "Beechboro WA 6063", "teaser": "Whether they\u2019re racing to fill shelves or scanning through customers, our Retail Assistants can do everything and anything.", "title": "Retail Assistant - Beechboro/Ellenbrook - 20 hours p/w", "tracking": "ewogICJ0b2tlbiI6ICI3NDk1NmJiOC1hMDcyLTk5OTktYjA1Yi02NTIyZDg2OTZhNTRfOCIKfQ==", "workType": "Part Time", "isPrivateAdvertiser": false}, {"advertiser": {"id": "27493644", "description": "Aldi Stores"}, "area": "South West & M5 Corridor", "areaId": 5033, "areaWhereValue": "South West & M5 Corridor Sydney NSW", "automaticInclusion": false, "bulletPoints": [], "classification": {"id": "6092", "description": "Manufacturing, Transport & Logistics"}, "companyName": "ALDI", "companyProfileStructuredDataId": 5197, "displayType": "standard", "listingDateDisplay": "19d ago", "location": "Sydney", "locationId": 1000, "locationWhereValue": "All Sydney NSW", "id": 59564425, "isPremium": false, "isStandOut": false, "jobLocation": {"label": "Prestons, Sydney NSW", "countryCode": "AU", "seoHierarchy": [{"contextualName": "Prestons NSW 2170"}, {"contextualName": "All Sydney NSW"}]}, "listingDate": "2022-12-23T13:01:10Z", "logo": {"id": "", "description": null}, "roleId": "warehouse-assistant", "salary": "", "solMetadata": {"searchRequestToken": "b454683a-57b0-436b-865b-9dd6855edec1", "token": "0~b454683a-57b0-436b-865b-9dd6855edec1", "jobId": "59564425", "section": "MAIN", "sectionRank": 189, "jobAdType": "ORGANIC", "tags": {"mordor__flights": "mordor_123"}}, "subClassification": {"id": "6107", "description": "Team Leaders/Supervisors"}, "suburb": "Prestons", "suburbId": 12018, "suburbWhereValue": "Prestons NSW 2170", "teaser": "As a leader in our Distribution Centres, you're responsible for supervising all warehouse activities\u2026 and that takes talent.", "title": "Warehouse Assistant Section Leader- Prestons Distribution Centre", "tracking": "ewogICJ0b2tlbiI6ICI3NDk1NmJiOC1hMDcyLTk5OTktYjA1Yi02NTIyZDg2OTZhNTRfOSIKfQ==", "workType": "Part Time", "isPrivateAdvertiser": false}, {"advertiser": {"id": "27493644", "description": "Aldi Stores"}, "area": "Bayside & South Eastern Suburbs", "areaId": 5070, "areaWhereValue": "Bayside & South Eastern Suburbs Melbourne VIC", "automaticInclusion": false, "bulletPoints": [], "classification": {"id": "6043", "description": "Retail & Consumer Products"}, "companyName": "ALDI", "companyProfileStructuredDataId": 5197, "displayType": "standard", "listingDateDisplay": "6d ago", "location": "Melbourne", "locationId": 1002, "locationWhereValue": "All Melbourne VIC", "id": 59612035, "isPremium": false, "isStandOut": false, "jobLocation": {"label": "Lyndhurst, Melbourne VIC", "countryCode": "AU", "seoHierarchy": [{"contextualName": "Lyndhurst VIC 3975"}, {"contextualName": "All Melbourne VIC"}]}, "listingDate": "2023-01-04T23:26:29Z", "logo": {"id": "", "description": null}, "roleId": "assistant-store-manager", "salary": "", "solMetadata": {"searchRequestToken": "b454683a-57b0-436b-865b-9dd6855edec1", "token": "0~b454683a-57b0-436b-865b-9dd6855edec1", "jobId": "59612035", "section": "MAIN", "sectionRank": 190, "jobAdType": "ORGANIC", "tags": {"mordor__flights": "mordor_123"}}, "subClassification": {"id": "6047", "description": "Management - Store"}, "suburb": "Lyndhurst", "suburbId": 14019, "suburbWhereValue": "Lyndhurst VIC 3975", "teaser": "Whether it\u2019s managing rosters or cleaning up a spill in aisle 3, our Assistant Store Managers always lead from the front.", "title": "Assistant Store Manager - Lyndhurst/Cranbourne/Clyde North", "tracking": "ewogICJ0b2tlbiI6ICI3NDk1NmJiOC1hMDcyLTk5OTktYjA1Yi02NTIyZDg2OTZhNTRfMTAiCn0=", "workType": "Full Time", "isPrivateAdvertiser": false}, {"advertiser": {"id": "27493644", "description": "Aldi Stores"}, "area": "CBD & Inner Suburbs", "areaId": 5069, "areaWhereValue": "Melbourne CBD & Inner Suburbs Melbourne VIC", "automaticInclusion": false, "bulletPoints": [], "classification": {"id": "6043", "description": "Retail & Consumer Products"}, "companyName": "ALDI", "companyProfileStructuredDataId": 5197, "displayType": "standard", "listingDateDisplay": "19d ago", "location": "Melbourne", "locationId": 1002, "locationWhereValue": "All Melbourne VIC", "id": 59560991, "isPremium": false, "isStandOut": false, "jobLocation": {"label": "St Kilda, Melbourne VIC", "countryCode": "AU", "seoHierarchy": [{"contextualName": "St Kilda VIC 3182"}, {"contextualName": "All Melbourne VIC"}]}, "listingDate": "2022-12-23T02:10:07Z", "logo": {"id": "", "description": null}, "roleId": "retail-sales-assistant", "salary": "$27.66 p/h + Penalties (weekend, morning, evening)", "solMetadata": {"searchRequestToken": "b454683a-57b0-436b-865b-9dd6855edec1", "token": "0~b454683a-57b0-436b-865b-9dd6855edec1", "jobId": "59560991", "section": "MAIN", "sectionRank": 191, "jobAdType": "ORGANIC", "tags": {"mordor__flights": "mordor_123"}}, "subClassification": {"id": "6050", "description": "Retail Assistants"}, "suburb": "St Kilda", "suburbId": 16066, "suburbWhereValue": "St Kilda VIC 3182", "teaser": "Whether they\u2019re racing to fill shelves or scanning through customers, our Retail Assistants can do everything and anything.", "title": "ALDI Retail Assistant - St Kilda or Carnegie (10-25hrs P/W)", "tracking": "ewogICJ0b2tlbiI6ICI3NDk1NmJiOC1hMDcyLTk5OTktYjA1Yi02NTIyZDg2OTZhNTRfMTEiCn0=", "workType": "Part Time", "isPrivateAdvertiser": false}, {"advertiser": {"id": "27493644", "description": "Aldi Stores"}, "automaticInclusion": false, "bulletPoints": [], "classification": {"id": "6043", "description": "Retail & Consumer Products"}, "companyName": "ALDI", "companyProfileStructuredDataId": 5197, "displayType": "standard", "listingDateDisplay": "12d ago", "location": "Dubbo & Central NSW", "locationId": 5044, "locationWhereValue": "Dubbo & Central NSW", "id": 59576962, "isPremium": false, "isStandOut": false, "jobLocation": {"label": "Dubbo, Dubbo & Central NSW", "countryCode": "AU", "seoHierarchy": [{"contextualName": "Dubbo NSW 2830"}, {"contextualName": "Dubbo & Central NSW"}]}, "listingDate": "2022-12-29T22:01:03Z", "logo": {"id": "", "description": null}, "roleId": "retail-sales-assistant", "salary": "", "solMetadata": {"searchRequestToken": "b454683a-57b0-436b-865b-9dd6855edec1", "token": "0~b454683a-57b0-436b-865b-9dd6855edec1", "jobId": "59576962", "section": "MAIN", "sectionRank": 192, "jobAdType": "ORGANIC", "tags": {"mordor__flights": "mordor_123"}}, "subClassification": {"id": "6050", "description": "Retail Assistants"}, "suburb": "Dubbo", "suburbId": 15421, "suburbWhereValue": "Dubbo NSW 2830", "teaser": "Whether they\u2019re racing to fill shelves or scanning through customers, our Retail Assistants can do everything and anything.", "title": "Retail Assistant - ALDI Recruitment Event - Dubbo", "tracking": "ewogICJ0b2tlbiI6ICI3NDk1NmJiOC1hMDcyLTk5OTktYjA1Yi02NTIyZDg2OTZhNTRfMTIiCn0=", "workType": "Part Time", "isPrivateAdvertiser": false}, {"advertiser": {"id": "27493644", "description": "Aldi Stores"}, "area": "North Shore & Northern Beaches", "areaId": 5028, "areaWhereValue": "North Shore & Northern Beaches Sydney NSW", "automaticInclusion": false, "bulletPoints": [], "classification": {"id": "6043", "description": "Retail & Consumer Products"}, "companyName": "ALDI", "companyProfileStructuredDataId": 5197, "displayType": "standard", "listingDateDisplay": "23d ago", "location": "Sydney", "locationId": 1000, "locationWhereValue": "All Sydney NSW", "id": 59514512, "isPremium": false, "isStandOut": false, "jobLocation": {"label": "Chatswood, Sydney NSW", "countryCode": "AU", "seoHierarchy": [{"contextualName": "Chatswood NSW 2067"}, {"contextualName": "All Sydney NSW"}]}, "listingDate": "2022-12-18T22:01:06Z", "logo": {"id": "", "description": null}, "roleId": "retail-sales-assistant", "salary": "", "solMetadata": {"searchRequestToken": "b454683a-57b0-436b-865b-9dd6855edec1", "token": "0~b454683a-57b0-436b-865b-9dd6855edec1", "jobId": "59514512", "section": "MAIN", "sectionRank": 193, "jobAdType": "ORGANIC", "tags": {"mordor__flights": "mordor_123"}}, "subClassification": {"id": "6050", "description": "Retail Assistants"}, "suburb": "Chatswood", "suburbId": 22815, "suburbWhereValue": "Chatswood NSW 2067", "teaser": "Whether they\u2019re racing to fill shelves or scanning through customers, our Retail Assistants can do everything and anything.", "title": "Retail Assistant - Chatswood Westfield", "tracking": "ewogICJ0b2tlbiI6ICI3NDk1NmJiOC1hMDcyLTk5OTktYjA1Yi02NTIyZDg2OTZhNTRfMTMiCn0=", "workType": "Part Time", "isPrivateAdvertiser": false}, {"advertiser": {"id": "27493644", "description": "Aldi Stores"}, "area": "Parramatta & Western Suburbs", "areaId": 5030, "areaWhereValue": "Parramatta & Western Suburbs Sydney NSW", "automaticInclusion": false, "bulletPoints": [], "classification": {"id": "6092", "description": "Manufacturing, Transport & Logistics"}, "companyName": "ALDI", "companyProfileStructuredDataId": 5197, "displayType": "standard", "listingDateDisplay": "22d ago", "location": "Sydney", "locationId": 1000, "locationWhereValue": "All Sydney NSW", "id": 59533803, "isPremium": false, "isStandOut": false, "jobLocation": {"label": "Minchinbury, Sydney NSW", "countryCode": "AU", "seoHierarchy": [{"contextualName": "Minchinbury NSW 2770"}, {"contextualName": "All Sydney NSW"}]}, "listingDate": "2022-12-20T13:01:07Z", "logo": {"id": "", "description": null}, "roleId": "warehouse-operator", "salary": "", "solMetadata": {"searchRequestToken": "b454683a-57b0-436b-865b-9dd6855edec1", "token": "0~b454683a-57b0-436b-865b-9dd6855edec1", "jobId": "59533803", "section": "MAIN", "sectionRank": 194, "jobAdType": "ORGANIC", "tags": {"mordor__flights": "mordor_123"}}, "subClassification": {"id": "6108", "description": "Warehousing, Storage & Distribution"}, "suburb": "Minchinbury", "suburbId": 18808, "suburbWhereValue": "Minchinbury NSW 2770", "teaser": "Our energetic Warehouse Pickers are responsible for accurately picking and dispatching goods, managing orders and controlling stock levels.", "title": "Warehouse Operator - Morning Shift", "tracking": "ewogICJ0b2tlbiI6ICI3NDk1NmJiOC1hMDcyLTk5OTktYjA1Yi02NTIyZDg2OTZhNTRfMTQiCn0=", "workType": "Part Time", "isPrivateAdvertiser": false}, {"advertiser": {"id": "27493644", "description": "Aldi Stores"}, "area": "North Shore & Northern Beaches", "areaId": 5028, "areaWhereValue": "North Shore & Northern Beaches Sydney NSW", "automaticInclusion": false, "bulletPoints": [], "classification": {"id": "6043", "description": "Retail & Consumer Products"}, "companyName": "ALDI", "companyProfileStructuredDataId": 5197, "displayType": "standard", "listingDateDisplay": "23d ago", "location": "Sydney", "locationId": 1000, "locationWhereValue": "All Sydney NSW", "id": 59514618, "isPremium": false, "isStandOut": false, "jobLocation": {"label": "Lane Cove, Sydney NSW", "countryCode": "AU", "seoHierarchy": [{"contextualName": "Lane Cove NSW 2066"}, {"contextualName": "All Sydney NSW"}]}, "listingDate": "2022-12-18T22:10:13Z", "logo": {"id": "", "description": null}, "roleId": "retail-sales-assistant", "salary": "", "solMetadata": {"searchRequestToken": "b454683a-57b0-436b-865b-9dd6855edec1", "token": "0~b454683a-57b0-436b-865b-9dd6855edec1", "jobId": "59514618", "section": "MAIN", "sectionRank": 195, "jobAdType": "ORGANIC", "tags": {"mordor__flights": "mordor_123"}}, "subClassification": {"id": "6050", "description": "Retail Assistants"}, "suburb": "Lane Cove", "suburbId": 13560, "suburbWhereValue": "Lane Cove NSW 2066", "teaser": "Whether they\u2019re racing to fill shelves or scanning through customers, our Retail Assistants can do everything and anything.", "title": "Retail Assistant - Lane Cove", "tracking": "ewogICJ0b2tlbiI6ICI3NDk1NmJiOC1hMDcyLTk5OTktYjA1Yi02NTIyZDg2OTZhNTRfMTUiCn0=", "workType": "Part Time", "isPrivateAdvertiser": false}, {"advertiser": {"id": "27493644", "description": "Aldi Stores"}, "area": "North Shore & Northern Beaches", "areaId": 5028, "areaWhereValue": "North Shore & Northern Beaches Sydney NSW", "automaticInclusion": false, "bulletPoints": [], "classification": {"id": "6043", "description": "Retail & Consumer Products"}, "companyName": "ALDI", "companyProfileStructuredDataId": 5197, "displayType": "standard", "listingDateDisplay": "23d ago", "location": "Sydney", "locationId": 1000, "locationWhereValue": "All Sydney NSW", "id": 59515839, "isPremium": false, "isStandOut": false, "jobLocation": {"label": "Frenchs Forest, Sydney NSW", "countryCode": "AU", "seoHierarchy": [{"contextualName": "Frenchs Forest NSW 2086"}, {"contextualName": "All Sydney NSW"}]}, "listingDate": "2022-12-18T23:34:01Z", "logo": {"id": "", "description": null}, "roleId": "retail-sales-assistant", "salary": "$27.66", "solMetadata": {"searchRequestToken": "b454683a-57b0-436b-865b-9dd6855edec1", "token": "0~b454683a-57b0-436b-865b-9dd6855edec1", "jobId": "59515839", "section": "MAIN", "sectionRank": 196, "jobAdType": "ORGANIC", "tags": {"mordor__flights": "mordor_123"}}, "subClassification": {"id": "6050", "description": "Retail Assistants"}, "suburb": "Frenchs Forest", "suburbId": 20514, "suburbWhereValue": "Frenchs Forest NSW 2086", "teaser": "Whether they\u2019re racing to fill shelves or scanning through customers, our Retail Assistants can do everything and anything.", "title": "Retail Assistant - Frenchs Forest", "tracking": "ewogICJ0b2tlbiI6ICI3NDk1NmJiOC1hMDcyLTk5OTktYjA1Yi02NTIyZDg2OTZhNTRfMTYiCn0=", "workType": "Part Time", "isPrivateAdvertiser": false}, {"advertiser": {"id": "27493644", "description": "Aldi Stores"}, "area": "Northern Suburbs", "areaId": 5072, "areaWhereValue": "Northern Suburbs Melbourne VIC", "automaticInclusion": false, "bulletPoints": [], "classification": {"id": "6043", "description": "Retail & Consumer Products"}, "companyName": "ALDI", "companyProfileStructuredDataId": 5197, "displayType": "standard", "listingDateDisplay": "5d ago", "location": "Melbourne", "locationId": 1002, "locationWhereValue": "All Melbourne VIC", "id": 59628711, "isPremium": false, "isStandOut": false, "jobLocation": {"label": "Sunbury, Melbourne VIC", "countryCode": "AU", "seoHierarchy": [{"contextualName": "Sunbury VIC 3429"}, {"contextualName": "All Melbourne VIC"}]}, "listingDate": "2023-01-06T05:46:10Z", "logo": {"id": "", "description": null}, "roleId": "store-manager", "salary": "Hands-On Leadership. Long Term Career Potential.", "solMetadata": {"searchRequestToken": "b454683a-57b0-436b-865b-9dd6855edec1", "token": "0~b454683a-57b0-436b-865b-9dd6855edec1", "jobId": "59628711", "section": "MAIN", "sectionRank": 197, "jobAdType": "ORGANIC", "tags": {"mordor__flights": "mordor_123"}}, "subClassification": {"id": "6046", "description": "Management - Department/Assistant"}, "suburb": "Sunbury", "suburbId": 16263, "suburbWhereValue": "Sunbury VIC 3429", "teaser": "From driving sales and controlling costs, to serving customers & training staff, our Duty Store Managers always lead from the front.", "title": "Duty Store Manager (3IC) - Sunbury / Gisborne - 35 hours pw", "tracking": "ewogICJ0b2tlbiI6ICI3NDk1NmJiOC1hMDcyLTk5OTktYjA1Yi02NTIyZDg2OTZhNTRfMTciCn0=", "workType": "Part Time", "isPrivateAdvertiser": false}, {"advertiser": {"id": "27493644", "description": "Aldi Stores"}, "area": "CBD & Inner Suburbs", "areaId": 5010, "areaWhereValue": "Brisbane CBD & Inner Suburbs Brisbane QLD", "automaticInclusion": false, "bulletPoints": [], "classification": {"id": "6043", "description": "Retail & Consumer Products"}, "companyName": "ALDI", "companyProfileStructuredDataId": 5197, "displayType": "standard", "listingDateDisplay": "26d ago", "location": "Brisbane", "locationId": 1004, "locationWhereValue": "All Brisbane QLD", "id": 59510406, "isPremium": false, "isStandOut": false, "jobLocation": {"label": "Sunnybank Hills, Brisbane QLD", "countryCode": "AU", "seoHierarchy": [{"contextualName": "Sunnybank Hills QLD 4109"}, {"contextualName": "All Brisbane QLD"}]}, "listingDate": "2022-12-16T07:21:11Z", "logo": {"id": "", "description": null}, "roleId": "retail-sales-assistant", "salary": "", "solMetadata": {"searchRequestToken": "b454683a-57b0-436b-865b-9dd6855edec1", "token": "0~b454683a-57b0-436b-865b-9dd6855edec1", "jobId": "59510406", "section": "MAIN", "sectionRank": 198, "jobAdType": "ORGANIC", "tags": {"mordor__flights": "mordor_123"}}, "subClassification": {"id": "6050", "description": "Retail Assistants"}, "suburb": "Sunnybank Hills", "suburbId": 16269, "suburbWhereValue": "Sunnybank Hills QLD 4109", "teaser": "Whether they\u2019re racing to fill shelves or scanning through customers, our Retail Assistants can do everything and anything.", "title": "Retail Assistant - Sunnybank/ Drewvale/ Brownsplains - 20 hours p/w", "tracking": "ewogICJ0b2tlbiI6ICI3NDk1NmJiOC1hMDcyLTk5OTktYjA1Yi02NTIyZDg2OTZhNTRfMTgiCn0=", "workType": "Part Time", "isPrivateAdvertiser": false}, {"advertiser": {"id": "27493644", "description": "Aldi Stores"}, "area": "Northern Suburbs", "areaId": 5072, "areaWhereValue": "Northern Suburbs Melbourne VIC", "automaticInclusion": false, "bulletPoints": [], "classification": {"id": "6043", "description": "Retail & Consumer Products"}, "companyName": "ALDI", "companyProfileStructuredDataId": 5197, "displayType": "standard", "listingDateDisplay": "21d ago", "location": "Melbourne", "locationId": 1002, "locationWhereValue": "All Melbourne VIC", "id": 59536652, "isPremium": false, "isStandOut": false, "jobLocation": {"label": "Heidelberg, Melbourne VIC", "countryCode": "AU", "seoHierarchy": [{"contextualName": "Heidelberg VIC 3084"}, {"contextualName": "All Melbourne VIC"}]}, "listingDate": "2022-12-20T23:44:58Z", "logo": {"id": "", "description": null}, "roleId": "retail-sales-assistant", "salary": "", "solMetadata": {"searchRequestToken": "b454683a-57b0-436b-865b-9dd6855edec1", "token": "0~b454683a-57b0-436b-865b-9dd6855edec1", "jobId": "59536652", "section": "MAIN", "sectionRank": 199, "jobAdType": "ORGANIC", "tags": {"mordor__flights": "mordor_123"}}, "subClassification": {"id": "6050", "description": "Retail Assistants"}, "suburb": "Heidelberg", "suburbId": 23158, "suburbWhereValue": "Heidelberg VIC 3084", "teaser": "Whether they\u2019re racing to fill shelves or scanning through customers, our Retail Assistants can do everything and anything.", "title": "Retail Assistant - Warringal", "tracking": "ewogICJ0b2tlbiI6ICI3NDk1NmJiOC1hMDcyLTk5OTktYjA1Yi02NTIyZDg2OTZhNTRfMTkiCn0=", "workType": "Part Time", "isPrivateAdvertiser": false}, {"advertiser": {"id": "27493644", "description": "Aldi Stores"}, "area": "Northern Suburbs & Joondalup", "areaId": 5051, "areaWhereValue": "Northern Suburbs & Joondalup Perth WA", "automaticInclusion": false, "bulletPoints": [], "classification": {"id": "6043", "description": "Retail & Consumer Products"}, "companyName": "ALDI", "companyProfileStructuredDataId": 5197, "displayType": "standard", "listingDateDisplay": "20d ago", "location": "Perth", "locationId": 1009, "locationWhereValue": "All Perth WA", "id": 59552440, "isPremium": false, "isStandOut": false, "jobLocation": {"label": "Yokine, Perth WA", "countryCode": "AU", "seoHierarchy": [{"contextualName": "Yokine WA 6060"}, {"contextualName": "All Perth WA"}]}, "listingDate": "2022-12-22T03:52:53Z", "logo": {"id": "", "description": null}, "roleId": "retail-sales-assistant", "salary": "", "solMetadata": {"searchRequestToken": "b454683a-57b0-436b-865b-9dd6855edec1", "token": "0~b454683a-57b0-436b-865b-9dd6855edec1", "jobId": "59552440", "section": "MAIN", "sectionRank": 200, "jobAdType": "ORGANIC", "tags": {"mordor__flights": "mordor_123"}}, "subClassification": {"id": "6050", "description": "Retail Assistants"}, "suburb": "Yokine", "suburbId": 10830, "suburbWhereValue": "Yokine WA 6060", "teaser": "Whether they\u2019re racing to fill shelves or scanning through customers, our Retail Assistants can do everything and anything.", "title": "Retail Assistant - Inglewood/Yokine - 20 hours p/w", "tracking": "ewogICJ0b2tlbiI6ICI3NDk1NmJiOC1hMDcyLTk5OTktYjA1Yi02NTIyZDg2OTZhNTRfMjAiCn0=", "workType": "Part Time", "isPrivateAdvertiser": false}], "title": "Jobs in All Australia", "totalCount": 417, "paginationParameters": {"seekSelectAllPages": true, "hadPremiumListings": false}, "info": {"timeTaken": 52, "source": "JobSearch-sm", "experiment": "mordor_123"}, "userQueryId": "a3f7e6f85be73fd8fe2e3d5ea92001b7-7335003", "sortMode": [{"isActive": true, "name": "Relevance", "value": "KeywordRelevance"}, {"isActive": false, "name": "Date", "value": "ListedDate"}], "solMetadata": {"requestToken": "b454683a-57b0-436b-865b-9dd6855edec1", "token": "0~b454683a-57b0-436b-865b-9dd6855edec1", "sortMode": "RELEVANCE", "locations": ["seek-3000"], "locationDistance": 50, "employer": "ALDI", "pageSize": 20, "pageNumber": 10, "totalJobCount": 417, "tags": {"mordor__flights": "mordor_123", "chalice-search-api:solId": "c00c353f-a376-4b96-b397-16e262dbd3d3"}}, "location": {"matched": true, "whereId": 3000, "type": "Country", "suburbType": "rural", "description": "All Australia", "stateDescription": "", "locationId": 3000, "locationDescription": "", "areaId": 0, "areaDescription": "", "suburbParentDescription": ""}, "canonicalCompany": {"id": "5197", "description": "ALDI"}, "companySuggestion": {"search": {"keywords": "ALDI"}, "count": "461"}, "joraCrossLink": {"canCrossLink": false}, "searchParams": {"sitekey": "AU-Main", "sourcesystem": "houston", "userqueryid": "a3f7e6f85be73fd8fe2e3d5ea92001b7-7335003", "userid": "5959404e-631e-45a1-bb3b-2ae481757cf6", "usersessionid": "5959404e-631e-45a1-bb3b-2ae481757cf6", "eventcapturesessionid": "5959404e-631e-45a1-bb3b-2ae481757cf6", "where": "All Australia", "page": "10", "seekselectallpages": "true", "companyname": "ALDI", "include": "seodata", "solid": "c00c353f-a376-4b96-b397-16e262dbd3d3"}}