{"data": [{"advertiser": {"id": "27493644", "description": "Aldi Stores"}, "area": "Northern Suburbs & Joondalup", "areaId": 5051, "areaWhereValue": "Northern Suburbs & Joondalup Perth WA", "automaticInclusion": false, "bulletPoints": [], "classification": {"id": "6043", "description": "Retail & Consumer Products"}, "companyName": "ALDI", "companyProfileStructuredDataId": 5197, "displayType": "standard", "listingDateDisplay": "27d ago", "location": "Perth", "locationId": 1009, "locationWhereValue": "All Perth WA", "id": 59498431, "isPremium": false, "isStandOut": false, "jobLocation": {"label": "Karrinyup, Perth WA", "countryCode": "AU", "seoHierarchy": [{"contextualName": "Karrinyup WA 6018"}, {"contextualName": "All Perth WA"}]}, "listingDate": "2022-12-15T05:07:35Z", "logo": {"id": "", "description": null}, "roleId": "retail-sales-assistant", "salary": "", "solMetadata": {"searchRequestToken": "2f0f8de3-0f5f-4f52-b06c-e13f97e4d15f", "token": "0~2f0f8de3-0f5f-4f52-b06c-e13f97e4d15f", "jobId": "59498431", "section": "MAIN", "sectionRank": 301, "jobAdType": "ORGANIC", "tags": {"mordor__flights": "mordor_123"}}, "subClassification": {"id": "6050", "description": "Retail Assistants"}, "suburb": "Karrinyup", "suburbId": 12926, "suburbWhereValue": "Karrinyup WA 6018", "teaser": "Whether they\u2019re racing to fill shelves or scanning through customers, our Retail Assistants can do everything and anything.", "title": "Retail Assistant - Karrinyup - 20 hours PW", "tracking": "ewogICJ0b2tlbiI6ICIxZjEyNDVmZS00ZmUxLTliZjQtOGM4My1lMWM4ZDVjNWZlZWZfMSIKfQ==", "workType": "Part Time", "isPrivateAdvertiser": false}, {"advertiser": {"id": "27493644", "description": "Aldi Stores"}, "automaticInclusion": false, "bulletPoints": [], "classification": {"id": "6043", "description": "Retail & Consumer Products"}, "companyName": "ALDI", "companyProfileStructuredDataId": 5197, "displayType": "standard", "listingDateDisplay": "22d ago", "location": "Mornington Peninsula & Bass Coast", "locationId": 5077, "locationWhereValue": "Mornington Peninsula & Bass Coast VIC", "id": 59529199, "isPremium": false, "isStandOut": false, "jobLocation": {"label": "Mornington, Mornington Peninsula & Bass Coast VIC", "countryCode": "AU", "seoHierarchy": [{"contextualName": "Mornington VIC 3931"}, {"contextualName": "Mornington Peninsula & Bass Coast VIC"}]}, "listingDate": "2022-12-20T02:43:08Z", "logo": {"id": "", "description": null}, "roleId": "retail-sales-assistant", "salary": "", "solMetadata": {"searchRequestToken": "2f0f8de3-0f5f-4f52-b06c-e13f97e4d15f", "token": "0~2f0f8de3-0f5f-4f52-b06c-e13f97e4d15f", "jobId": "59529199", "section": "MAIN", "sectionRank": 302, "jobAdType": "ORGANIC", "tags": {"mordor__flights": "mordor_123"}}, "subClassification": {"id": "6050", "description": "Retail Assistants"}, "suburb": "Mornington", "suburbId": 19137, "suburbWhereValue": "Mornington VIC 3931", "teaser": "Whether they\u2019re racing to fill shelves or scanning through customers, our Retail Assistants can do everything and anything.", "title": "Retail Assistant - Mornington Peninsula/Mornington - 10.5-15 hours p/w", "tracking": "ewogICJ0b2tlbiI6ICIxZjEyNDVmZS00ZmUxLTliZjQtOGM4My1lMWM4ZDVjNWZlZWZfMiIKfQ==", "workType": "Part Time", "isPrivateAdvertiser": false}, {"advertiser": {"id": "27493644", "description": "Aldi Stores"}, "automaticInclusion": false, "bulletPoints": [], "classification": {"id": "6043", "description": "Retail & Consumer Products"}, "companyName": "ALDI", "companyProfileStructuredDataId": 5197, "displayType": "standard", "listingDateDisplay": "6d ago", "location": "Tamworth & North West NSW", "locationId": 5042, "locationWhereValue": "Tamworth & North West NSW", "id": 59616021, "isPremium": false, "isStandOut": false, "jobLocation": {"label": "Emerald Hill, Tamworth & North West NSW", "countryCode": "AU", "seoHierarchy": [{"contextualName": "Emerald Hill NSW 2380"}, {"contextualName": "Tamworth & North West NSW"}]}, "listingDate": "2023-01-05T03:25:15Z", "logo": {"id": "", "description": null}, "roleId": "assistant-store-manager", "salary": "", "solMetadata": {"searchRequestToken": "2f0f8de3-0f5f-4f52-b06c-e13f97e4d15f", "token": "0~2f0f8de3-0f5f-4f52-b06c-e13f97e4d15f", "jobId": "59616021", "section": "MAIN", "sectionRank": 303, "jobAdType": "ORGANIC", "tags": {"mordor__flights": "mordor_123"}}, "subClassification": {"id": "6047", "description": "Management - Store"}, "suburb": "Emerald Hill", "suburbId": 20047, "suburbWhereValue": "Emerald Hill NSW 2380", "teaser": "Whether it\u2019s managing rosters or cleaning up a spill in aisle 3, our Assistant Store Managers always lead from the front.", "title": "Assistant Store Manager - Emerald hills", "tracking": "ewogICJ0b2tlbiI6ICIxZjEyNDVmZS00ZmUxLTliZjQtOGM4My1lMWM4ZDVjNWZlZWZfMyIKfQ==", "workType": "Full Time", "isPrivateAdvertiser": false}, {"advertiser": {"id": "27493644", "description": "Aldi Stores"}, "area": "Bayside & South Eastern Suburbs", "areaId": 5070, "areaWhereValue": "Bayside & South Eastern Suburbs Melbourne VIC", "automaticInclusion": false, "bulletPoints": [], "classification": {"id": "6043", "description": "Retail & Consumer Products"}, "companyName": "ALDI", "companyProfileStructuredDataId": 5197, "displayType": "standard", "listingDateDisplay": "14d ago", "location": "Melbourne", "locationId": 1002, "locationWhereValue": "All Melbourne VIC", "id": 59569884, "isPremium": false, "isStandOut": false, "jobLocation": {"label": "Bentleigh, Melbourne VIC", "countryCode": "AU", "seoHierarchy": [{"contextualName": "Bentleigh VIC 3204"}, {"contextualName": "All Melbourne VIC"}]}, "listingDate": "2022-12-28T00:57:28Z", "logo": {"id": "", "description": null}, "roleId": "assistant-store-manager", "salary": "", "solMetadata": {"searchRequestToken": "2f0f8de3-0f5f-4f52-b06c-e13f97e4d15f", "token": "0~2f0f8de3-0f5f-4f52-b06c-e13f97e4d15f", "jobId": "59569884", "section": "MAIN", "sectionRank": 304, "jobAdType": "ORGANIC", "tags": {"mordor__flights": "mordor_123"}}, "subClassification": {"id": "6047", "description": "Management - Store"}, "suburb": "Bentleigh", "suburbId": 17406, "suburbWhereValue": "Bentleigh VIC 3204", "teaser": "Whether it\u2019s managing rosters or cleaning up a spill in aisle 3, our Assistant Store Managers always lead from the front.", "title": "ALDI Bentleigh - Assistant Store Manager", "tracking": "ewogICJ0b2tlbiI6ICIxZjEyNDVmZS00ZmUxLTliZjQtOGM4My1lMWM4ZDVjNWZlZWZfNCIKfQ==", "workType": "Full Time", "isPrivateAdvertiser": false}, {"advertiser": {"id": "27493644", "description": "Aldi Stores"}, "automaticInclusion": false, "bulletPoints": [], "classification": {"id": "1225", "description": "Trades & Services"}, "companyName": "ALDI", "companyProfileStructuredDataId": 5197, "displayType": "standard", "listingDateDisplay": "6d ago", "location": "Adelaide", "locationId": 1007, "locationWhereValue": "All Adelaide SA", "id": 59620510, "isPremium": false, "isStandOut": false, "jobLocation": {"label": "Regency Park, Adelaide SA", "countryCode": "AU", "seoHierarchy": [{"contextualName": "Regency Park SA 5010"}, {"contextualName": "All Adelaide SA"}]}, "listingDate": "2023-01-05T13:31:14Z", "logo": {"id": "", "description": null}, "roleId": "forklift-technician", "salary": "", "solMetadata": {"searchRequestToken": "2f0f8de3-0f5f-4f52-b06c-e13f97e4d15f", "token": "0~2f0f8de3-0f5f-4f52-b06c-e13f97e4d15f", "jobId": "59620510", "section": "MAIN", "sectionRank": 305, "jobAdType": "ORGANIC", "tags": {"mordor__flights": "mordor_123"}}, "subClassification": {"id": "1328", "description": "Automotive Trades"}, "suburb": "Regency Park", "suburbId": 12260, "suburbWhereValue": "Regency Park SA 5010", "teaser": "Maintaining and repairing all mechanical equipment in a lawful, safe and efficient manner is at the forefront of everything our Mechanics do.", "title": "Forklift Technician", "tracking": "ewogICJ0b2tlbiI6ICIxZjEyNDVmZS00ZmUxLTliZjQtOGM4My1lMWM4ZDVjNWZlZWZfNSIKfQ==", "workType": "Part Time", "isPrivateAdvertiser": false}, {"advertiser": {"id": "27493644", "description": "Aldi Stores"}, "automaticInclusion": false, "bulletPoints": [], "classification": {"id": "6043", "description": "Retail & Consumer Products"}, "companyName": "ALDI", "companyProfileStructuredDataId": 5197, "displayType": "standard", "listingDateDisplay": "22d ago", "location": "Mornington Peninsula & Bass Coast", "locationId": 5077, "locationWhereValue": "Mornington Peninsula & Bass Coast VIC", "id": 59529167, "isPremium": false, "isStandOut": false, "jobLocation": {"label": "Dromana, Mornington Peninsula & Bass Coast VIC", "countryCode": "AU", "seoHierarchy": [{"contextualName": "Dromana VIC 3936"}, {"contextualName": "Mornington Peninsula & Bass Coast VIC"}]}, "listingDate": "2022-12-20T02:41:15Z", "logo": {"id": "", "description": null}, "roleId": "retail-sales-assistant", "salary": "", "solMetadata": {"searchRequestToken": "2f0f8de3-0f5f-4f52-b06c-e13f97e4d15f", "token": "0~2f0f8de3-0f5f-4f52-b06c-e13f97e4d15f", "jobId": "59529167", "section": "MAIN", "sectionRank": 306, "jobAdType": "ORGANIC", "tags": {"mordor__flights": "mordor_123"}}, "subClassification": {"id": "6050", "description": "Retail Assistants"}, "suburb": "Dromana", "suburbId": 15397, "suburbWhereValue": "Dromana VIC 3936", "teaser": "Whether they\u2019re racing to fill shelves or scanning through customers, our Retail Assistants can do everything and anything.", "title": "Retail Assistant - Dromana/Rosebud - 15-20 hrs p/w", "tracking": "ewogICJ0b2tlbiI6ICIxZjEyNDVmZS00ZmUxLTliZjQtOGM4My1lMWM4ZDVjNWZlZWZfNiIKfQ==", "workType": "Part Time", "isPrivateAdvertiser": false}, {"advertiser": {"id": "27493644", "description": "Aldi Stores"}, "automaticInclusion": false, "bulletPoints": [], "classification": {"id": "6043", "description": "Retail & Consumer Products"}, "companyName": "ALDI", "companyProfileStructuredDataId": 5197, "displayType": "standard", "listingDateDisplay": "24d ago", "location": "Shepparton & Goulburn Valley", "locationId": 5078, "locationWhereValue": "Shepparton & Goulburn Valley VIC", "id": 59513537, "isPremium": false, "isStandOut": false, "jobLocation": {"label": "Shepparton, Shepparton & Goulburn Valley VIC", "countryCode": "AU", "seoHierarchy": [{"contextualName": "Shepparton VIC 3630"}, {"contextualName": "Shepparton & Goulburn Valley VIC"}]}, "listingDate": "2022-12-18T10:17:23Z", "logo": {"id": "", "description": null}, "roleId": "retail-sales-assistant", "salary": "", "solMetadata": {"searchRequestToken": "2f0f8de3-0f5f-4f52-b06c-e13f97e4d15f", "token": "0~2f0f8de3-0f5f-4f52-b06c-e13f97e4d15f", "jobId": "59513537", "section": "MAIN", "sectionRank": 307, "jobAdType": "ORGANIC", "tags": {"mordor__flights": "mordor_123"}}, "subClassification": {"id": "6050", "description": "Retail Assistants"}, "suburb": "Shepparton", "suburbId": 15714, "suburbWhereValue": "Shepparton VIC 3630", "teaser": "Whether they\u2019re racing to fill shelves or scanning through customers, our Retail Assistants can do everything and anything.", "title": "Retail Assistant - Shepparton / Mooroopna", "tracking": "ewogICJ0b2tlbiI6ICIxZjEyNDVmZS00ZmUxLTliZjQtOGM4My1lMWM4ZDVjNWZlZWZfNyIKfQ==", "workType": "Part Time", "isPrivateAdvertiser": false}, {"advertiser": {"id": "27493644", "description": "Aldi Stores"}, "automaticInclusion": false, "bulletPoints": [], "classification": {"id": "6043", "description": "Retail & Consumer Products"}, "companyName": "ALDI", "companyProfileStructuredDataId": 5197, "displayType": "standard", "listingDateDisplay": "26d ago", "location": "Richmond & Hawkesbury", "locationId": 5041, "locationWhereValue": "Richmond & Hawkesbury NSW", "id": 59510281, "isPremium": false, "isStandOut": false, "jobLocation": {"label": "Box Hill, Richmond & Hawkesbury NSW", "countryCode": "AU", "seoHierarchy": [{"contextualName": "Box Hill NSW 2765"}, {"contextualName": "Richmond & Hawkesbury NSW"}]}, "listingDate": "2022-12-16T06:58:15Z", "logo": {"id": "", "description": null}, "roleId": "retail-sales-assistant", "salary": "", "solMetadata": {"searchRequestToken": "2f0f8de3-0f5f-4f52-b06c-e13f97e4d15f", "token": "0~2f0f8de3-0f5f-4f52-b06c-e13f97e4d15f", "jobId": "59510281", "section": "MAIN", "sectionRank": 308, "jobAdType": "ORGANIC", "tags": {"mordor__flights": "mordor_123"}}, "subClassification": {"id": "6050", "description": "Retail Assistants"}, "suburb": "Box Hill", "suburbId": 17962, "suburbWhereValue": "Box Hill NSW 2765", "teaser": "Whether they\u2019re racing to fill shelves or scanning through customers, our Retail Assistants can do everything and anything.", "title": "Retail Assistant Box Hill - NEW STORE OPENING", "tracking": "ewogICJ0b2tlbiI6ICIxZjEyNDVmZS00ZmUxLTliZjQtOGM4My1lMWM4ZDVjNWZlZWZfOCIKfQ==", "workType": "Part Time", "isPrivateAdvertiser": false}, {"advertiser": {"id": "27493644", "description": "Aldi Stores"}, "automaticInclusion": false, "bulletPoints": [], "classification": {"id": "6043", "description": "Retail & Consumer Products"}, "companyName": "ALDI", "companyProfileStructuredDataId": 5197, "displayType": "standard", "listingDateDisplay": "14d ago", "location": "Toowoomba & Darling Downs", "locationId": 5016, "locationWhereValue": "Toowoomba & Darling Downs QLD", "id": 59571296, "isPremium": false, "isStandOut": false, "jobLocation": {"label": "Dalby, Toowoomba & Darling Downs QLD", "countryCode": "AU", "seoHierarchy": [{"contextualName": "Dalby QLD 4405"}, {"contextualName": "Toowoomba & Darling Downs QLD"}]}, "listingDate": "2022-12-28T04:33:09Z", "logo": {"id": "", "description": null}, "roleId": "retail-sales-assistant", "salary": "", "solMetadata": {"searchRequestToken": "2f0f8de3-0f5f-4f52-b06c-e13f97e4d15f", "token": "0~2f0f8de3-0f5f-4f52-b06c-e13f97e4d15f", "jobId": "59571296", "section": "MAIN", "sectionRank": 309, "jobAdType": "ORGANIC", "tags": {"mordor__flights": "mordor_123"}}, "subClassification": {"id": "6050", "description": "Retail Assistants"}, "suburb": "Dalby", "suburbId": 15039, "suburbWhereValue": "Dalby QLD 4405", "teaser": "Whether they\u2019re racing to fill shelves or scanning through customers, our Retail Assistants can do everything and anything.", "title": "Retail Assistant - Dalby - 20 hours p/w", "tracking": "ewogICJ0b2tlbiI6ICIxZjEyNDVmZS00ZmUxLTliZjQtOGM4My1lMWM4ZDVjNWZlZWZfOSIKfQ==", "workType": "Part Time", "isPrivateAdvertiser": false}, {"advertiser": {"id": "27493644", "description": "Aldi Stores"}, "area": "Bayside & South Eastern Suburbs", "areaId": 5070, "areaWhereValue": "Bayside & South Eastern Suburbs Melbourne VIC", "automaticInclusion": false, "bulletPoints": [], "classification": {"id": "6092", "description": "Manufacturing, Transport & Logistics"}, "companyName": "ALDI", "companyProfileStructuredDataId": 5197, "displayType": "standard", "listingDateDisplay": "19d ago", "location": "Melbourne", "locationId": 1002, "locationWhereValue": "All Melbourne VIC", "id": 59562343, "isPremium": false, "isStandOut": false, "jobLocation": {"label": "Dandenong, Melbourne VIC", "countryCode": "AU", "seoHierarchy": [{"contextualName": "Dandenong VIC 3175"}, {"contextualName": "All Melbourne VIC"}]}, "listingDate": "2022-12-23T03:58:30Z", "logo": {"id": "", "description": null}, "roleId": "truckdriver", "salary": "", "solMetadata": {"searchRequestToken": "2f0f8de3-0f5f-4f52-b06c-e13f97e4d15f", "token": "0~2f0f8de3-0f5f-4f52-b06c-e13f97e4d15f", "jobId": "59562343", "section": "MAIN", "sectionRank": 310, "jobAdType": "ORGANIC", "tags": {"mordor__flights": "mordor_123"}}, "subClassification": {"id": "6111", "description": "Road Transport"}, "suburb": "Dandenong", "suburbId": 15079, "suburbWhereValue": "Dandenong VIC 3175", "teaser": "Spending days on the road delivering our stock state-wide, our Transport Operators are level headed, adaptable and safety minded.", "title": "Truck Driver - Afternoon Shift", "tracking": "ewogICJ0b2tlbiI6ICIxZjEyNDVmZS00ZmUxLTliZjQtOGM4My1lMWM4ZDVjNWZlZWZfMTAiCn0=", "workType": "Full Time", "isPrivateAdvertiser": false}, {"advertiser": {"id": "27493644", "description": "Aldi Stores"}, "automaticInclusion": false, "bulletPoints": [], "classification": {"id": "6043", "description": "Retail & Consumer Products"}, "companyName": "ALDI", "companyProfileStructuredDataId": 5197, "displayType": "standard", "listingDateDisplay": "12d ago", "location": "Sunshine Coast", "locationId": 5002, "locationWhereValue": "Sunshine Coast QLD", "id": 59578925, "isPremium": false, "isStandOut": false, "jobLocation": {"label": "Maroochydore, Sunshine Coast QLD", "countryCode": "AU", "seoHierarchy": [{"contextualName": "Maroochydore QLD 4558"}, {"contextualName": "Sunshine Coast QLD"}]}, "listingDate": "2022-12-30T03:55:28Z", "logo": {"id": "", "description": null}, "roleId": "store-manager", "salary": "", "solMetadata": {"searchRequestToken": "2f0f8de3-0f5f-4f52-b06c-e13f97e4d15f", "token": "0~2f0f8de3-0f5f-4f52-b06c-e13f97e4d15f", "jobId": "59578925", "section": "MAIN", "sectionRank": 311, "jobAdType": "ORGANIC", "tags": {"mordor__flights": "mordor_123"}}, "subClassification": {"id": "6047", "description": "Management - Store"}, "suburb": "Maroochydore", "suburbId": 18419, "suburbWhereValue": "Maroochydore QLD 4558", "teaser": "From driving sales and controlling costs, to serving customers & training staff, our Duty Store Managers always lead from the front.", "title": "Duty Store Manager - Maroochydore", "tracking": "ewogICJ0b2tlbiI6ICIxZjEyNDVmZS00ZmUxLTliZjQtOGM4My1lMWM4ZDVjNWZlZWZfMTEiCn0=", "workType": "Part Time", "isPrivateAdvertiser": false}, {"advertiser": {"id": "27493644", "description": "Aldi Stores"}, "automaticInclusion": false, "bulletPoints": [], "classification": {"id": "6043", "description": "Retail & Consumer Products"}, "companyName": "ALDI", "companyProfileStructuredDataId": 5197, "displayType": "standard", "listingDateDisplay": "26d ago", "location": "Gosford & Central Coast", "locationId": 5024, "locationWhereValue": "Gosford & Central Coast NSW", "id": 59510375, "isPremium": false, "isStandOut": false, "jobLocation": {"label": "Wyoming, Gosford & Central Coast NSW", "countryCode": "AU", "seoHierarchy": [{"contextualName": "Wyoming NSW 2250"}, {"contextualName": "Gosford & Central Coast NSW"}]}, "listingDate": "2022-12-16T07:15:56Z", "logo": {"id": "", "description": null}, "roleId": "retail-sales-assistant", "salary": "", "solMetadata": {"searchRequestToken": "2f0f8de3-0f5f-4f52-b06c-e13f97e4d15f", "token": "0~2f0f8de3-0f5f-4f52-b06c-e13f97e4d15f", "jobId": "59510375", "section": "MAIN", "sectionRank": 312, "jobAdType": "ORGANIC", "tags": {"mordor__flights": "mordor_123"}}, "subClassification": {"id": "6050", "description": "Retail Assistants"}, "suburb": "Wyoming", "suburbId": 10636, "suburbWhereValue": "Wyoming NSW 2250", "teaser": "Whether they\u2019re racing to fill shelves or scanning through customers, our Retail Assistants can do everything and anything.", "title": "Retail Assistant-Wyoming", "tracking": "ewogICJ0b2tlbiI6ICIxZjEyNDVmZS00ZmUxLTliZjQtOGM4My1lMWM4ZDVjNWZlZWZfMTIiCn0=", "workType": "Part Time", "isPrivateAdvertiser": false}, {"advertiser": {"id": "27493644", "description": "Aldi Stores"}, "automaticInclusion": false, "bulletPoints": [], "classification": {"id": "6043", "description": "Retail & Consumer Products"}, "companyName": "ALDI", "companyProfileStructuredDataId": 5197, "displayType": "standard", "listingDateDisplay": "26d ago", "location": "Fleurieu Peninsula & Kangaroo Island", "locationId": 5017, "locationWhereValue": "Fleurieu Peninsula & Kangaroo Island SA", "id": 59502200, "isPremium": false, "isStandOut": false, "jobLocation": {"label": "Victor Harbor, Fleurieu Peninsula & Kangaroo Island SA", "countryCode": "AU", "seoHierarchy": [{"contextualName": "Victor Harbor SA 5211"}, {"contextualName": "Fleurieu Peninsula & Kangaroo Island SA"}]}, "listingDate": "2022-12-15T22:00:31Z", "logo": {"id": "", "description": null}, "roleId": "retail-sales-assistant", "salary": "", "solMetadata": {"searchRequestToken": "2f0f8de3-0f5f-4f52-b06c-e13f97e4d15f", "token": "0~2f0f8de3-0f5f-4f52-b06c-e13f97e4d15f", "jobId": "59502200", "section": "MAIN", "sectionRank": 313, "jobAdType": "ORGANIC", "tags": {"mordor__flights": "mordor_123"}}, "subClassification": {"id": "6050", "description": "Retail Assistants"}, "suburb": "Victor Harbor", "suburbId": 21587, "suburbWhereValue": "Victor Harbor SA 5211", "teaser": "Whether they\u2019re racing to fill shelves or scanning through customers, our Retail Assistants can do everything and anything.", "title": "Retail Assistant -Victor Harbour", "tracking": "ewogICJ0b2tlbiI6ICIxZjEyNDVmZS00ZmUxLTliZjQtOGM4My1lMWM4ZDVjNWZlZWZfMTMiCn0=", "workType": "Part Time", "isPrivateAdvertiser": false}, {"advertiser": {"id": "27493644", "description": "Aldi Stores"}, "area": "Parramatta & Western Suburbs", "areaId": 5030, "areaWhereValue": "Parramatta & Western Suburbs Sydney NSW", "automaticInclusion": false, "bulletPoints": [], "classification": {"id": "6043", "description": "Retail & Consumer Products"}, "companyName": "ALDI", "companyProfileStructuredDataId": 5197, "displayType": "standard", "listingDateDisplay": "20d ago", "location": "Sydney", "locationId": 1000, "locationWhereValue": "All Sydney NSW", "id": 59554319, "isPremium": false, "isStandOut": false, "jobLocation": {"label": "Rydalmere, Sydney NSW", "countryCode": "AU", "seoHierarchy": [{"contextualName": "Rydalmere NSW 2116"}, {"contextualName": "All Sydney NSW"}]}, "listingDate": "2022-12-22T05:28:57Z", "logo": {"id": "", "description": null}, "roleId": "store-manager", "salary": "", "solMetadata": {"searchRequestToken": "2f0f8de3-0f5f-4f52-b06c-e13f97e4d15f", "token": "0~2f0f8de3-0f5f-4f52-b06c-e13f97e4d15f", "jobId": "59554319", "section": "MAIN", "sectionRank": 314, "jobAdType": "ORGANIC", "tags": {"mordor__flights": "mordor_123"}}, "subClassification": {"id": "6047", "description": "Management - Store"}, "suburb": "Rydalmere", "suburbId": 12598, "suburbWhereValue": "Rydalmere NSW 2116", "teaser": "From driving sales targets to supervising the training and development of a close-knit team, the role of an ALDI Store Manager is diverse and dynamic.", "title": "Store Manager - Ryde & Macquarie Park", "tracking": "ewogICJ0b2tlbiI6ICIxZjEyNDVmZS00ZmUxLTliZjQtOGM4My1lMWM4ZDVjNWZlZWZfMTQiCn0=", "workType": "Full Time", "isPrivateAdvertiser": false}, {"advertiser": {"id": "27493644", "description": "Aldi Stores"}, "automaticInclusion": false, "bulletPoints": [], "classification": {"id": "6043", "description": "Retail & Consumer Products"}, "companyName": "ALDI", "companyProfileStructuredDataId": 5197, "displayType": "standard", "listingDateDisplay": "26d ago", "location": "Gosford & Central Coast", "locationId": 5024, "locationWhereValue": "Gosford & Central Coast NSW", "id": 59510363, "isPremium": false, "isStandOut": false, "jobLocation": {"label": "Toukley, Gosford & Central Coast NSW", "countryCode": "AU", "seoHierarchy": [{"contextualName": "Toukley NSW 2263"}, {"contextualName": "Gosford & Central Coast NSW"}]}, "listingDate": "2022-12-16T07:14:55Z", "logo": {"id": "", "description": null}, "roleId": "retail-sales-assistant", "salary": "", "solMetadata": {"searchRequestToken": "2f0f8de3-0f5f-4f52-b06c-e13f97e4d15f", "token": "0~2f0f8de3-0f5f-4f52-b06c-e13f97e4d15f", "jobId": "59510363", "section": "MAIN", "sectionRank": 315, "jobAdType": "ORGANIC", "tags": {"mordor__flights": "mordor_123"}}, "subClassification": {"id": "6050", "description": "Retail Assistants"}, "suburb": "Toukley", "suburbId": 21213, "suburbWhereValue": "Toukley NSW 2263", "teaser": "Whether they\u2019re racing to fill shelves or scanning through customers, our Retail Assistants can do everything and anything.", "title": "Retail Assistant-Toukley", "tracking": "ewogICJ0b2tlbiI6ICIxZjEyNDVmZS00ZmUxLTliZjQtOGM4My1lMWM4ZDVjNWZlZWZfMTUiCn0=", "workType": "Part Time", "isPrivateAdvertiser": false}, {"advertiser": {"id": "27493644", "description": "Aldi Stores"}, "automaticInclusion": false, "bulletPoints": [], "classification": {"id": "6043", "description": "Retail & Consumer Products"}, "companyName": "ALDI", "companyProfileStructuredDataId": 5197, "displayType": "standard", "listingDateDisplay": "12d ago", "location": "Northam & Wheatbelt", "locationId": 5046, "locationWhereValue": "Northam & Wheatbelt WA", "id": 59577019, "isPremium": false, "isStandOut": false, "jobLocation": {"label": "Northam, Northam & Wheatbelt WA", "countryCode": "AU", "seoHierarchy": [{"contextualName": "Northam WA 6401"}, {"contextualName": "Northam & Wheatbelt WA"}]}, "listingDate": "2022-12-29T22:18:14Z", "logo": {"id": "", "description": null}, "roleId": "assistant-store-manager", "salary": "", "solMetadata": {"searchRequestToken": "2f0f8de3-0f5f-4f52-b06c-e13f97e4d15f", "token": "0~2f0f8de3-0f5f-4f52-b06c-e13f97e4d15f", "jobId": "59577019", "section": "MAIN", "sectionRank": 316, "jobAdType": "ORGANIC", "tags": {"mordor__flights": "mordor_123"}}, "subClassification": {"id": "6047", "description": "Management - Store"}, "suburb": "Northam", "suburbId": 24026, "suburbWhereValue": "Northam WA 6401", "teaser": "Whether it\u2019s managing rosters or cleaning up a spill in aisle 3, our Assistant Store Managers always lead from the front.", "title": "Assistant Store Manager - Northam - 40 Hours", "tracking": "ewogICJ0b2tlbiI6ICIxZjEyNDVmZS00ZmUxLTliZjQtOGM4My1lMWM4ZDVjNWZlZWZfMTYiCn0=", "workType": "Full Time", "isPrivateAdvertiser": false}, {"advertiser": {"id": "27493644", "description": "Aldi Stores"}, "automaticInclusion": false, "bulletPoints": [], "classification": {"id": "6043", "description": "Retail & Consumer Products"}, "companyName": "ALDI", "companyProfileStructuredDataId": 5197, "displayType": "standard", "listingDateDisplay": "23d ago", "location": "Dubbo & Central NSW", "locationId": 5044, "locationWhereValue": "Dubbo & Central NSW", "id": 59522604, "isPremium": false, "isStandOut": false, "jobLocation": {"label": "Dubbo, Dubbo & Central NSW", "countryCode": "AU", "seoHierarchy": [{"contextualName": "Dubbo NSW 2830"}, {"contextualName": "Dubbo & Central NSW"}]}, "listingDate": "2022-12-19T06:50:28Z", "logo": {"id": "", "description": null}, "roleId": "retail-sales-assistant", "salary": "Fast Paced, Hands-on Role! Permanent Part Time.", "solMetadata": {"searchRequestToken": "2f0f8de3-0f5f-4f52-b06c-e13f97e4d15f", "token": "0~2f0f8de3-0f5f-4f52-b06c-e13f97e4d15f", "jobId": "59522604", "section": "MAIN", "sectionRank": 317, "jobAdType": "ORGANIC", "tags": {"mordor__flights": "mordor_123"}}, "subClassification": {"id": "6050", "description": "Retail Assistants"}, "suburb": "Dubbo", "suburbId": 15421, "suburbWhereValue": "Dubbo NSW 2830", "teaser": "Whether they\u2019re racing to fill shelves or scanning through customers, our Retail Assistants can do everything and anything.", "title": "Retail Assistant - DUBBO (Central West)", "tracking": "ewogICJ0b2tlbiI6ICIxZjEyNDVmZS00ZmUxLTliZjQtOGM4My1lMWM4ZDVjNWZlZWZfMTciCn0=", "workType": "Part Time", "isPrivateAdvertiser": false}, {"advertiser": {"id": "27493644", "description": "Aldi Stores"}, "automaticInclusion": false, "bulletPoints": [], "classification": {"id": "6043", "description": "Retail & Consumer Products"}, "companyName": "ALDI", "companyProfileStructuredDataId": 5197, "displayType": "standard", "listingDateDisplay": "20d ago", "location": "Wollongong, Illawarra & South Coast", "locationId": 5038, "locationWhereValue": "Wollongong, Illawarra & South Coast NSW", "id": 59550344, "isPremium": false, "isStandOut": false, "jobLocation": {"label": "Nowra, Wollongong, Illawarra & South Coast NSW", "countryCode": "AU", "seoHierarchy": [{"contextualName": "Nowra NSW 2541"}, {"contextualName": "Wollongong, Illawarra & South Coast NSW"}]}, "listingDate": "2022-12-22T01:49:02Z", "logo": {"id": "", "description": null}, "roleId": "retail-sales-assistant", "salary": "", "solMetadata": {"searchRequestToken": "2f0f8de3-0f5f-4f52-b06c-e13f97e4d15f", "token": "0~2f0f8de3-0f5f-4f52-b06c-e13f97e4d15f", "jobId": "59550344", "section": "MAIN", "sectionRank": 318, "jobAdType": "ORGANIC", "tags": {"mordor__flights": "mordor_123"}}, "subClassification": {"id": "6050", "description": "Retail Assistants"}, "suburb": "Nowra", "suburbId": 24062, "suburbWhereValue": "Nowra NSW 2541", "teaser": "Whether they\u2019re racing to fill shelves or scanning through customers, our Retail Assistants can do everything and anything.", "title": "Retail Assistant - Nowra / Vincentia / Bomaderry - 15-25 hours p/w", "tracking": "ewogICJ0b2tlbiI6ICIxZjEyNDVmZS00ZmUxLTliZjQtOGM4My1lMWM4ZDVjNWZlZWZfMTgiCn0=", "workType": "Part Time", "isPrivateAdvertiser": false}, {"advertiser": {"id": "27493644", "description": "Aldi Stores"}, "area": "Western Suburbs", "areaId": 5073, "areaWhereValue": "Western Suburbs Melbourne VIC", "automaticInclusion": false, "bulletPoints": [], "classification": {"id": "6092", "description": "Manufacturing, Transport & Logistics"}, "companyName": "ALDI", "companyProfileStructuredDataId": 5197, "displayType": "standard", "listingDateDisplay": "20d ago", "location": "Melbourne", "locationId": 1002, "locationWhereValue": "All Melbourne VIC", "id": 59551849, "isPremium": false, "isStandOut": false, "jobLocation": {"label": "Derrimut, Melbourne VIC", "countryCode": "AU", "seoHierarchy": [{"contextualName": "Derrimut VIC 3030"}, {"contextualName": "All Melbourne VIC"}]}, "listingDate": "2022-12-22T03:17:28Z", "logo": {"id": "", "description": null}, "roleId": "transport-supervisor", "salary": "", "solMetadata": {"searchRequestToken": "2f0f8de3-0f5f-4f52-b06c-e13f97e4d15f", "token": "0~2f0f8de3-0f5f-4f52-b06c-e13f97e4d15f", "jobId": "59551849", "section": "MAIN", "sectionRank": 319, "jobAdType": "ORGANIC", "tags": {"mordor__flights": "mordor_123"}}, "subClassification": {"id": "6107", "description": "Team Leaders/Supervisors"}, "suburb": "Derrimut", "suburbId": 15220, "suburbWhereValue": "Derrimut VIC 3030", "teaser": "From scheduling stock delivery to managing staff rosters, our Transport Section Leaders are responsible for the running of our Transport Department.", "title": "Transport Supervisor", "tracking": "ewogICJ0b2tlbiI6ICIxZjEyNDVmZS00ZmUxLTliZjQtOGM4My1lMWM4ZDVjNWZlZWZfMTkiCn0=", "workType": "Part Time", "isPrivateAdvertiser": false}, {"advertiser": {"id": "27493644", "description": "Aldi Stores"}, "area": "Eastern Suburbs", "areaId": 5071, "areaWhereValue": "Eastern Suburbs Melbourne VIC", "automaticInclusion": false, "bulletPoints": [], "classification": {"id": "6043", "description": "Retail & Consumer Products"}, "companyName": "ALDI", "companyProfileStructuredDataId": 5197, "displayType": "standard", "listingDateDisplay": "14d ago", "location": "Melbourne", "locationId": 1002, "locationWhereValue": "All Melbourne VIC", "id": 59569878, "isPremium": false, "isStandOut": false, "jobLocation": {"label": "Chadstone, Melbourne VIC", "countryCode": "AU", "seoHierarchy": [{"contextualName": "Chadstone VIC 3148"}, {"contextualName": "All Melbourne VIC"}]}, "listingDate": "2022-12-28T00:56:56Z", "logo": {"id": "", "description": null}, "roleId": "store-manager", "salary": "", "solMetadata": {"searchRequestToken": "2f0f8de3-0f5f-4f52-b06c-e13f97e4d15f", "token": "0~2f0f8de3-0f5f-4f52-b06c-e13f97e4d15f", "jobId": "59569878", "section": "MAIN", "sectionRank": 320, "jobAdType": "ORGANIC", "tags": {"mordor__flights": "mordor_123"}}, "subClassification": {"id": "6047", "description": "Management - Store"}, "suburb": "Chadstone", "suburbId": 22765, "suburbWhereValue": "Chadstone VIC 3148", "teaser": "From driving sales and controlling costs, to serving customers & training staff, our Duty Store Managers always lead from the front.", "title": "ALDI Chadstone - Duty Store Manager", "tracking": "ewogICJ0b2tlbiI6ICIxZjEyNDVmZS00ZmUxLTliZjQtOGM4My1lMWM4ZDVjNWZlZWZfMjAiCn0=", "workType": "Part Time", "isPrivateAdvertiser": false}], "title": "Jobs in All Australia", "totalCount": 417, "paginationParameters": {"seekSelectAllPages": true, "hadPremiumListings": false}, "info": {"timeTaken": 63, "source": "JobSearch-sm", "experiment": "mordor_123"}, "userQueryId": "a3f7e6f85be73fd8fe2e3d5ea92001b7-7335003", "sortMode": [{"isActive": true, "name": "Relevance", "value": "KeywordRelevance"}, {"isActive": false, "name": "Date", "value": "ListedDate"}], "solMetadata": {"requestToken": "2f0f8de3-0f5f-4f52-b06c-e13f97e4d15f", "token": "0~2f0f8de3-0f5f-4f52-b06c-e13f97e4d15f", "sortMode": "RELEVANCE", "locations": ["seek-3000"], "locationDistance": 50, "employer": "ALDI", "pageSize": 20, "pageNumber": 16, "totalJobCount": 417, "tags": {"mordor__flights": "mordor_123", "chalice-search-api:solId": "c00c353f-a376-4b96-b397-16e262dbd3d3"}}, "location": {"matched": true, "whereId": 3000, "type": "Country", "suburbType": "rural", "description": "All Australia", "stateDescription": "", "locationId": 3000, "locationDescription": "", "areaId": 0, "areaDescription": "", "suburbParentDescription": ""}, "canonicalCompany": {"id": "5197", "description": "ALDI"}, "companySuggestion": {"search": {"keywords": "ALDI"}, "count": "461"}, "joraCrossLink": {"canCrossLink": false}, "searchParams": {"sitekey": "AU-Main", "sourcesystem": "houston", "userqueryid": "a3f7e6f85be73fd8fe2e3d5ea92001b7-7335003", "userid": "5959404e-631e-45a1-bb3b-2ae481757cf6", "usersessionid": "5959404e-631e-45a1-bb3b-2ae481757cf6", "eventcapturesessionid": "5959404e-631e-45a1-bb3b-2ae481757cf6", "where": "All Australia", "page": "16", "seekselectallpages": "true", "companyname": "ALDI", "include": "seodata", "solid": "c00c353f-a376-4b96-b397-16e262dbd3d3"}}