{"data": [{"advertiser": {"id": "27493644", "description": "Aldi Stores"}, "area": "Parramatta & Western Suburbs", "areaId": 5030, "areaWhereValue": "Parramatta & Western Suburbs Sydney NSW", "automaticInclusion": false, "bulletPoints": [], "classification": {"id": "6043", "description": "Retail & Consumer Products"}, "companyName": "ALDI", "companyProfileStructuredDataId": 5197, "displayType": "standard", "listingDateDisplay": "14d ago", "location": "Sydney", "locationId": 1000, "locationWhereValue": "All Sydney NSW", "id": 59569179, "isPremium": false, "isStandOut": false, "jobLocation": {"label": "Blacktown, Sydney NSW", "countryCode": "AU", "seoHierarchy": [{"contextualName": "Blacktown NSW 2148"}, {"contextualName": "All Sydney NSW"}]}, "listingDate": "2022-12-27T23:18:07Z", "logo": {"id": "", "description": null}, "roleId": "assistant-store-manager", "salary": "", "solMetadata": {"searchRequestToken": "1fbcc85f-0b08-420a-aff4-558dc384500c", "token": "0~1fbcc85f-0b08-420a-aff4-558dc384500c", "jobId": "59569179", "section": "MAIN", "sectionRank": 241, "jobAdType": "ORGANIC", "tags": {"mordor__flights": "mordor_123"}}, "subClassification": {"id": "6047", "description": "Management - Store"}, "suburb": "Blacktown", "suburbId": 17632, "suburbWhereValue": "Blacktown NSW 2148", "teaser": "Whether it\u2019s managing rosters or cleaning up a spill in aisle 3, our Assistant Store Managers always lead from the front.", "title": "Assistant Store Manager - Blacktown", "tracking": "ewogICJ0b2tlbiI6ICJmYWMyZjA5ZC1hM2E5LTlmYjItYjlkYS1hMTVmOWUzNWZlN2JfMSIKfQ==", "workType": "Full Time", "isPrivateAdvertiser": false}, {"advertiser": {"id": "27493644", "description": "Aldi Stores"}, "automaticInclusion": false, "bulletPoints": [], "classification": {"id": "6043", "description": "Retail & Consumer Products"}, "companyName": "ALDI", "companyProfileStructuredDataId": 5197, "displayType": "standard", "listingDateDisplay": "19d ago", "location": "Adelaide", "locationId": 1007, "locationWhereValue": "All Adelaide SA", "id": 59558512, "isPremium": false, "isStandOut": false, "jobLocation": {"label": "Kensington Park, Adelaide SA", "countryCode": "AU", "seoHierarchy": [{"contextualName": "Kensington Park SA 5068"}, {"contextualName": "All Adelaide SA"}]}, "listingDate": "2022-12-22T23:33:05Z", "logo": {"id": "", "description": null}, "roleId": "retail-sales-assistant", "salary": "", "solMetadata": {"searchRequestToken": "1fbcc85f-0b08-420a-aff4-558dc384500c", "token": "0~1fbcc85f-0b08-420a-aff4-558dc384500c", "jobId": "59558512", "section": "MAIN", "sectionRank": 242, "jobAdType": "ORGANIC", "tags": {"mordor__flights": "mordor_123"}}, "subClassification": {"id": "6050", "description": "Retail Assistants"}, "suburb": "Kensington Park", "suburbId": 13013, "suburbWhereValue": "Kensington Park SA 5068", "teaser": "Whether they\u2019re racing to fill shelves or scanning through customers, our Retail Assistants can do everything and anything.", "title": "Retail Assistant - Newton / Norwood / Kensington Park", "tracking": "ewogICJ0b2tlbiI6ICJmYWMyZjA5ZC1hM2E5LTlmYjItYjlkYS1hMTVmOWUzNWZlN2JfMiIKfQ==", "workType": "Part Time", "isPrivateAdvertiser": false}, {"advertiser": {"id": "27493644", "description": "Aldi Stores"}, "area": "Parramatta & Western Suburbs", "areaId": 5030, "areaWhereValue": "Parramatta & Western Suburbs Sydney NSW", "automaticInclusion": false, "bulletPoints": [], "classification": {"id": "6317", "description": "Human Resources & Recruitment"}, "companyName": "ALDI", "companyProfileStructuredDataId": 5197, "displayType": "standard", "listingDateDisplay": "12d ago", "location": "Sydney", "locationId": 1000, "locationWhereValue": "All Sydney NSW", "id": 59577502, "isPremium": false, "isStandOut": false, "jobLocation": {"label": "Minchinbury, Sydney NSW", "countryCode": "AU", "seoHierarchy": [{"contextualName": "Minchinbury NSW 2770"}, {"contextualName": "All Sydney NSW"}]}, "listingDate": "2022-12-29T23:26:55Z", "logo": {"id": "", "description": null}, "roleId": "workplace-health-and-safety", "salary": "$142,400- $190,100 including superannuation", "solMetadata": {"searchRequestToken": "1fbcc85f-0b08-420a-aff4-558dc384500c", "token": "0~1fbcc85f-0b08-420a-aff4-558dc384500c", "jobId": "59577502", "section": "MAIN", "sectionRank": 243, "jobAdType": "ORGANIC", "tags": {"mordor__flights": "mordor_123"}}, "subClassification": {"id": "6322", "description": "Occupational Health & Safety"}, "suburb": "Minchinbury", "suburbId": 18808, "suburbWhereValue": "Minchinbury NSW 2770", "teaser": "Be the WH&S expert and have substantial influence over the future of Aldi\u2019s WH&S practices.", "title": "Executive Manager - National Work Health & Safety", "tracking": "ewogICJ0b2tlbiI6ICJmYWMyZjA5ZC1hM2E5LTlmYjItYjlkYS1hMTVmOWUzNWZlN2JfMyIKfQ==", "workType": "Full Time", "isPrivateAdvertiser": false}, {"advertiser": {"id": "27493644", "description": "Aldi Stores"}, "area": "Bayside & South Eastern Suburbs", "areaId": 5070, "areaWhereValue": "Bayside & South Eastern Suburbs Melbourne VIC", "automaticInclusion": false, "bulletPoints": [], "classification": {"id": "6043", "description": "Retail & Consumer Products"}, "companyName": "ALDI", "companyProfileStructuredDataId": 5197, "displayType": "standard", "listingDateDisplay": "23d ago", "location": "Melbourne", "locationId": 1002, "locationWhereValue": "All Melbourne VIC", "id": 59518348, "isPremium": false, "isStandOut": false, "jobLocation": {"label": "Clyde North, Melbourne VIC", "countryCode": "AU", "seoHierarchy": [{"contextualName": "Clyde North VIC 3978"}, {"contextualName": "All Melbourne VIC"}]}, "listingDate": "2022-12-19T02:03:28Z", "logo": {"id": "", "description": null}, "roleId": "retail-sales-assistant", "salary": "", "solMetadata": {"searchRequestToken": "1fbcc85f-0b08-420a-aff4-558dc384500c", "token": "0~1fbcc85f-0b08-420a-aff4-558dc384500c", "jobId": "59518348", "section": "MAIN", "sectionRank": 244, "jobAdType": "ORGANIC", "tags": {"mordor__flights": "mordor_123"}}, "subClassification": {"id": "6050", "description": "Retail Assistants"}, "suburb": "Clyde North", "suburbId": 14364, "suburbWhereValue": "Clyde North VIC 3978", "teaser": "Whether they\u2019re racing to fill shelves or scanning through customers, our Retail Assistants can do everything and anything.", "title": "Retail Assistant - North Clyde", "tracking": "ewogICJ0b2tlbiI6ICJmYWMyZjA5ZC1hM2E5LTlmYjItYjlkYS1hMTVmOWUzNWZlN2JfNCIKfQ==", "workType": "Part Time", "isPrivateAdvertiser": false}, {"advertiser": {"id": "27493644", "description": "Aldi Stores"}, "area": "Fremantle & Southern Suburbs", "areaId": 5050, "areaWhereValue": "Fremantle & Southern Suburbs Perth WA", "automaticInclusion": false, "bulletPoints": [], "classification": {"id": "6043", "description": "Retail & Consumer Products"}, "companyName": "ALDI", "companyProfileStructuredDataId": 5197, "displayType": "standard", "listingDateDisplay": "7d ago", "location": "Perth", "locationId": 1009, "locationWhereValue": "All Perth WA", "id": 59600488, "isPremium": false, "isStandOut": false, "jobLocation": {"label": "South Lake, Perth WA", "countryCode": "AU", "seoHierarchy": [{"contextualName": "South Lake WA 6164"}, {"contextualName": "All Perth WA"}]}, "listingDate": "2023-01-03T23:38:59Z", "logo": {"id": "", "description": null}, "roleId": "store-manager", "salary": "", "solMetadata": {"searchRequestToken": "1fbcc85f-0b08-420a-aff4-558dc384500c", "token": "0~1fbcc85f-0b08-420a-aff4-558dc384500c", "jobId": "59600488", "section": "MAIN", "sectionRank": 245, "jobAdType": "ORGANIC", "tags": {"mordor__flights": "mordor_123"}}, "subClassification": {"id": "6047", "description": "Management - Store"}, "suburb": "South Lake", "suburbId": 15889, "suburbWhereValue": "South Lake WA 6164", "teaser": "From driving sales and controlling costs, to serving customers & training staff, our Duty Store Managers always lead from the front.", "title": "Duty Store Manager (DSM) - Kardinya/South Fremantle/Spearwood/South Lake", "tracking": "ewogICJ0b2tlbiI6ICJmYWMyZjA5ZC1hM2E5LTlmYjItYjlkYS1hMTVmOWUzNWZlN2JfNSIKfQ==", "workType": "Part Time", "isPrivateAdvertiser": false}, {"advertiser": {"id": "27493644", "description": "Aldi Stores"}, "automaticInclusion": false, "bulletPoints": [], "classification": {"id": "6043", "description": "Retail & Consumer Products"}, "companyName": "ALDI", "companyProfileStructuredDataId": 5197, "displayType": "standard", "listingDateDisplay": "8d ago", "location": "Wollongong, Illawarra & South Coast", "locationId": 5038, "locationWhereValue": "Wollongong, Illawarra & South Coast NSW", "id": 59584713, "isPremium": false, "isStandOut": false, "jobLocation": {"label": "Narooma, Wollongong, Illawarra & South Coast NSW", "countryCode": "AU", "seoHierarchy": [{"contextualName": "Narooma NSW 2546"}, {"contextualName": "Wollongong, Illawarra & South Coast NSW"}]}, "listingDate": "2023-01-02T22:02:25Z", "logo": {"id": "", "description": null}, "roleId": "shift-manager", "salary": "29.96", "solMetadata": {"searchRequestToken": "1fbcc85f-0b08-420a-aff4-558dc384500c", "token": "0~1fbcc85f-0b08-420a-aff4-558dc384500c", "jobId": "59584713", "section": "MAIN", "sectionRank": 246, "jobAdType": "ORGANIC", "tags": {"mordor__flights": "mordor_123"}}, "subClassification": {"id": "6047", "description": "Management - Store"}, "suburb": "Narooma", "suburbId": 19762, "suburbWhereValue": "Narooma NSW 2546", "teaser": "From driving sales and controlling costs, to serving customers & training staff, our Duty Store Managers always lead from the front.", "title": "Shift Manager - Narooma", "tracking": "ewogICJ0b2tlbiI6ICJmYWMyZjA5ZC1hM2E5LTlmYjItYjlkYS1hMTVmOWUzNWZlN2JfNiIKfQ==", "workType": "Part Time", "isPrivateAdvertiser": false}, {"advertiser": {"id": "27493644", "description": "Aldi Stores"}, "automaticInclusion": false, "bulletPoints": [], "classification": {"id": "6043", "description": "Retail & Consumer Products"}, "companyName": "ALDI", "companyProfileStructuredDataId": 5197, "displayType": "standard", "listingDateDisplay": "19d ago", "location": "Newcastle, Maitland & Hunter", "locationId": 5045, "locationWhereValue": "Newcastle, Maitland & Hunter NSW", "id": 59557796, "isPremium": false, "isStandOut": false, "jobLocation": {"label": "Mayfield, Newcastle, Maitland & Hunter NSW", "countryCode": "AU", "seoHierarchy": [{"contextualName": "Mayfield NSW 2304"}, {"contextualName": "Newcastle, Maitland & Hunter NSW"}]}, "listingDate": "2022-12-22T22:44:50Z", "logo": {"id": "", "description": null}, "roleId": "retail-sales-assistant", "salary": "", "solMetadata": {"searchRequestToken": "1fbcc85f-0b08-420a-aff4-558dc384500c", "token": "0~1fbcc85f-0b08-420a-aff4-558dc384500c", "jobId": "59557796", "section": "MAIN", "sectionRank": 247, "jobAdType": "ORGANIC", "tags": {"mordor__flights": "mordor_123"}}, "subClassification": {"id": "6050", "description": "Retail Assistants"}, "suburb": "Mayfield", "suburbId": 18496, "suburbWhereValue": "Mayfield NSW 2304", "teaser": "Whether they\u2019re racing to fill shelves or scanning through customers, our Retail Assistants can do everything and anything.", "title": "Retail Assistant- Mayfield", "tracking": "ewogICJ0b2tlbiI6ICJmYWMyZjA5ZC1hM2E5LTlmYjItYjlkYS1hMTVmOWUzNWZlN2JfNyIKfQ==", "workType": "Part Time", "isPrivateAdvertiser": false}, {"advertiser": {"id": "27493644", "description": "Aldi Stores"}, "area": "South West & M5 Corridor", "areaId": 5033, "areaWhereValue": "South West & M5 Corridor Sydney NSW", "automaticInclusion": false, "bulletPoints": [], "classification": {"id": "6043", "description": "Retail & Consumer Products"}, "companyName": "ALDI", "companyProfileStructuredDataId": 5197, "displayType": "standard", "listingDateDisplay": "23d ago", "location": "Sydney", "locationId": 1000, "locationWhereValue": "All Sydney NSW", "id": 59517943, "isPremium": false, "isStandOut": false, "jobLocation": {"label": "Macquarie Fields, Sydney NSW", "countryCode": "AU", "seoHierarchy": [{"contextualName": "Macquarie Fields NSW 2564"}, {"contextualName": "All Sydney NSW"}]}, "listingDate": "2022-12-19T01:37:06Z", "logo": {"id": "", "description": null}, "roleId": "retail-sales-assistant", "salary": "", "solMetadata": {"searchRequestToken": "1fbcc85f-0b08-420a-aff4-558dc384500c", "token": "0~1fbcc85f-0b08-420a-aff4-558dc384500c", "jobId": "59517943", "section": "MAIN", "sectionRank": 248, "jobAdType": "ORGANIC", "tags": {"mordor__flights": "mordor_123"}}, "subClassification": {"id": "6050", "description": "Retail Assistants"}, "suburb": "Macquarie Fields", "suburbId": 14072, "suburbWhereValue": "Macquarie Fields NSW 2564", "teaser": "Whether they\u2019re racing to fill shelves or scanning through customers, our Retail Assistants can do everything and anything.", "title": "Retail Assistant - Macquarie Fields", "tracking": "ewogICJ0b2tlbiI6ICJmYWMyZjA5ZC1hM2E5LTlmYjItYjlkYS1hMTVmOWUzNWZlN2JfOCIKfQ==", "workType": "Part Time", "isPrivateAdvertiser": false}, {"advertiser": {"id": "27493644", "description": "Aldi Stores"}, "automaticInclusion": false, "bulletPoints": [], "classification": {"id": "6043", "description": "Retail & Consumer Products"}, "companyName": "ALDI", "companyProfileStructuredDataId": 5197, "displayType": "standard", "listingDateDisplay": "21d ago", "location": "Canberra", "locationId": 1015, "locationWhereValue": "All Canberra ACT", "id": 59542472, "isPremium": false, "isStandOut": false, "jobLocation": {"label": "Amaroo, Canberra ACT", "countryCode": "AU", "seoHierarchy": [{"contextualName": "Amaroo ACT 2914"}, {"contextualName": "All Canberra ACT"}]}, "listingDate": "2022-12-21T05:28:54Z", "logo": {"id": "", "description": null}, "roleId": "retail-sales-assistant", "salary": "", "solMetadata": {"searchRequestToken": "1fbcc85f-0b08-420a-aff4-558dc384500c", "token": "0~1fbcc85f-0b08-420a-aff4-558dc384500c", "jobId": "59542472", "section": "MAIN", "sectionRank": 249, "jobAdType": "ORGANIC", "tags": {"mordor__flights": "mordor_123"}}, "subClassification": {"id": "6050", "description": "Retail Assistants"}, "suburb": "Amaroo", "suburbId": 11190, "suburbWhereValue": "Amaroo ACT 2914", "teaser": "Whether they\u2019re racing to fill shelves or scanning through customers, our Retail Assistants can do everything and anything.", "title": "Retail Assistant -  Amaroo - 15 hrs p/w", "tracking": "ewogICJ0b2tlbiI6ICJmYWMyZjA5ZC1hM2E5LTlmYjItYjlkYS1hMTVmOWUzNWZlN2JfOSIKfQ==", "workType": "Part Time", "isPrivateAdvertiser": false}, {"advertiser": {"id": "27493644", "description": "Aldi Stores"}, "automaticInclusion": false, "bulletPoints": [], "classification": {"id": "6043", "description": "Retail & Consumer Products"}, "companyName": "ALDI", "companyProfileStructuredDataId": 5197, "displayType": "standard", "listingDateDisplay": "6d ago", "location": "Lismore & Far North Coast", "locationId": 5036, "locationWhereValue": "Lismore & Far North Coast NSW", "id": 59610743, "isPremium": false, "isStandOut": false, "jobLocation": {"label": "Byron Bay, Lismore & Far North Coast NSW", "countryCode": "AU", "seoHierarchy": [{"contextualName": "Byron Bay NSW 2481"}, {"contextualName": "Lismore & Far North Coast NSW"}]}, "listingDate": "2023-01-04T22:01:41Z", "logo": {"id": "", "description": null}, "roleId": "store-manager", "salary": "", "solMetadata": {"searchRequestToken": "1fbcc85f-0b08-420a-aff4-558dc384500c", "token": "0~1fbcc85f-0b08-420a-aff4-558dc384500c", "jobId": "59610743", "section": "MAIN", "sectionRank": 250, "jobAdType": "ORGANIC", "tags": {"mordor__flights": "mordor_123"}}, "subClassification": {"id": "6047", "description": "Management - Store"}, "suburb": "Byron Bay", "suburbId": 22343, "suburbWhereValue": "Byron Bay NSW 2481", "teaser": "From driving sales and controlling costs, to serving customers & training staff, our Duty Store Managers always lead from the front.", "title": "Duty Store Manager (DSM) - Byron Bay", "tracking": "ewogICJ0b2tlbiI6ICJmYWMyZjA5ZC1hM2E5LTlmYjItYjlkYS1hMTVmOWUzNWZlN2JfMTAiCn0=", "workType": "Part Time", "isPrivateAdvertiser": false}, {"advertiser": {"id": "27493644", "description": "Aldi Stores"}, "automaticInclusion": false, "bulletPoints": [], "classification": {"id": "6043", "description": "Retail & Consumer Products"}, "companyName": "ALDI", "companyProfileStructuredDataId": 5197, "displayType": "standard", "listingDateDisplay": "8d ago", "location": "Wollongong, Illawarra & South Coast", "locationId": 5038, "locationWhereValue": "Wollongong, Illawarra & South Coast NSW", "id": 59584724, "isPremium": false, "isStandOut": false, "jobLocation": {"label": "Merimbula, Wollongong, Illawarra & South Coast NSW", "countryCode": "AU", "seoHierarchy": [{"contextualName": "Merimbula NSW 2548"}, {"contextualName": "Wollongong, Illawarra & South Coast NSW"}]}, "listingDate": "2023-01-02T22:02:38Z", "logo": {"id": "", "description": null}, "roleId": "assistant-store-manager", "salary": "", "solMetadata": {"searchRequestToken": "1fbcc85f-0b08-420a-aff4-558dc384500c", "token": "0~1fbcc85f-0b08-420a-aff4-558dc384500c", "jobId": "59584724", "section": "MAIN", "sectionRank": 251, "jobAdType": "ORGANIC", "tags": {"mordor__flights": "mordor_123"}}, "subClassification": {"id": "6047", "description": "Management - Store"}, "suburb": "Merimbula", "suburbId": 18634, "suburbWhereValue": "Merimbula NSW 2548", "teaser": "Whether it\u2019s managing rosters or cleaning up a spill in aisle 3, our Assistant Store Managers always lead from the front.", "title": "Assistant Store Manager - Merimbula", "tracking": "ewogICJ0b2tlbiI6ICJmYWMyZjA5ZC1hM2E5LTlmYjItYjlkYS1hMTVmOWUzNWZlN2JfMTEiCn0=", "workType": "Full Time", "isPrivateAdvertiser": false}, {"advertiser": {"id": "27493644", "description": "Aldi Stores"}, "area": "Bayside & South Eastern Suburbs", "areaId": 5070, "areaWhereValue": "Bayside & South Eastern Suburbs Melbourne VIC", "automaticInclusion": false, "bulletPoints": [], "classification": {"id": "6043", "description": "Retail & Consumer Products"}, "companyName": "ALDI", "companyProfileStructuredDataId": 5197, "displayType": "standard", "listingDateDisplay": "7d ago", "location": "Melbourne", "locationId": 1002, "locationWhereValue": "All Melbourne VIC", "id": 59598862, "isPremium": false, "isStandOut": false, "jobLocation": {"label": "Carnegie, Melbourne VIC", "countryCode": "AU", "seoHierarchy": [{"contextualName": "Carnegie VIC 3163"}, {"contextualName": "All Melbourne VIC"}]}, "listingDate": "2023-01-03T22:01:35Z", "logo": {"id": "", "description": null}, "roleId": "store-manager", "salary": "", "solMetadata": {"searchRequestToken": "1fbcc85f-0b08-420a-aff4-558dc384500c", "token": "0~1fbcc85f-0b08-420a-aff4-558dc384500c", "jobId": "59598862", "section": "MAIN", "sectionRank": 252, "jobAdType": "ORGANIC", "tags": {"mordor__flights": "mordor_123"}}, "subClassification": {"id": "6047", "description": "Management - Store"}, "suburb": "Carnegie", "suburbId": 22622, "suburbWhereValue": "Carnegie VIC 3163", "teaser": "From driving sales and controlling costs, to serving customers & training staff, our Duty Store Managers always lead from the front.", "title": "Duty Store Manager - Carnegie, Prahran, St Kilda & Camberwell", "tracking": "ewogICJ0b2tlbiI6ICJmYWMyZjA5ZC1hM2E5LTlmYjItYjlkYS1hMTVmOWUzNWZlN2JfMTIiCn0=", "workType": "Part Time", "isPrivateAdvertiser": false}, {"advertiser": {"id": "27493644", "description": "Aldi Stores"}, "area": "Parramatta & Western Suburbs", "areaId": 5030, "areaWhereValue": "Parramatta & Western Suburbs Sydney NSW", "automaticInclusion": false, "bulletPoints": [], "classification": {"id": "6043", "description": "Retail & Consumer Products"}, "companyName": "ALDI", "companyProfileStructuredDataId": 5197, "displayType": "standard", "listingDateDisplay": "28d ago", "location": "Sydney", "locationId": 1000, "locationWhereValue": "All Sydney NSW", "id": 59480597, "isPremium": false, "isStandOut": false, "jobLocation": {"label": "Rydalmere, Sydney NSW", "countryCode": "AU", "seoHierarchy": [{"contextualName": "Rydalmere NSW 2116"}, {"contextualName": "All Sydney NSW"}]}, "listingDate": "2022-12-13T22:06:25Z", "logo": {"id": "", "description": null}, "roleId": "retail-sales-assistant", "salary": "", "solMetadata": {"searchRequestToken": "1fbcc85f-0b08-420a-aff4-558dc384500c", "token": "0~1fbcc85f-0b08-420a-aff4-558dc384500c", "jobId": "59480597", "section": "MAIN", "sectionRank": 253, "jobAdType": "ORGANIC", "tags": {"mordor__flights": "mordor_123"}}, "subClassification": {"id": "6050", "description": "Retail Assistants"}, "suburb": "Rydalmere", "suburbId": 12598, "suburbWhereValue": "Rydalmere NSW 2116", "teaser": "Whether they\u2019re racing to fill shelves or scanning through customers, our Retail Assistants can do everything and anything.", "title": "Retail Assistant - Rydalmere - 15 hours pw", "tracking": "ewogICJ0b2tlbiI6ICJmYWMyZjA5ZC1hM2E5LTlmYjItYjlkYS1hMTVmOWUzNWZlN2JfMTMiCn0=", "workType": "Part Time", "isPrivateAdvertiser": false}, {"advertiser": {"id": "27493644", "description": "Aldi Stores"}, "area": "Bayside & South Eastern Suburbs", "areaId": 5070, "areaWhereValue": "Bayside & South Eastern Suburbs Melbourne VIC", "automaticInclusion": false, "bulletPoints": [], "classification": {"id": "6092", "description": "Manufacturing, Transport & Logistics"}, "companyName": "ALDI", "companyProfileStructuredDataId": 5197, "displayType": "standard", "listingDateDisplay": "19d ago", "location": "Melbourne", "locationId": 1002, "locationWhereValue": "All Melbourne VIC", "id": 59562140, "isPremium": false, "isStandOut": false, "jobLocation": {"label": "Dandenong, Melbourne VIC", "countryCode": "AU", "seoHierarchy": [{"contextualName": "Dandenong VIC 3175"}, {"contextualName": "All Melbourne VIC"}]}, "listingDate": "2022-12-23T03:38:24Z", "logo": {"id": "", "description": null}, "roleId": "transport-supervisor", "salary": "", "solMetadata": {"searchRequestToken": "1fbcc85f-0b08-420a-aff4-558dc384500c", "token": "0~1fbcc85f-0b08-420a-aff4-558dc384500c", "jobId": "59562140", "section": "MAIN", "sectionRank": 254, "jobAdType": "ORGANIC", "tags": {"mordor__flights": "mordor_123"}}, "subClassification": {"id": "6107", "description": "Team Leaders/Supervisors"}, "suburb": "Dandenong", "suburbId": 15079, "suburbWhereValue": "Dandenong VIC 3175", "teaser": "Based at Dandenong, you will be responsible for balancing priorities, meeting deadlines and running the day to day operations of the transport area!", "title": "Assistant Transport Supervisor", "tracking": "ewogICJ0b2tlbiI6ICJmYWMyZjA5ZC1hM2E5LTlmYjItYjlkYS1hMTVmOWUzNWZlN2JfMTQiCn0=", "workType": "Full Time", "isPrivateAdvertiser": false}, {"advertiser": {"id": "27493644", "description": "Aldi Stores"}, "area": "Northern Suburbs", "areaId": 5072, "areaWhereValue": "Northern Suburbs Melbourne VIC", "automaticInclusion": false, "bulletPoints": [], "classification": {"id": "6043", "description": "Retail & Consumer Products"}, "companyName": "ALDI", "companyProfileStructuredDataId": 5197, "displayType": "standard", "listingDateDisplay": "12d ago", "location": "Melbourne", "locationId": 1002, "locationWhereValue": "All Melbourne VIC", "id": 59577607, "isPremium": false, "isStandOut": false, "jobLocation": {"label": "Heidelberg, Melbourne VIC", "countryCode": "AU", "seoHierarchy": [{"contextualName": "Heidelberg VIC 3084"}, {"contextualName": "All Melbourne VIC"}]}, "listingDate": "2022-12-29T23:43:55Z", "logo": {"id": "", "description": null}, "roleId": "store-manager", "salary": "", "solMetadata": {"searchRequestToken": "1fbcc85f-0b08-420a-aff4-558dc384500c", "token": "0~1fbcc85f-0b08-420a-aff4-558dc384500c", "jobId": "59577607", "section": "MAIN", "sectionRank": 255, "jobAdType": "ORGANIC", "tags": {"mordor__flights": "mordor_123"}}, "subClassification": {"id": "6047", "description": "Management - Store"}, "suburb": "Heidelberg", "suburbId": 23158, "suburbWhereValue": "Heidelberg VIC 3084", "teaser": "From driving sales targets to supervising the training and development of a close-knit team, the role of an ALDI Store Manager is diverse and dynamic.", "title": "Store Manager - Warringal", "tracking": "ewogICJ0b2tlbiI6ICJmYWMyZjA5ZC1hM2E5LTlmYjItYjlkYS1hMTVmOWUzNWZlN2JfMTUiCn0=", "workType": "Full Time", "isPrivateAdvertiser": false}, {"advertiser": {"id": "27493644", "description": "Aldi Stores"}, "area": "CBD, Inner West & Eastern Suburbs", "areaId": 5027, "areaWhereValue": "Sydney CBD, Inner West & Eastern Suburbs Sydney NSW", "automaticInclusion": false, "bulletPoints": [], "classification": {"id": "6043", "description": "Retail & Consumer Products"}, "companyName": "ALDI", "companyProfileStructuredDataId": 5197, "displayType": "standard", "listingDateDisplay": "26d ago", "location": "Sydney", "locationId": 1000, "locationWhereValue": "All Sydney NSW", "id": 59508225, "isPremium": false, "isStandOut": false, "jobLocation": {"label": "Eastgardens, Sydney NSW", "countryCode": "AU", "seoHierarchy": [{"contextualName": "Eastgardens NSW 2036"}, {"contextualName": "All Sydney NSW"}]}, "listingDate": "2022-12-16T04:31:20Z", "logo": {"id": "", "description": null}, "roleId": "retail-sales-assistant", "salary": "Fast paced, team work, permanent part time.", "solMetadata": {"searchRequestToken": "1fbcc85f-0b08-420a-aff4-558dc384500c", "token": "0~1fbcc85f-0b08-420a-aff4-558dc384500c", "jobId": "59508225", "section": "MAIN", "sectionRank": 256, "jobAdType": "ORGANIC", "tags": {"mordor__flights": "mordor_123"}}, "subClassification": {"id": "6050", "description": "Retail Assistants"}, "suburb": "Eastgardens", "suburbId": 19897, "suburbWhereValue": "Eastgardens NSW 2036", "teaser": "Whether they\u2019re racing to fill shelves or scanning through customers, our Retail Assistants can do everything and anything.", "title": "Retail Assistant - Bayside Council Area Sydney", "tracking": "ewogICJ0b2tlbiI6ICJmYWMyZjA5ZC1hM2E5LTlmYjItYjlkYS1hMTVmOWUzNWZlN2JfMTYiCn0=", "workType": "Part Time", "isPrivateAdvertiser": false}, {"advertiser": {"id": "27631710", "description": "ALDI Stores"}, "automaticInclusion": false, "branding": {"id": "9b144343-530f-0eb7-306e-1e80f4e30aad", "assets": {"logo": {"strategies": {"jdpLogo": "https://bx-branding-gateway.cloud.seek.com.au/9b144343-530f-0eb7-306e-1e80f4e30aad/jdpLogo", "serpLogo": "https://bx-branding-gateway.cloud.seek.com.au/9b144343-530f-0eb7-306e-1e80f4e30aad/serpLogo"}}}}, "bulletPoints": ["Permanent Contract", "First class Trucks", "Immediate start and safe working environment"], "classification": {"id": "6092", "description": "Manufacturing, Transport & Logistics"}, "companyName": "ALDI", "companyProfileStructuredDataId": 5197, "displayType": "standout", "listingDateDisplay": "13d ago", "location": "Adelaide", "locationId": 1007, "locationWhereValue": "All Adelaide SA", "id": 59575885, "isPremium": false, "isStandOut": true, "jobLocation": {"label": "Regency Park, Adelaide SA", "countryCode": "AU", "seoHierarchy": [{"contextualName": "Regency Park SA 5010"}, {"contextualName": "All Adelaide SA"}]}, "listingDate": "2022-12-29T07:23:27Z", "logo": {"id": "", "description": null}, "roleId": "truckdriver", "salary": "$31 - $36 per hour", "solMetadata": {"searchRequestToken": "1fbcc85f-0b08-420a-aff4-558dc384500c", "token": "0~1fbcc85f-0b08-420a-aff4-558dc384500c", "jobId": "59575885", "section": "MAIN", "sectionRank": 257, "jobAdType": "ORGANIC", "tags": {"mordor__flights": "mordor_123"}}, "subClassification": {"id": "6111", "description": "Road Transport"}, "suburb": "Regency Park", "suburbId": 12260, "suburbWhereValue": "Regency Park SA 5010", "teaser": "We are hiring Truck Drivers for our ALDI Distribution Centres across Australia!", "title": "Truck Driver", "tracking": "ewogICJ0b2tlbiI6ICJmYWMyZjA5ZC1hM2E5LTlmYjItYjlkYS1hMTVmOWUzNWZlN2JfMTciCn0=", "workType": "Part Time", "isPrivateAdvertiser": false}, {"advertiser": {"id": "27493644", "description": "Aldi Stores"}, "automaticInclusion": false, "bulletPoints": [], "classification": {"id": "6043", "description": "Retail & Consumer Products"}, "companyName": "ALDI", "companyProfileStructuredDataId": 5197, "displayType": "standard", "listingDateDisplay": "6d ago", "location": "Wollongong, Illawarra & South Coast", "locationId": 5038, "locationWhereValue": "Wollongong, Illawarra & South Coast NSW", "id": 59618845, "isPremium": false, "isStandOut": false, "jobLocation": {"label": "Vincentia, Wollongong, Illawarra & South Coast NSW", "countryCode": "AU", "seoHierarchy": [{"contextualName": "Vincentia NSW 2540"}, {"contextualName": "Wollongong, Illawarra & South Coast NSW"}]}, "listingDate": "2023-01-05T06:27:42Z", "logo": {"id": "", "description": null}, "roleId": "store-manager", "salary": "", "solMetadata": {"searchRequestToken": "1fbcc85f-0b08-420a-aff4-558dc384500c", "token": "0~1fbcc85f-0b08-420a-aff4-558dc384500c", "jobId": "59618845", "section": "MAIN", "sectionRank": 258, "jobAdType": "ORGANIC", "tags": {"mordor__flights": "mordor_123"}}, "subClassification": {"id": "6047", "description": "Management - Store"}, "suburb": "Vincentia", "suburbId": 21603, "suburbWhereValue": "Vincentia NSW 2540", "teaser": "From driving sales and controlling costs, to serving customers & training staff, our Duty Store Managers always lead from the front.", "title": "Duty Store Manager (DSM) - Vincentia", "tracking": "ewogICJ0b2tlbiI6ICJmYWMyZjA5ZC1hM2E5LTlmYjItYjlkYS1hMTVmOWUzNWZlN2JfMTgiCn0=", "workType": "Part Time", "isPrivateAdvertiser": false}, {"advertiser": {"id": "27493644", "description": "Aldi Stores"}, "area": "North Shore & Northern Beaches", "areaId": 5028, "areaWhereValue": "North Shore & Northern Beaches Sydney NSW", "automaticInclusion": false, "bulletPoints": [], "classification": {"id": "6043", "description": "Retail & Consumer Products"}, "companyName": "ALDI", "companyProfileStructuredDataId": 5197, "displayType": "standard", "listingDateDisplay": "14d ago", "location": "Sydney", "locationId": 1000, "locationWhereValue": "All Sydney NSW", "id": 59569041, "isPremium": false, "isStandOut": false, "jobLocation": {"label": "Dee Why, Sydney NSW", "countryCode": "AU", "seoHierarchy": [{"contextualName": "Dee Why NSW 2099"}, {"contextualName": "All Sydney NSW"}]}, "listingDate": "2022-12-27T22:52:28Z", "logo": {"id": "", "description": null}, "roleId": "store-manager", "salary": "", "solMetadata": {"searchRequestToken": "1fbcc85f-0b08-420a-aff4-558dc384500c", "token": "0~1fbcc85f-0b08-420a-aff4-558dc384500c", "jobId": "59569041", "section": "MAIN", "sectionRank": 259, "jobAdType": "ORGANIC", "tags": {"mordor__flights": "mordor_123"}}, "subClassification": {"id": "6047", "description": "Management - Store"}, "suburb": "Dee Why", "suburbId": 15167, "suburbWhereValue": "Dee Why NSW 2099", "teaser": "From driving sales targets to supervising the training and development of a close-knit team, the role of an ALDI Store Manager is diverse and dynamic.", "title": "Store Manager -  Sydney Northern Beaches - 45 hours p/w", "tracking": "ewogICJ0b2tlbiI6ICJmYWMyZjA5ZC1hM2E5LTlmYjItYjlkYS1hMTVmOWUzNWZlN2JfMTkiCn0=", "workType": "Full Time", "isPrivateAdvertiser": false}, {"advertiser": {"id": "27493644", "description": "Aldi Stores"}, "automaticInclusion": false, "bulletPoints": [], "classification": {"id": "6043", "description": "Retail & Consumer Products"}, "companyName": "ALDI", "companyProfileStructuredDataId": 5197, "displayType": "standard", "listingDateDisplay": "20d ago", "location": "Newcastle, Maitland & Hunter", "locationId": 5045, "locationWhereValue": "Newcastle, Maitland & Hunter NSW", "id": 59554549, "isPremium": false, "isStandOut": false, "jobLocation": {"label": "Salamander Bay, Newcastle, Maitland & Hunter NSW", "countryCode": "AU", "seoHierarchy": [{"contextualName": "Salamander Bay NSW 2317"}, {"contextualName": "Newcastle, Maitland & Hunter NSW"}]}, "listingDate": "2022-12-22T05:43:55Z", "logo": {"id": "", "description": null}, "roleId": "retail-sales-assistant", "salary": "", "solMetadata": {"searchRequestToken": "1fbcc85f-0b08-420a-aff4-558dc384500c", "token": "0~1fbcc85f-0b08-420a-aff4-558dc384500c", "jobId": "59554549", "section": "MAIN", "sectionRank": 260, "jobAdType": "ORGANIC", "tags": {"mordor__flights": "mordor_123"}}, "subClassification": {"id": "6050", "description": "Retail Assistants"}, "suburb": "Salamander Bay", "suburbId": 12622, "suburbWhereValue": "Salamander Bay NSW 2317", "teaser": "Whether they\u2019re racing to fill shelves or scanning through customers, our Retail Assistants can do everything and anything.", "title": "Retail Assistant -Salamander Bay", "tracking": "ewogICJ0b2tlbiI6ICJmYWMyZjA5ZC1hM2E5LTlmYjItYjlkYS1hMTVmOWUzNWZlN2JfMjAiCn0=", "workType": "Part Time", "isPrivateAdvertiser": false}], "title": "Jobs in All Australia", "totalCount": 417, "paginationParameters": {"seekSelectAllPages": true, "hadPremiumListings": false}, "info": {"timeTaken": 54, "source": "JobSearch-sm", "experiment": "mordor_123"}, "userQueryId": "a3f7e6f85be73fd8fe2e3d5ea92001b7-7335003", "sortMode": [{"isActive": true, "name": "Relevance", "value": "KeywordRelevance"}, {"isActive": false, "name": "Date", "value": "ListedDate"}], "solMetadata": {"requestToken": "1fbcc85f-0b08-420a-aff4-558dc384500c", "token": "0~1fbcc85f-0b08-420a-aff4-558dc384500c", "sortMode": "RELEVANCE", "locations": ["seek-3000"], "locationDistance": 50, "employer": "ALDI", "pageSize": 20, "pageNumber": 13, "totalJobCount": 417, "tags": {"mordor__flights": "mordor_123", "chalice-search-api:solId": "c00c353f-a376-4b96-b397-16e262dbd3d3"}}, "location": {"matched": true, "whereId": 3000, "type": "Country", "suburbType": "rural", "description": "All Australia", "stateDescription": "", "locationId": 3000, "locationDescription": "", "areaId": 0, "areaDescription": "", "suburbParentDescription": ""}, "canonicalCompany": {"id": "5197", "description": "ALDI"}, "companySuggestion": {"search": {"keywords": "ALDI"}, "count": "461"}, "joraCrossLink": {"canCrossLink": false}, "searchParams": {"sitekey": "AU-Main", "sourcesystem": "houston", "userqueryid": "a3f7e6f85be73fd8fe2e3d5ea92001b7-7335003", "userid": "5959404e-631e-45a1-bb3b-2ae481757cf6", "usersessionid": "5959404e-631e-45a1-bb3b-2ae481757cf6", "eventcapturesessionid": "5959404e-631e-45a1-bb3b-2ae481757cf6", "where": "All Australia", "page": "13", "seekselectallpages": "true", "companyname": "ALDI", "include": "seodata", "solid": "c00c353f-a376-4b96-b397-16e262dbd3d3"}}