{"data": [{"advertiser": {"id": "27493644", "description": "Aldi Stores"}, "area": "CBD & Inner Suburbs", "areaId": 5069, "areaWhereValue": "Melbourne CBD & Inner Suburbs Melbourne VIC", "automaticInclusion": false, "bulletPoints": [], "classification": {"id": "6043", "description": "Retail & Consumer Products"}, "companyName": "ALDI", "companyProfileStructuredDataId": 5197, "displayType": "standard", "listingDateDisplay": "5d ago", "location": "Melbourne", "locationId": 1002, "locationWhereValue": "All Melbourne VIC", "id": 59628125, "isPremium": false, "isStandOut": false, "jobLocation": {"label": "Abbotsford, Melbourne VIC", "countryCode": "AU", "seoHierarchy": [{"contextualName": "Abbotsford VIC 3067"}, {"contextualName": "All Melbourne VIC"}]}, "listingDate": "2023-01-06T05:07:47Z", "logo": {"id": "", "description": null}, "roleId": "retail-sales-assistant", "salary": "Fast paced, team work, long term career potential!", "solMetadata": {"searchRequestToken": "c432b5d4-c971-4ceb-b8a2-d8371f42441e", "token": "0~c432b5d4-c971-4ceb-b8a2-d8371f42441e", "jobId": "59628125", "section": "MAIN", "sectionRank": 21, "jobAdType": "ORGANIC", "tags": {"mordor__flights": "mordor_123"}}, "subClassification": {"id": "6050", "description": "Retail Assistants"}, "suburb": "Abbotsford", "suburbId": 11025, "suburbWhereValue": "Abbotsford VIC 3067", "teaser": "Whether they\u2019re racing to fill shelves or scanning through customers, our Retail Assistants can do everything and anything.", "title": "Retail Assistant - Abbotsford", "tracking": "ewogICJ0b2tlbiI6ICI5ZjQ0ZTI1Yy1lYmYyLTkyYWQtOTk1ZC01ZmU2ZDg2MWJlNjZfMSIKfQ==", "workType": "Part Time", "isPrivateAdvertiser": false}, {"advertiser": {"id": "27493644", "description": "Aldi Stores"}, "area": "CBD & Inner Suburbs", "areaId": 5069, "areaWhereValue": "Melbourne CBD & Inner Suburbs Melbourne VIC", "automaticInclusion": false, "bulletPoints": [], "classification": {"id": "6043", "description": "Retail & Consumer Products"}, "companyName": "ALDI", "companyProfileStructuredDataId": 5197, "displayType": "standard", "listingDateDisplay": "5d ago", "location": "Melbourne", "locationId": 1002, "locationWhereValue": "All Melbourne VIC", "id": 59628630, "isPremium": false, "isStandOut": false, "jobLocation": {"label": "South Melbourne, Melbourne VIC", "countryCode": "AU", "seoHierarchy": [{"contextualName": "South Melbourne VIC 3205"}, {"contextualName": "All Melbourne VIC"}]}, "listingDate": "2023-01-06T05:40:39Z", "logo": {"id": "", "description": null}, "roleId": "retail-sales-assistant", "salary": "Team Work, Hands-On, Permanent Part Time.", "solMetadata": {"searchRequestToken": "c432b5d4-c971-4ceb-b8a2-d8371f42441e", "token": "0~c432b5d4-c971-4ceb-b8a2-d8371f42441e", "jobId": "59628630", "section": "MAIN", "sectionRank": 22, "jobAdType": "ORGANIC", "tags": {"mordor__flights": "mordor_123"}}, "subClassification": {"id": "6050", "description": "Retail Assistants"}, "suburb": "South Melbourne", "suburbId": 15897, "suburbWhereValue": "South Melbourne VIC 3205", "teaser": "Whether they\u2019re racing to fill shelves or scanning through customers, our Retail Assistants can do everything and anything.", "title": "Retail Assistant -  South Melbourne", "tracking": "ewogICJ0b2tlbiI6ICI5ZjQ0ZTI1Yy1lYmYyLTkyYWQtOTk1ZC01ZmU2ZDg2MWJlNjZfMiIKfQ==", "workType": "Part Time", "isPrivateAdvertiser": false}, {"advertiser": {"id": "27493644", "description": "Aldi Stores"}, "area": "Bayside & South Eastern Suburbs", "areaId": 5070, "areaWhereValue": "Bayside & South Eastern Suburbs Melbourne VIC", "automaticInclusion": false, "bulletPoints": [], "classification": {"id": "6092", "description": "Manufacturing, Transport & Logistics"}, "companyName": "ALDI", "companyProfileStructuredDataId": 5197, "displayType": "standard", "listingDateDisplay": "2d ago", "location": "Melbourne", "locationId": 1002, "locationWhereValue": "All Melbourne VIC", "id": 59636043, "isPremium": false, "isStandOut": false, "jobLocation": {"label": "Dandenong, Melbourne VIC", "countryCode": "AU", "seoHierarchy": [{"contextualName": "Dandenong VIC 3175"}, {"contextualName": "All Melbourne VIC"}]}, "listingDate": "2023-01-08T22:01:36Z", "logo": {"id": "", "description": null}, "roleId": "warehouse-operator", "salary": "", "solMetadata": {"searchRequestToken": "c432b5d4-c971-4ceb-b8a2-d8371f42441e", "token": "0~c432b5d4-c971-4ceb-b8a2-d8371f42441e", "jobId": "59636043", "section": "MAIN", "sectionRank": 23, "jobAdType": "ORGANIC", "tags": {"mordor__flights": "mordor_123"}}, "subClassification": {"id": "6108", "description": "Warehousing, Storage & Distribution"}, "suburb": "Dandenong", "suburbId": 15079, "suburbWhereValue": "Dandenong VIC 3175", "teaser": "Our energetic Warehouse Pickers are responsible for accurately picking and dispatching goods, managing orders and controlling stock levels.", "title": "Warehouse Operator", "tracking": "ewogICJ0b2tlbiI6ICI5ZjQ0ZTI1Yy1lYmYyLTkyYWQtOTk1ZC01ZmU2ZDg2MWJlNjZfMyIKfQ==", "workType": "Part Time", "isPrivateAdvertiser": false}, {"advertiser": {"id": "27493644", "description": "Aldi Stores"}, "automaticInclusion": false, "bulletPoints": [], "classification": {"id": "6043", "description": "Retail & Consumer Products"}, "companyName": "ALDI", "companyProfileStructuredDataId": 5197, "displayType": "standard", "listingDateDisplay": "2d ago", "location": "Riverland & Murray Mallee", "locationId": 5018, "locationWhereValue": "Riverland & Murray Mallee SA", "id": 59646325, "isPremium": false, "isStandOut": false, "jobLocation": {"label": "Berri, Riverland & Murray Mallee SA", "countryCode": "AU", "seoHierarchy": [{"contextualName": "Berri SA 5343"}, {"contextualName": "Riverland & Murray Mallee SA"}]}, "listingDate": "2023-01-09T03:50:59Z", "logo": {"id": "", "description": null}, "roleId": "retail-sales-assistant", "salary": "", "solMetadata": {"searchRequestToken": "c432b5d4-c971-4ceb-b8a2-d8371f42441e", "token": "0~c432b5d4-c971-4ceb-b8a2-d8371f42441e", "jobId": "59646325", "section": "MAIN", "sectionRank": 24, "jobAdType": "ORGANIC", "tags": {"mordor__flights": "mordor_123"}}, "subClassification": {"id": "6050", "description": "Retail Assistants"}, "suburb": "Berri", "suburbId": 17432, "suburbWhereValue": "Berri SA 5343", "teaser": "Whether they\u2019re racing to fill shelves or scanning through customers, our Retail Assistants can do everything and anything.", "title": "Retail Assistant - Berri", "tracking": "ewogICJ0b2tlbiI6ICI5ZjQ0ZTI1Yy1lYmYyLTkyYWQtOTk1ZC01ZmU2ZDg2MWJlNjZfNCIKfQ==", "workType": "Part Time", "isPrivateAdvertiser": false}, {"advertiser": {"id": "27493644", "description": "Aldi Stores"}, "area": "Northern Suburbs", "areaId": 5072, "areaWhereValue": "Northern Suburbs Melbourne VIC", "automaticInclusion": false, "bulletPoints": [], "classification": {"id": "6043", "description": "Retail & Consumer Products"}, "companyName": "ALDI", "companyProfileStructuredDataId": 5197, "displayType": "standard", "listingDateDisplay": "5d ago", "location": "Melbourne", "locationId": 1002, "locationWhereValue": "All Melbourne VIC", "id": 59628916, "isPremium": false, "isStandOut": false, "jobLocation": {"label": "Broadmeadows, Melbourne VIC", "countryCode": "AU", "seoHierarchy": [{"contextualName": "Broadmeadows VIC 3047"}, {"contextualName": "All Melbourne VIC"}]}, "listingDate": "2023-01-06T05:59:58Z", "logo": {"id": "", "description": null}, "roleId": "retail-sales-assistant", "salary": "", "solMetadata": {"searchRequestToken": "c432b5d4-c971-4ceb-b8a2-d8371f42441e", "token": "0~c432b5d4-c971-4ceb-b8a2-d8371f42441e", "jobId": "59628916", "section": "MAIN", "sectionRank": 25, "jobAdType": "ORGANIC", "tags": {"mordor__flights": "mordor_123"}}, "subClassification": {"id": "6050", "description": "Retail Assistants"}, "suburb": "Broadmeadows", "suburbId": 18120, "suburbWhereValue": "Broadmeadows VIC 3047", "teaser": "Whether they\u2019re racing to fill shelves or scanning through customers, our Retail Assistants can do everything and anything.", "title": "Retail Assistant - Broadmeadows", "tracking": "ewogICJ0b2tlbiI6ICI5ZjQ0ZTI1Yy1lYmYyLTkyYWQtOTk1ZC01ZmU2ZDg2MWJlNjZfNSIKfQ==", "workType": "Part Time", "isPrivateAdvertiser": false}, {"advertiser": {"id": "27493644", "description": "Aldi Stores"}, "area": "Northern Suburbs", "areaId": 5072, "areaWhereValue": "Northern Suburbs Melbourne VIC", "automaticInclusion": false, "bulletPoints": [], "classification": {"id": "6043", "description": "Retail & Consumer Products"}, "companyName": "ALDI", "companyProfileStructuredDataId": 5197, "displayType": "standard", "listingDateDisplay": "5d ago", "location": "Melbourne", "locationId": 1002, "locationWhereValue": "All Melbourne VIC", "id": 59626965, "isPremium": false, "isStandOut": false, "jobLocation": {"label": "Coburg, Melbourne VIC", "countryCode": "AU", "seoHierarchy": [{"contextualName": "Coburg VIC 3058"}, {"contextualName": "All Melbourne VIC"}]}, "listingDate": "2023-01-06T04:05:38Z", "logo": {"id": "", "description": null}, "roleId": "retail-sales-assistant", "salary": "Long term career opportunity for driven people!", "solMetadata": {"searchRequestToken": "c432b5d4-c971-4ceb-b8a2-d8371f42441e", "token": "0~c432b5d4-c971-4ceb-b8a2-d8371f42441e", "jobId": "59626965", "section": "MAIN", "sectionRank": 26, "jobAdType": "ORGANIC", "tags": {"mordor__flights": "mordor_123"}}, "subClassification": {"id": "6050", "description": "Retail Assistants"}, "suburb": "Coburg", "suburbId": 14403, "suburbWhereValue": "Coburg VIC 3058", "teaser": "Whether they\u2019re racing to fill shelves or scanning through customers, our Retail Assistants can do everything and anything.", "title": "Retail Assistant - Coburg North", "tracking": "ewogICJ0b2tlbiI6ICI5ZjQ0ZTI1Yy1lYmYyLTkyYWQtOTk1ZC01ZmU2ZDg2MWJlNjZfNiIKfQ==", "workType": "Part Time", "isPrivateAdvertiser": false}, {"advertiser": {"id": "27493644", "description": "Aldi Stores"}, "area": "Northern Suburbs", "areaId": 5072, "areaWhereValue": "Northern Suburbs Melbourne VIC", "automaticInclusion": false, "bulletPoints": [], "classification": {"id": "6043", "description": "Retail & Consumer Products"}, "companyName": "ALDI", "companyProfileStructuredDataId": 5197, "displayType": "standard", "listingDateDisplay": "5d ago", "location": "Melbourne", "locationId": 1002, "locationWhereValue": "All Melbourne VIC", "id": 59628562, "isPremium": false, "isStandOut": false, "jobLocation": {"label": "Northcote, Melbourne VIC", "countryCode": "AU", "seoHierarchy": [{"contextualName": "Northcote VIC 3070"}, {"contextualName": "All Melbourne VIC"}]}, "listingDate": "2023-01-06T05:35:50Z", "logo": {"id": "", "description": null}, "roleId": "retail-sales-assistant", "salary": "Long term career progression opportunities.", "solMetadata": {"searchRequestToken": "c432b5d4-c971-4ceb-b8a2-d8371f42441e", "token": "0~c432b5d4-c971-4ceb-b8a2-d8371f42441e", "jobId": "59628562", "section": "MAIN", "sectionRank": 27, "jobAdType": "ORGANIC", "tags": {"mordor__flights": "mordor_123"}}, "subClassification": {"id": "6050", "description": "Retail Assistants"}, "suburb": "Northcote", "suburbId": 24032, "suburbWhereValue": "Northcote VIC 3070", "teaser": "Whether they\u2019re racing to fill shelves or scanning through customers, our Retail Assistants can do everything and anything.", "title": "Retail Assistant - Northcote", "tracking": "ewogICJ0b2tlbiI6ICI5ZjQ0ZTI1Yy1lYmYyLTkyYWQtOTk1ZC01ZmU2ZDg2MWJlNjZfNyIKfQ==", "workType": "Part Time", "isPrivateAdvertiser": false}, {"advertiser": {"id": "27493644", "description": "Aldi Stores"}, "automaticInclusion": false, "bulletPoints": [], "classification": {"id": "6043", "description": "Retail & Consumer Products"}, "companyName": "ALDI", "companyProfileStructuredDataId": 5197, "displayType": "standard", "listingDateDisplay": "2d ago", "location": "Wollongong, Illawarra & South Coast", "locationId": 5038, "locationWhereValue": "Wollongong, Illawarra & South Coast NSW", "id": 59650284, "isPremium": false, "isStandOut": false, "jobLocation": {"label": "Ulladulla, Wollongong, Illawarra & South Coast NSW", "countryCode": "AU", "seoHierarchy": [{"contextualName": "Ulladulla NSW 2539"}, {"contextualName": "Wollongong, Illawarra & South Coast NSW"}]}, "listingDate": "2023-01-09T05:50:54Z", "logo": {"id": "", "description": null}, "roleId": "retail-sales-assistant", "salary": "", "solMetadata": {"searchRequestToken": "c432b5d4-c971-4ceb-b8a2-d8371f42441e", "token": "0~c432b5d4-c971-4ceb-b8a2-d8371f42441e", "jobId": "59650284", "section": "MAIN", "sectionRank": 28, "jobAdType": "ORGANIC", "tags": {"mordor__flights": "mordor_123"}}, "subClassification": {"id": "6050", "description": "Retail Assistants"}, "suburb": "Ulladulla", "suburbId": 21406, "suburbWhereValue": "Ulladulla NSW 2539", "teaser": "Whether they\u2019re racing to fill shelves or scanning through customers, our Retail Assistants can do everything and anything.", "title": "Retail Assistant - Ulladulla", "tracking": "ewogICJ0b2tlbiI6ICI5ZjQ0ZTI1Yy1lYmYyLTkyYWQtOTk1ZC01ZmU2ZDg2MWJlNjZfOCIKfQ==", "workType": "Part Time", "isPrivateAdvertiser": false}, {"advertiser": {"id": "27493644", "description": "Aldi Stores"}, "area": "Parramatta & Western Suburbs", "areaId": 5030, "areaWhereValue": "Parramatta & Western Suburbs Sydney NSW", "automaticInclusion": false, "bulletPoints": [], "classification": {"id": "6251", "description": "Administration & Office Support"}, "companyName": "ALDI", "companyProfileStructuredDataId": 5197, "displayType": "standard", "listingDateDisplay": "8d ago", "location": "Sydney", "locationId": 1000, "locationWhereValue": "All Sydney NSW", "id": 59592713, "isPremium": false, "isStandOut": false, "jobLocation": {"label": "Minchinbury, Sydney NSW", "countryCode": "AU", "seoHierarchy": [{"contextualName": "Minchinbury NSW 2770"}, {"contextualName": "All Sydney NSW"}]}, "listingDate": "2023-01-03T03:32:22Z", "logo": {"id": "", "description": null}, "roleId": "project-assistant", "salary": "$90,000 - $100,000 including super", "solMetadata": {"searchRequestToken": "c432b5d4-c971-4ceb-b8a2-d8371f42441e", "token": "0~c432b5d4-c971-4ceb-b8a2-d8371f42441e", "jobId": "59592713", "section": "MAIN", "sectionRank": 29, "jobAdType": "ORGANIC", "tags": {"mordor__flights": "mordor_123"}}, "subClassification": {"id": "6252", "description": "Administrative Assistants"}, "suburb": "Minchinbury", "suburbId": 18808, "suburbWhereValue": "Minchinbury NSW 2770", "teaser": "The ALDI National Buying department are looking for a Project Assistant to provide support in the delivery and execution of projects.", "title": "Project Assistant", "tracking": "ewogICJ0b2tlbiI6ICI5ZjQ0ZTI1Yy1lYmYyLTkyYWQtOTk1ZC01ZmU2ZDg2MWJlNjZfOSIKfQ==", "workType": "Full Time", "isPrivateAdvertiser": false}, {"advertiser": {"id": "27493644", "description": "Aldi Stores"}, "area": "Bayside & South Eastern Suburbs", "areaId": 5070, "areaWhereValue": "Bayside & South Eastern Suburbs Melbourne VIC", "automaticInclusion": false, "bulletPoints": [], "classification": {"id": "6043", "description": "Retail & Consumer Products"}, "companyName": "ALDI", "companyProfileStructuredDataId": 5197, "displayType": "standard", "listingDateDisplay": "5d ago", "location": "Melbourne", "locationId": 1002, "locationWhereValue": "All Melbourne VIC", "id": 59628134, "isPremium": false, "isStandOut": false, "jobLocation": {"label": "Carrum Downs, Melbourne VIC", "countryCode": "AU", "seoHierarchy": [{"contextualName": "Carrum Downs VIC 3201"}, {"contextualName": "All Melbourne VIC"}]}, "listingDate": "2023-01-06T05:08:24Z", "logo": {"id": "", "description": null}, "roleId": "retail-sales-assistant", "salary": "", "solMetadata": {"searchRequestToken": "c432b5d4-c971-4ceb-b8a2-d8371f42441e", "token": "0~c432b5d4-c971-4ceb-b8a2-d8371f42441e", "jobId": "59628134", "section": "MAIN", "sectionRank": 30, "jobAdType": "ORGANIC", "tags": {"mordor__flights": "mordor_123"}}, "subClassification": {"id": "6050", "description": "Retail Assistants"}, "suburb": "Carrum Downs", "suburbId": 22664, "suburbWhereValue": "Carrum Downs VIC 3201", "teaser": "Whether they\u2019re racing to fill shelves or scanning through customers, our Retail Assistants can do everything and anything.", "title": "Retail Assistant - Carrum Downs", "tracking": "ewogICJ0b2tlbiI6ICI5ZjQ0ZTI1Yy1lYmYyLTkyYWQtOTk1ZC01ZmU2ZDg2MWJlNjZfMTAiCn0=", "workType": "Part Time", "isPrivateAdvertiser": false}, {"advertiser": {"id": "27493644", "description": "Aldi Stores"}, "automaticInclusion": false, "bulletPoints": [], "classification": {"id": "6043", "description": "Retail & Consumer Products"}, "companyName": "ALDI", "companyProfileStructuredDataId": 5197, "displayType": "standard", "listingDateDisplay": "5h ago", "location": "South West Coast VIC", "locationId": 5068, "locationWhereValue": "South West Coast VIC", "id": 59673217, "isPremium": false, "isStandOut": false, "jobLocation": {"label": "Torquay, South West Coast VIC", "countryCode": "AU", "seoHierarchy": [{"contextualName": "Torquay VIC 3228"}, {"contextualName": "South West Coast VIC"}]}, "listingDate": "2023-01-10T22:01:13Z", "logo": {"id": "", "description": null}, "roleId": "retail-sales-assistant", "salary": "", "solMetadata": {"searchRequestToken": "c432b5d4-c971-4ceb-b8a2-d8371f42441e", "token": "0~c432b5d4-c971-4ceb-b8a2-d8371f42441e", "jobId": "59673217", "section": "MAIN", "sectionRank": 31, "jobAdType": "ORGANIC", "tags": {"mordor__flights": "mordor_123"}}, "subClassification": {"id": "6050", "description": "Retail Assistants"}, "suburb": "Torquay", "suburbId": 21192, "suburbWhereValue": "Torquay VIC 3228", "teaser": "Whether they\u2019re racing to fill shelves or scanning through customers, our Retail Assistants can do everything and anything.", "title": "Retail Assistant - Torquay", "tracking": "ewogICJ0b2tlbiI6ICI5ZjQ0ZTI1Yy1lYmYyLTkyYWQtOTk1ZC01ZmU2ZDg2MWJlNjZfMTEiCn0=", "workType": "Part Time", "isPrivateAdvertiser": false}, {"advertiser": {"id": "27493644", "description": "Aldi Stores"}, "automaticInclusion": false, "bulletPoints": [], "classification": {"id": "6043", "description": "Retail & Consumer Products"}, "companyName": "ALDI", "companyProfileStructuredDataId": 5197, "displayType": "standard", "listingDateDisplay": "1d ago", "location": "Southern Highlands & Tablelands", "locationId": 5035, "locationWhereValue": "Southern Highlands & Tablelands NSW", "id": 59661727, "isPremium": false, "isStandOut": false, "jobLocation": {"label": "Yass, Southern Highlands & Tablelands NSW", "countryCode": "AU", "seoHierarchy": [{"contextualName": "Yass NSW 2582"}, {"contextualName": "Southern Highlands & Tablelands NSW"}]}, "listingDate": "2023-01-10T01:53:17Z", "logo": {"id": "", "description": null}, "roleId": "retail-sales-assistant", "salary": "", "solMetadata": {"searchRequestToken": "c432b5d4-c971-4ceb-b8a2-d8371f42441e", "token": "0~c432b5d4-c971-4ceb-b8a2-d8371f42441e", "jobId": "59661727", "section": "MAIN", "sectionRank": 32, "jobAdType": "ORGANIC", "tags": {"mordor__flights": "mordor_123"}}, "subClassification": {"id": "6050", "description": "Retail Assistants"}, "suburb": "Yass", "suburbId": 10769, "suburbWhereValue": "Yass NSW 2582", "teaser": "Whether they\u2019re racing to fill shelves or scanning through customers, our Retail Assistants can do everything and anything.", "title": "Retail Assistant - YASS - 10.5 hours p/w", "tracking": "ewogICJ0b2tlbiI6ICI5ZjQ0ZTI1Yy1lYmYyLTkyYWQtOTk1ZC01ZmU2ZDg2MWJlNjZfMTIiCn0=", "workType": "Part Time", "isPrivateAdvertiser": false}, {"advertiser": {"id": "27493644", "description": "Aldi Stores"}, "area": "Southern Suburbs & Sutherland Shire", "areaId": 5032, "areaWhereValue": "Southern Suburbs & Sutherland Shire Sydney NSW", "automaticInclusion": false, "bulletPoints": [], "classification": {"id": "6043", "description": "Retail & Consumer Products"}, "companyName": "ALDI", "companyProfileStructuredDataId": 5197, "displayType": "standard", "listingDateDisplay": "5d ago", "location": "Sydney", "locationId": 1000, "locationWhereValue": "All Sydney NSW", "id": 59625264, "isPremium": false, "isStandOut": false, "jobLocation": {"label": "Canterbury, Sydney NSW", "countryCode": "AU", "seoHierarchy": [{"contextualName": "Canterbury NSW 2193"}, {"contextualName": "All Sydney NSW"}]}, "listingDate": "2023-01-06T02:13:10Z", "logo": {"id": "", "description": null}, "roleId": "retail-sales-assistant", "salary": "", "solMetadata": {"searchRequestToken": "c432b5d4-c971-4ceb-b8a2-d8371f42441e", "token": "0~c432b5d4-c971-4ceb-b8a2-d8371f42441e", "jobId": "59625264", "section": "MAIN", "sectionRank": 33, "jobAdType": "ORGANIC", "tags": {"mordor__flights": "mordor_123"}}, "subClassification": {"id": "6050", "description": "Retail Assistants"}, "suburb": "Canterbury", "suburbId": 22521, "suburbWhereValue": "Canterbury NSW 2193", "teaser": "Whether they\u2019re racing to fill shelves or scanning through customers, our Retail Assistants can do everything and anything.", "title": "Retail Assistant - ALDI Canterbury", "tracking": "ewogICJ0b2tlbiI6ICI5ZjQ0ZTI1Yy1lYmYyLTkyYWQtOTk1ZC01ZmU2ZDg2MWJlNjZfMTMiCn0=", "workType": "Part Time", "isPrivateAdvertiser": false}, {"advertiser": {"id": "27493644", "description": "Aldi Stores"}, "area": "Western Suburbs", "areaId": 5073, "areaWhereValue": "Western Suburbs Melbourne VIC", "automaticInclusion": false, "bulletPoints": [], "classification": {"id": "6043", "description": "Retail & Consumer Products"}, "companyName": "ALDI", "companyProfileStructuredDataId": 5197, "displayType": "standard", "listingDateDisplay": "5d ago", "location": "Melbourne", "locationId": 1002, "locationWhereValue": "All Melbourne VIC", "id": 59628166, "isPremium": false, "isStandOut": false, "jobLocation": {"label": "Airport West, Melbourne VIC", "countryCode": "AU", "seoHierarchy": [{"contextualName": "Airport West VIC 3042"}, {"contextualName": "All Melbourne VIC"}]}, "listingDate": "2023-01-06T05:09:59Z", "logo": {"id": "", "description": null}, "roleId": "retail-sales-assistant", "salary": "", "solMetadata": {"searchRequestToken": "c432b5d4-c971-4ceb-b8a2-d8371f42441e", "token": "0~c432b5d4-c971-4ceb-b8a2-d8371f42441e", "jobId": "59628166", "section": "MAIN", "sectionRank": 34, "jobAdType": "ORGANIC", "tags": {"mordor__flights": "mordor_123"}}, "subClassification": {"id": "6050", "description": "Retail Assistants"}, "suburb": "Airport West", "suburbId": 11083, "suburbWhereValue": "Airport West VIC 3042", "teaser": "Whether they\u2019re racing to fill shelves or scanning through customers, our Retail Assistants can do everything and anything.", "title": "Retail Assistant - Airport West", "tracking": "ewogICJ0b2tlbiI6ICI5ZjQ0ZTI1Yy1lYmYyLTkyYWQtOTk1ZC01ZmU2ZDg2MWJlNjZfMTQiCn0=", "workType": "Part Time", "isPrivateAdvertiser": false}, {"advertiser": {"id": "27493644", "description": "Aldi Stores"}, "area": "Northern Suburbs", "areaId": 5072, "areaWhereValue": "Northern Suburbs Melbourne VIC", "automaticInclusion": false, "bulletPoints": [], "classification": {"id": "6043", "description": "Retail & Consumer Products"}, "companyName": "ALDI", "companyProfileStructuredDataId": 5197, "displayType": "standard", "listingDateDisplay": "5d ago", "location": "Melbourne", "locationId": 1002, "locationWhereValue": "All Melbourne VIC", "id": 59627813, "isPremium": false, "isStandOut": false, "jobLocation": {"label": "Gladstone Park, Melbourne VIC", "countryCode": "AU", "seoHierarchy": [{"contextualName": "Gladstone Park VIC 3043"}, {"contextualName": "All Melbourne VIC"}]}, "listingDate": "2023-01-06T04:49:12Z", "logo": {"id": "", "description": null}, "roleId": "retail-sales-assistant", "salary": "Hands-On, Team Work, Long Term Career Potential.", "solMetadata": {"searchRequestToken": "c432b5d4-c971-4ceb-b8a2-d8371f42441e", "token": "0~c432b5d4-c971-4ceb-b8a2-d8371f42441e", "jobId": "59627813", "section": "MAIN", "sectionRank": 35, "jobAdType": "ORGANIC", "tags": {"mordor__flights": "mordor_123"}}, "subClassification": {"id": "6050", "description": "Retail Assistants"}, "suburb": "Gladstone Park", "suburbId": 20737, "suburbWhereValue": "Gladstone Park VIC 3043", "teaser": "Whether they\u2019re racing to fill shelves or scanning through customers, our Retail Assistants can do everything and anything.", "title": "Retail Assistant - Gladstone Park", "tracking": "ewogICJ0b2tlbiI6ICI5ZjQ0ZTI1Yy1lYmYyLTkyYWQtOTk1ZC01ZmU2ZDg2MWJlNjZfMTUiCn0=", "workType": "Part Time", "isPrivateAdvertiser": false}, {"advertiser": {"id": "27493644", "description": "Aldi Stores"}, "area": "Eastern Suburbs", "areaId": 5071, "areaWhereValue": "Eastern Suburbs Melbourne VIC", "automaticInclusion": false, "bulletPoints": [], "classification": {"id": "6043", "description": "Retail & Consumer Products"}, "companyName": "ALDI", "companyProfileStructuredDataId": 5197, "displayType": "standard", "listingDateDisplay": "4d ago", "location": "Melbourne", "locationId": 1002, "locationWhereValue": "All Melbourne VIC", "id": 59631710, "isPremium": false, "isStandOut": false, "jobLocation": {"label": "Wantirna, Melbourne VIC", "countryCode": "AU", "seoHierarchy": [{"contextualName": "Wantirna VIC 3152"}, {"contextualName": "All Melbourne VIC"}]}, "listingDate": "2023-01-07T02:24:12Z", "logo": {"id": "", "description": null}, "roleId": "retail-sales-assistant", "salary": "", "solMetadata": {"searchRequestToken": "c432b5d4-c971-4ceb-b8a2-d8371f42441e", "token": "0~c432b5d4-c971-4ceb-b8a2-d8371f42441e", "jobId": "59631710", "section": "MAIN", "sectionRank": 36, "jobAdType": "ORGANIC", "tags": {"mordor__flights": "mordor_123"}}, "subClassification": {"id": "6050", "description": "Retail Assistants"}, "suburb": "Wantirna", "suburbId": 21810, "suburbWhereValue": "Wantirna VIC 3152", "teaser": "Whether they\u2019re racing to fill shelves or scanning through customers, our Retail Assistants can do everything and anything.", "title": "Stores - Retail Assistant  - Knox City / Ferntree Gully", "tracking": "ewogICJ0b2tlbiI6ICI5ZjQ0ZTI1Yy1lYmYyLTkyYWQtOTk1ZC01ZmU2ZDg2MWJlNjZfMTYiCn0=", "workType": "Part Time", "isPrivateAdvertiser": false}, {"advertiser": {"id": "27493644", "description": "Aldi Stores"}, "area": "Western Suburbs", "areaId": 5073, "areaWhereValue": "Western Suburbs Melbourne VIC", "automaticInclusion": false, "bulletPoints": [], "classification": {"id": "6043", "description": "Retail & Consumer Products"}, "companyName": "ALDI", "companyProfileStructuredDataId": 5197, "displayType": "standard", "listingDateDisplay": "5d ago", "location": "Melbourne", "locationId": 1002, "locationWhereValue": "All Melbourne VIC", "id": 59627908, "isPremium": false, "isStandOut": false, "jobLocation": {"label": "Moonee Ponds, Melbourne VIC", "countryCode": "AU", "seoHierarchy": [{"contextualName": "Moonee Ponds VIC 3039"}, {"contextualName": "All Melbourne VIC"}]}, "listingDate": "2023-01-06T04:55:22Z", "logo": {"id": "", "description": null}, "roleId": "retail-sales-assistant", "salary": "Career opportunity for motivated workers!", "solMetadata": {"searchRequestToken": "c432b5d4-c971-4ceb-b8a2-d8371f42441e", "token": "0~c432b5d4-c971-4ceb-b8a2-d8371f42441e", "jobId": "59627908", "section": "MAIN", "sectionRank": 37, "jobAdType": "ORGANIC", "tags": {"mordor__flights": "mordor_123"}}, "subClassification": {"id": "6050", "description": "Retail Assistants"}, "suburb": "Moonee Ponds", "suburbId": 19042, "suburbWhereValue": "Moonee Ponds VIC 3039", "teaser": "Whether they\u2019re racing to fill shelves or scanning through customers, our Retail Assistants can do everything and anything.", "title": "Retail Assistant - Moonee Ponds", "tracking": "ewogICJ0b2tlbiI6ICI5ZjQ0ZTI1Yy1lYmYyLTkyYWQtOTk1ZC01ZmU2ZDg2MWJlNjZfMTciCn0=", "workType": "Part Time", "isPrivateAdvertiser": false}, {"advertiser": {"id": "27493644", "description": "Aldi Stores"}, "area": "Parramatta & Western Suburbs", "areaId": 5030, "areaWhereValue": "Parramatta & Western Suburbs Sydney NSW", "automaticInclusion": false, "bulletPoints": [], "classification": {"id": "6092", "description": "Manufacturing, Transport & Logistics"}, "companyName": "ALDI", "companyProfileStructuredDataId": 5197, "displayType": "standard", "listingDateDisplay": "2d ago", "location": "Sydney", "locationId": 1000, "locationWhereValue": "All Sydney NSW", "id": 59646934, "isPremium": false, "isStandOut": false, "jobLocation": {"label": "Minchinbury, Sydney NSW", "countryCode": "AU", "seoHierarchy": [{"contextualName": "Minchinbury NSW 2770"}, {"contextualName": "All Sydney NSW"}]}, "listingDate": "2023-01-09T04:05:00Z", "logo": {"id": "", "description": null}, "roleId": "purchasing-coordinator", "salary": "$77,400 - $89,100 (inclusive of superannuation)", "solMetadata": {"searchRequestToken": "c432b5d4-c971-4ceb-b8a2-d8371f42441e", "token": "0~c432b5d4-c971-4ceb-b8a2-d8371f42441e", "jobId": "59646934", "section": "MAIN", "sectionRank": 38, "jobAdType": "ORGANIC", "tags": {"mordor__flights": "mordor_123"}}, "subClassification": {"id": "6109", "description": "Purchasing, Procurement & Inventory"}, "suburb": "Minchinbury", "suburbId": 18808, "suburbWhereValue": "Minchinbury NSW 2770", "teaser": "An exciting opportunity for a Purchasing Coordinator to join the Replenishment teams within the National Supply Chain department of ALDI Stores.", "title": "Purchasing Coordinator", "tracking": "ewogICJ0b2tlbiI6ICI5ZjQ0ZTI1Yy1lYmYyLTkyYWQtOTk1ZC01ZmU2ZDg2MWJlNjZfMTgiCn0=", "workType": "Contract/Temp", "isPrivateAdvertiser": false}, {"advertiser": {"id": "27493644", "description": "Aldi Stores"}, "area": "Southern Suburbs & Sutherland Shire", "areaId": 5032, "areaWhereValue": "Southern Suburbs & Sutherland Shire Sydney NSW", "automaticInclusion": false, "bulletPoints": [], "classification": {"id": "6043", "description": "Retail & Consumer Products"}, "companyName": "ALDI", "companyProfileStructuredDataId": 5197, "displayType": "standard", "listingDateDisplay": "5d ago", "location": "Sydney", "locationId": 1000, "locationWhereValue": "All Sydney NSW", "id": 59622847, "isPremium": false, "isStandOut": false, "jobLocation": {"label": "Kirrawee, Sydney NSW", "countryCode": "AU", "seoHierarchy": [{"contextualName": "Kirrawee NSW 2232"}, {"contextualName": "All Sydney NSW"}]}, "listingDate": "2023-01-05T23:43:13Z", "logo": {"id": "", "description": null}, "roleId": "retail-sales-assistant", "salary": "$25.92 + higher weekend penalties", "solMetadata": {"searchRequestToken": "c432b5d4-c971-4ceb-b8a2-d8371f42441e", "token": "0~c432b5d4-c971-4ceb-b8a2-d8371f42441e", "jobId": "59622847", "section": "MAIN", "sectionRank": 39, "jobAdType": "ORGANIC", "tags": {"mordor__flights": "mordor_123"}}, "subClassification": {"id": "6050", "description": "Retail Assistants"}, "suburb": "Kirrawee", "suburbId": 13218, "suburbWhereValue": "Kirrawee NSW 2232", "teaser": "Our limited roster contracts allow you to nominate the days you can work, so you can prioritise both personal commitments and work at the same time.", "title": "Retail Assistant - Kirrawee (Limited Roster for 10.5 hrs p/w)", "tracking": "ewogICJ0b2tlbiI6ICI5ZjQ0ZTI1Yy1lYmYyLTkyYWQtOTk1ZC01ZmU2ZDg2MWJlNjZfMTkiCn0=", "workType": "Part Time", "isPrivateAdvertiser": false}, {"advertiser": {"id": "27493644", "description": "Aldi Stores"}, "area": "Northern Suburbs", "areaId": 5012, "areaWhereValue": "Northern Suburbs Brisbane QLD", "automaticInclusion": false, "bulletPoints": [], "classification": {"id": "6043", "description": "Retail & Consumer Products"}, "companyName": "ALDI", "companyProfileStructuredDataId": 5197, "displayType": "standard", "listingDateDisplay": "8d ago", "location": "Brisbane", "locationId": 1004, "locationWhereValue": "All Brisbane QLD", "id": 59587252, "isPremium": false, "isStandOut": false, "jobLocation": {"label": "Deception Bay, Brisbane QLD", "countryCode": "AU", "seoHierarchy": [{"contextualName": "Deception Bay QLD 4508"}, {"contextualName": "All Brisbane QLD"}]}, "listingDate": "2023-01-03T00:17:32Z", "logo": {"id": "", "description": null}, "roleId": "retail-sales-assistant", "salary": "$27.14 per hour + higher weekend penalties", "solMetadata": {"searchRequestToken": "c432b5d4-c971-4ceb-b8a2-d8371f42441e", "token": "0~c432b5d4-c971-4ceb-b8a2-d8371f42441e", "jobId": "59587252", "section": "MAIN", "sectionRank": 40, "jobAdType": "ORGANIC", "tags": {"mordor__flights": "mordor_123"}}, "subClassification": {"id": "6050", "description": "Retail Assistants"}, "suburb": "Deception Bay", "suburbId": 15161, "suburbWhereValue": "Deception Bay QLD 4508", "teaser": "Our limited roster contracts allow you to nominate the days you can work, so you can prioritise both personal commitments and work at the same time.", "title": "Retail Assistant - Deception Bay (Limited Roster for 15 hours p/w)", "tracking": "ewogICJ0b2tlbiI6ICI5ZjQ0ZTI1Yy1lYmYyLTkyYWQtOTk1ZC01ZmU2ZDg2MWJlNjZfMjAiCn0=", "workType": "Part Time", "isPrivateAdvertiser": false}], "title": "Jobs in All Australia", "totalCount": 417, "paginationParameters": {"seekSelectAllPages": true, "hadPremiumListings": false}, "info": {"timeTaken": 55, "source": "JobSearch-sm", "experiment": "mordor_123"}, "userQueryId": "a3f7e6f85be73fd8fe2e3d5ea92001b7-7335003", "sortMode": [{"isActive": true, "name": "Relevance", "value": "KeywordRelevance"}, {"isActive": false, "name": "Date", "value": "ListedDate"}], "solMetadata": {"requestToken": "c432b5d4-c971-4ceb-b8a2-d8371f42441e", "token": "0~c432b5d4-c971-4ceb-b8a2-d8371f42441e", "sortMode": "RELEVANCE", "locations": ["seek-3000"], "locationDistance": 50, "employer": "ALDI", "pageSize": 20, "pageNumber": 2, "totalJobCount": 417, "tags": {"mordor__flights": "mordor_123", "chalice-search-api:solId": "c00c353f-a376-4b96-b397-16e262dbd3d3"}}, "location": {"matched": true, "whereId": 3000, "type": "Country", "suburbType": "rural", "description": "All Australia", "stateDescription": "", "locationId": 3000, "locationDescription": "", "areaId": 0, "areaDescription": "", "suburbParentDescription": ""}, "canonicalCompany": {"id": "5197", "description": "ALDI"}, "companySuggestion": {"search": {"keywords": "ALDI"}, "count": "461"}, "joraCrossLink": {"canCrossLink": false}, "searchParams": {"sitekey": "AU-Main", "sourcesystem": "houston", "userqueryid": "a3f7e6f85be73fd8fe2e3d5ea92001b7-7335003", "userid": "5959404e-631e-45a1-bb3b-2ae481757cf6", "usersessionid": "5959404e-631e-45a1-bb3b-2ae481757cf6", "eventcapturesessionid": "5959404e-631e-45a1-bb3b-2ae481757cf6", "where": "All Australia", "page": "2", "seekselectallpages": "true", "companyname": "ALDI", "include": "seodata", "solid": "c00c353f-a376-4b96-b397-16e262dbd3d3"}}