{"data": [{"advertiser": {"id": "27493644", "description": "Aldi Stores"}, "area": "Fremantle & Southern Suburbs", "areaId": 5050, "areaWhereValue": "Fremantle & Southern Suburbs Perth WA", "automaticInclusion": false, "bulletPoints": [], "classification": {"id": "6043", "description": "Retail & Consumer Products"}, "companyName": "ALDI", "companyProfileStructuredDataId": 5197, "displayType": "standard", "listingDateDisplay": "7d ago", "location": "Perth", "locationId": 1009, "locationWhereValue": "All Perth WA", "id": 59600517, "isPremium": false, "isStandOut": false, "jobLocation": {"label": "Armadale, Perth WA", "countryCode": "AU", "seoHierarchy": [{"contextualName": "Armadale WA 6112"}, {"contextualName": "All Perth WA"}]}, "listingDate": "2023-01-03T23:40:13Z", "logo": {"id": "", "description": null}, "roleId": "retail-sales-assistant", "salary": "", "solMetadata": {"searchRequestToken": "b5678876-86f3-494f-9038-9fbd4d28643b", "token": "0~b5678876-86f3-494f-9038-9fbd4d28643b", "jobId": "59600517", "section": "MAIN", "sectionRank": 81, "jobAdType": "ORGANIC", "tags": {"mordor__flights": "mordor_123"}}, "subClassification": {"id": "6050", "description": "Retail Assistants"}, "suburb": "Armadale", "suburbId": 11319, "suburbWhereValue": "Armadale WA 6112", "teaser": "Whether they\u2019re racing to fill shelves or scanning through customers, our Retail Assistants can do everything and anything.", "title": "Retail Assistant - Armadale/ Cockburn/ Camillo - 20 hours p/w", "tracking": "ewogICJ0b2tlbiI6ICI5ZTYyODZmYy0yNDE0LTlkODgtOWZjZi1kMDIxY2I4ZTY0NjVfMSIKfQ==", "workType": "Part Time", "isPrivateAdvertiser": false}, {"advertiser": {"id": "27493644", "description": "Aldi Stores"}, "area": "Fremantle & Southern Suburbs", "areaId": 5050, "areaWhereValue": "Fremantle & Southern Suburbs Perth WA", "automaticInclusion": false, "bulletPoints": [], "classification": {"id": "6043", "description": "Retail & Consumer Products"}, "companyName": "ALDI", "companyProfileStructuredDataId": 5197, "displayType": "standard", "listingDateDisplay": "7d ago", "location": "Perth", "locationId": 1009, "locationWhereValue": "All Perth WA", "id": 59600286, "isPremium": false, "isStandOut": false, "jobLocation": {"label": "Harrisdale, Perth WA", "countryCode": "AU", "seoHierarchy": [{"contextualName": "Harrisdale WA 6112"}, {"contextualName": "All Perth WA"}]}, "listingDate": "2023-01-03T23:29:09Z", "logo": {"id": "", "description": null}, "roleId": "retail-sales-assistant", "salary": "", "solMetadata": {"searchRequestToken": "b5678876-86f3-494f-9038-9fbd4d28643b", "token": "0~b5678876-86f3-494f-9038-9fbd4d28643b", "jobId": "59600286", "section": "MAIN", "sectionRank": 82, "jobAdType": "ORGANIC", "tags": {"mordor__flights": "mordor_123"}}, "subClassification": {"id": "6050", "description": "Retail Assistants"}, "suburb": "Harrisdale", "suburbId": 23058, "suburbWhereValue": "Harrisdale WA 6112", "teaser": "Whether they\u2019re racing to fill shelves or scanning through customers, our Retail Assistants can do everything and anything.", "title": "Retail Assistant - Harrisdale/ Forrest Lakes- 20 hours p/w", "tracking": "ewogICJ0b2tlbiI6ICI5ZTYyODZmYy0yNDE0LTlkODgtOWZjZi1kMDIxY2I4ZTY0NjVfMiIKfQ==", "workType": "Part Time", "isPrivateAdvertiser": false}, {"advertiser": {"id": "27493644", "description": "Aldi Stores"}, "automaticInclusion": false, "bulletPoints": [], "classification": {"id": "6043", "description": "Retail & Consumer Products"}, "companyName": "ALDI", "companyProfileStructuredDataId": 5197, "displayType": "standard", "listingDateDisplay": "6d ago", "location": "Bendigo, Goldfields & Macedon Ranges", "locationId": 5067, "locationWhereValue": "Bendigo, Goldfields & Macedon Ranges VIC", "id": 59619896, "isPremium": false, "isStandOut": false, "jobLocation": {"label": "Strathdale, Bendigo, Goldfields & Macedon Ranges VIC", "countryCode": "AU", "seoHierarchy": [{"contextualName": "Strathdale VIC 3550"}, {"contextualName": "Bendigo, Goldfields & Macedon Ranges VIC"}]}, "listingDate": "2023-01-05T09:11:05Z", "logo": {"id": "", "description": null}, "roleId": "retail-sales-assistant", "salary": "", "solMetadata": {"searchRequestToken": "b5678876-86f3-494f-9038-9fbd4d28643b", "token": "0~b5678876-86f3-494f-9038-9fbd4d28643b", "jobId": "59619896", "section": "MAIN", "sectionRank": 83, "jobAdType": "ORGANIC", "tags": {"mordor__flights": "mordor_123"}}, "subClassification": {"id": "6050", "description": "Retail Assistants"}, "suburb": "Strathdale", "suburbId": 16201, "suburbWhereValue": "Strathdale VIC 3550", "teaser": "Whether they\u2019re racing to fill shelves or scanning through customers, our Retail Assistants can do everything and anything.", "title": "Retail Assistant - Strathdale - 20 hours p/w", "tracking": "ewogICJ0b2tlbiI6ICI5ZTYyODZmYy0yNDE0LTlkODgtOWZjZi1kMDIxY2I4ZTY0NjVfMyIKfQ==", "workType": "Part Time", "isPrivateAdvertiser": false}, {"advertiser": {"id": "27493644", "description": "Aldi Stores"}, "area": "CBD & Inner Suburbs", "areaId": 5010, "areaWhereValue": "Brisbane CBD & Inner Suburbs Brisbane QLD", "automaticInclusion": false, "bulletPoints": [], "classification": {"id": "6043", "description": "Retail & Consumer Products"}, "companyName": "ALDI", "companyProfileStructuredDataId": 5197, "displayType": "standard", "listingDateDisplay": "14d ago", "location": "Brisbane", "locationId": 1004, "locationWhereValue": "All Brisbane QLD", "id": 59571716, "isPremium": false, "isStandOut": false, "jobLocation": {"label": "Carindale, Brisbane QLD", "countryCode": "AU", "seoHierarchy": [{"contextualName": "Carindale QLD 4152"}, {"contextualName": "All Brisbane QLD"}]}, "listingDate": "2022-12-28T05:58:52Z", "logo": {"id": "", "description": null}, "roleId": "retail-sales-assistant", "salary": "", "solMetadata": {"searchRequestToken": "b5678876-86f3-494f-9038-9fbd4d28643b", "token": "0~b5678876-86f3-494f-9038-9fbd4d28643b", "jobId": "59571716", "section": "MAIN", "sectionRank": 84, "jobAdType": "ORGANIC", "tags": {"mordor__flights": "mordor_123"}}, "subClassification": {"id": "6050", "description": "Retail Assistants"}, "suburb": "Carindale", "suburbId": 22598, "suburbWhereValue": "Carindale QLD 4152", "teaser": "Whether they\u2019re racing to fill shelves or scanning through customers, our Retail Assistants can do everything and anything.", "title": "Carindale/Tingalpa - Retail Assistant - 20/25 Hr PW", "tracking": "ewogICJ0b2tlbiI6ICI5ZTYyODZmYy0yNDE0LTlkODgtOWZjZi1kMDIxY2I4ZTY0NjVfNCIKfQ==", "workType": "Part Time", "isPrivateAdvertiser": false}, {"advertiser": {"id": "27493644", "description": "Aldi Stores"}, "area": "North Shore & Northern Beaches", "areaId": 5028, "areaWhereValue": "North Shore & Northern Beaches Sydney NSW", "automaticInclusion": false, "bulletPoints": [], "classification": {"id": "6043", "description": "Retail & Consumer Products"}, "companyName": "ALDI", "companyProfileStructuredDataId": 5197, "displayType": "standard", "listingDateDisplay": "12d ago", "location": "Sydney", "locationId": 1000, "locationWhereValue": "All Sydney NSW", "id": 59576971, "isPremium": false, "isStandOut": false, "jobLocation": {"label": "Brookvale, Sydney NSW", "countryCode": "AU", "seoHierarchy": [{"contextualName": "Brookvale NSW 2100"}, {"contextualName": "All Sydney NSW"}]}, "listingDate": "2022-12-29T22:01:11Z", "logo": {"id": "", "description": null}, "roleId": "retail-sales-assistant", "salary": "", "solMetadata": {"searchRequestToken": "b5678876-86f3-494f-9038-9fbd4d28643b", "token": "0~b5678876-86f3-494f-9038-9fbd4d28643b", "jobId": "59576971", "section": "MAIN", "sectionRank": 85, "jobAdType": "ORGANIC", "tags": {"mordor__flights": "mordor_123"}}, "subClassification": {"id": "6050", "description": "Retail Assistants"}, "suburb": "Brookvale", "suburbId": 18168, "suburbWhereValue": "Brookvale NSW 2100", "teaser": "Whether they\u2019re racing to fill shelves or scanning through customers, our Retail Assistants can do everything and anything.", "title": "Retail Assistant - Brookvale/Balgowlah", "tracking": "ewogICJ0b2tlbiI6ICI5ZTYyODZmYy0yNDE0LTlkODgtOWZjZi1kMDIxY2I4ZTY0NjVfNSIKfQ==", "workType": "Part Time", "isPrivateAdvertiser": false}, {"advertiser": {"id": "27493644", "description": "Aldi Stores"}, "automaticInclusion": false, "bulletPoints": [], "classification": {"id": "6043", "description": "Retail & Consumer Products"}, "companyName": "ALDI", "companyProfileStructuredDataId": 5197, "displayType": "standard", "listingDateDisplay": "6d ago", "location": "Richmond & Hawkesbury", "locationId": 5041, "locationWhereValue": "Richmond & Hawkesbury NSW", "id": 59615707, "isPremium": false, "isStandOut": false, "jobLocation": {"label": "Richmond, Richmond & Hawkesbury NSW", "countryCode": "AU", "seoHierarchy": [{"contextualName": "Richmond NSW 2753"}, {"contextualName": "Richmond & Hawkesbury NSW"}]}, "listingDate": "2023-01-05T03:06:10Z", "logo": {"id": "", "description": null}, "roleId": "retail-sales-assistant", "salary": "", "solMetadata": {"searchRequestToken": "b5678876-86f3-494f-9038-9fbd4d28643b", "token": "0~b5678876-86f3-494f-9038-9fbd4d28643b", "jobId": "59615707", "section": "MAIN", "sectionRank": 86, "jobAdType": "ORGANIC", "tags": {"mordor__flights": "mordor_123"}}, "subClassification": {"id": "6050", "description": "Retail Assistants"}, "suburb": "Richmond", "suburbId": 12314, "suburbWhereValue": "Richmond NSW 2753", "teaser": "Whether they\u2019re racing to fill shelves or scanning through customers, our Retail Assistants can do everything and anything.", "title": "Retail Assistant - Richmond", "tracking": "ewogICJ0b2tlbiI6ICI5ZTYyODZmYy0yNDE0LTlkODgtOWZjZi1kMDIxY2I4ZTY0NjVfNiIKfQ==", "workType": "Part Time", "isPrivateAdvertiser": false}, {"advertiser": {"id": "27493644", "description": "Aldi Stores"}, "automaticInclusion": false, "bulletPoints": [], "classification": {"id": "6043", "description": "Retail & Consumer Products"}, "companyName": "ALDI", "companyProfileStructuredDataId": 5197, "displayType": "standard", "listingDateDisplay": "5d ago", "location": "Yarra Valley & High Country", "locationId": 5065, "locationWhereValue": "Yarra Valley & High Country VIC", "id": 59621455, "isPremium": false, "isStandOut": false, "jobLocation": {"label": "Monbulk, Yarra Valley & High Country VIC", "countryCode": "AU", "seoHierarchy": [{"contextualName": "Monbulk VIC 3793"}, {"contextualName": "Yarra Valley & High Country VIC"}]}, "listingDate": "2023-01-05T22:00:20Z", "logo": {"id": "", "description": null}, "roleId": "retail-sales-assistant", "salary": "", "solMetadata": {"searchRequestToken": "b5678876-86f3-494f-9038-9fbd4d28643b", "token": "0~b5678876-86f3-494f-9038-9fbd4d28643b", "jobId": "59621455", "section": "MAIN", "sectionRank": 87, "jobAdType": "ORGANIC", "tags": {"mordor__flights": "mordor_123"}}, "subClassification": {"id": "6050", "description": "Retail Assistants"}, "suburb": "Monbulk", "suburbId": 18954, "suburbWhereValue": "Monbulk VIC 3793", "teaser": "Whether they\u2019re racing to fill shelves or scanning through customers, our Retail Assistants can do everything and anything.", "title": "Stores - Retail Assistant - Monbulk/Kilsyth", "tracking": "ewogICJ0b2tlbiI6ICI5ZTYyODZmYy0yNDE0LTlkODgtOWZjZi1kMDIxY2I4ZTY0NjVfNyIKfQ==", "workType": "Part Time", "isPrivateAdvertiser": false}, {"advertiser": {"id": "27493644", "description": "Aldi Stores"}, "area": "Parramatta & Western Suburbs", "areaId": 5030, "areaWhereValue": "Parramatta & Western Suburbs Sydney NSW", "automaticInclusion": false, "bulletPoints": [], "classification": {"id": "6317", "description": "Human Resources & Recruitment"}, "companyName": "ALDI", "companyProfileStructuredDataId": 5197, "displayType": "standard", "listingDateDisplay": "8d ago", "location": "Sydney", "locationId": 1000, "locationWhereValue": "All Sydney NSW", "id": 59596066, "isPremium": false, "isStandOut": false, "jobLocation": {"label": "Minchinbury, Sydney NSW", "countryCode": "AU", "seoHierarchy": [{"contextualName": "Minchinbury NSW 2770"}, {"contextualName": "All Sydney NSW"}]}, "listingDate": "2023-01-03T06:27:29Z", "logo": {"id": "", "description": null}, "roleId": "learning-and-development-role", "salary": "$90,000 - $100,000 including super", "solMetadata": {"searchRequestToken": "b5678876-86f3-494f-9038-9fbd4d28643b", "token": "0~b5678876-86f3-494f-9038-9fbd4d28643b", "jobId": "59596066", "section": "MAIN", "sectionRank": 88, "jobAdType": "ORGANIC", "tags": {"mordor__flights": "mordor_123"}}, "subClassification": {"id": "6327", "description": "Training & Development"}, "suburb": "Minchinbury", "suburbId": 18808, "suburbWhereValue": "Minchinbury NSW 2770", "teaser": "This role is the perfect opportunity for an enthusiastic & collaborative individual to join our high performing and passionate team.", "title": "Learning & Development Assistant", "tracking": "ewogICJ0b2tlbiI6ICI5ZTYyODZmYy0yNDE0LTlkODgtOWZjZi1kMDIxY2I4ZTY0NjVfOCIKfQ==", "workType": "Contract/Temp", "isPrivateAdvertiser": false}, {"advertiser": {"id": "27493644", "description": "Aldi Stores"}, "area": "Fremantle & Southern Suburbs", "areaId": 5050, "areaWhereValue": "Fremantle & Southern Suburbs Perth WA", "automaticInclusion": false, "bulletPoints": [], "classification": {"id": "6092", "description": "Manufacturing, Transport & Logistics"}, "companyName": "ALDI", "companyProfileStructuredDataId": 5197, "displayType": "standard", "listingDateDisplay": "5d ago", "location": "Perth", "locationId": 1009, "locationWhereValue": "All Perth WA", "id": 59629109, "isPremium": false, "isStandOut": false, "jobLocation": {"label": "Jandakot, Perth WA", "countryCode": "AU", "seoHierarchy": [{"contextualName": "Jandakot WA 6164"}, {"contextualName": "All Perth WA"}]}, "listingDate": "2023-01-06T06:13:54Z", "logo": {"id": "", "description": null}, "roleId": "loader", "salary": "", "solMetadata": {"searchRequestToken": "b5678876-86f3-494f-9038-9fbd4d28643b", "token": "0~b5678876-86f3-494f-9038-9fbd4d28643b", "jobId": "59629109", "section": "MAIN", "sectionRank": 89, "jobAdType": "ORGANIC", "tags": {"mordor__flights": "mordor_123"}}, "subClassification": {"id": "6108", "description": "Warehousing, Storage & Distribution"}, "suburb": "Jandakot", "suburbId": 23610, "suburbWhereValue": "Jandakot WA 6164", "teaser": "From unloading truckloads of goods to ensuring pallets and crates are managed efficiently, the role of a Palletiser is hands on and fast paced.", "title": "Palletiser/Loader - Jandakot DC", "tracking": "ewogICJ0b2tlbiI6ICI5ZTYyODZmYy0yNDE0LTlkODgtOWZjZi1kMDIxY2I4ZTY0NjVfOSIKfQ==", "workType": "Part Time", "isPrivateAdvertiser": false}, {"advertiser": {"id": "27493644", "description": "Aldi Stores"}, "automaticInclusion": false, "bulletPoints": [], "classification": {"id": "6043", "description": "Retail & Consumer Products"}, "companyName": "ALDI", "companyProfileStructuredDataId": 5197, "displayType": "standard", "listingDateDisplay": "6d ago", "location": "Bendigo, Goldfields & Macedon Ranges", "locationId": 5067, "locationWhereValue": "Bendigo, Goldfields & Macedon Ranges VIC", "id": 59619888, "isPremium": false, "isStandOut": false, "jobLocation": {"label": "Eaglehawk, Bendigo, Goldfields & Macedon Ranges VIC", "countryCode": "AU", "seoHierarchy": [{"contextualName": "Eaglehawk VIC 3556"}, {"contextualName": "Bendigo, Goldfields & Macedon Ranges VIC"}]}, "listingDate": "2023-01-05T09:07:07Z", "logo": {"id": "", "description": null}, "roleId": "retail-sales-assistant", "salary": "", "solMetadata": {"searchRequestToken": "b5678876-86f3-494f-9038-9fbd4d28643b", "token": "0~b5678876-86f3-494f-9038-9fbd4d28643b", "jobId": "59619888", "section": "MAIN", "sectionRank": 90, "jobAdType": "ORGANIC", "tags": {"mordor__flights": "mordor_123"}}, "subClassification": {"id": "6050", "description": "Retail Assistants"}, "suburb": "Eaglehawk", "suburbId": 15555, "suburbWhereValue": "Eaglehawk VIC 3556", "teaser": "Whether they\u2019re racing to fill shelves or scanning through customers, our Retail Assistants can do everything and anything.", "title": "Retail Assistant - Eaglehawk - 20 hours p/w", "tracking": "ewogICJ0b2tlbiI6ICI5ZTYyODZmYy0yNDE0LTlkODgtOWZjZi1kMDIxY2I4ZTY0NjVfMTAiCn0=", "workType": "Part Time", "isPrivateAdvertiser": false}, {"advertiser": {"id": "27493644", "description": "Aldi Stores"}, "automaticInclusion": false, "bulletPoints": [], "classification": {"id": "6043", "description": "Retail & Consumer Products"}, "companyName": "ALDI", "companyProfileStructuredDataId": 5197, "displayType": "standard", "listingDateDisplay": "5d ago", "location": "Newcastle, Maitland & Hunter", "locationId": 5045, "locationWhereValue": "Newcastle, Maitland & Hunter NSW", "id": 59623161, "isPremium": false, "isStandOut": false, "jobLocation": {"label": "Newcastle, Newcastle, Maitland & Hunter NSW", "countryCode": "AU", "seoHierarchy": [{"contextualName": "Newcastle NSW 2300"}, {"contextualName": "Newcastle, Maitland & Hunter NSW"}]}, "listingDate": "2023-01-06T00:02:07Z", "logo": {"id": "", "description": null}, "roleId": "retail-sales-assistant", "salary": "", "solMetadata": {"searchRequestToken": "b5678876-86f3-494f-9038-9fbd4d28643b", "token": "0~b5678876-86f3-494f-9038-9fbd4d28643b", "jobId": "59623161", "section": "MAIN", "sectionRank": 91, "jobAdType": "ORGANIC", "tags": {"mordor__flights": "mordor_123"}}, "subClassification": {"id": "6050", "description": "Retail Assistants"}, "suburb": "Newcastle", "suburbId": 23785, "suburbWhereValue": "Newcastle NSW 2300", "teaser": "Whether they\u2019re racing to fill shelves or scanning through customers, our Retail Assistants can do everything and anything.", "title": "Retail Assistant - Newcastle CBD", "tracking": "ewogICJ0b2tlbiI6ICI5ZTYyODZmYy0yNDE0LTlkODgtOWZjZi1kMDIxY2I4ZTY0NjVfMTEiCn0=", "workType": "Part Time", "isPrivateAdvertiser": false}, {"advertiser": {"id": "27493644", "description": "Aldi Stores"}, "automaticInclusion": false, "bulletPoints": [], "classification": {"id": "6043", "description": "Retail & Consumer Products"}, "companyName": "ALDI", "companyProfileStructuredDataId": 5197, "displayType": "standard", "listingDateDisplay": "7d ago", "location": "Riverland & Murray Mallee", "locationId": 5018, "locationWhereValue": "Riverland & Murray Mallee SA", "id": 59608921, "isPremium": false, "isStandOut": false, "jobLocation": {"label": "Murray Bridge, Riverland & Murray Mallee SA", "countryCode": "AU", "seoHierarchy": [{"contextualName": "Murray Bridge SA 5253"}, {"contextualName": "Riverland & Murray Mallee SA"}]}, "listingDate": "2023-01-04T08:49:18Z", "logo": {"id": "", "description": null}, "roleId": "retail-sales-assistant", "salary": "", "solMetadata": {"searchRequestToken": "b5678876-86f3-494f-9038-9fbd4d28643b", "token": "0~b5678876-86f3-494f-9038-9fbd4d28643b", "jobId": "59608921", "section": "MAIN", "sectionRank": 92, "jobAdType": "ORGANIC", "tags": {"mordor__flights": "mordor_123"}}, "subClassification": {"id": "6050", "description": "Retail Assistants"}, "suburb": "Murray Bridge", "suburbId": 19603, "suburbWhereValue": "Murray Bridge SA 5253", "teaser": "Whether they\u2019re racing to fill shelves or scanning through customers, our Retail Assistants can do everything and anything.", "title": "Retail Assistant - Murray Bridge", "tracking": "ewogICJ0b2tlbiI6ICI5ZTYyODZmYy0yNDE0LTlkODgtOWZjZi1kMDIxY2I4ZTY0NjVfMTIiCn0=", "workType": "Part Time", "isPrivateAdvertiser": false}, {"advertiser": {"id": "27493644", "description": "Aldi Stores"}, "automaticInclusion": false, "bulletPoints": [], "classification": {"id": "6043", "description": "Retail & Consumer Products"}, "companyName": "ALDI", "companyProfileStructuredDataId": 5197, "displayType": "standard", "listingDateDisplay": "5d ago", "location": "South West Coast VIC", "locationId": 5068, "locationWhereValue": "South West Coast VIC", "id": 59622597, "isPremium": false, "isStandOut": false, "jobLocation": {"label": "Newcomb, South West Coast VIC", "countryCode": "AU", "seoHierarchy": [{"contextualName": "Newcomb VIC 3219"}, {"contextualName": "South West Coast VIC"}]}, "listingDate": "2023-01-05T23:26:58Z", "logo": {"id": "", "description": null}, "roleId": "retail-sales-assistant", "salary": "", "solMetadata": {"searchRequestToken": "b5678876-86f3-494f-9038-9fbd4d28643b", "token": "0~b5678876-86f3-494f-9038-9fbd4d28643b", "jobId": "59622597", "section": "MAIN", "sectionRank": 93, "jobAdType": "ORGANIC", "tags": {"mordor__flights": "mordor_123"}}, "subClassification": {"id": "6050", "description": "Retail Assistants"}, "suburb": "Newcomb", "suburbId": 23788, "suburbWhereValue": "Newcomb VIC 3219", "teaser": "Whether they\u2019re racing to fill shelves or scanning through customers, our Retail Assistants can do everything and anything.", "title": "Retail Assistant - Newcomb", "tracking": "ewogICJ0b2tlbiI6ICI5ZTYyODZmYy0yNDE0LTlkODgtOWZjZi1kMDIxY2I4ZTY0NjVfMTMiCn0=", "workType": "Part Time", "isPrivateAdvertiser": false}, {"advertiser": {"id": "27493644", "description": "Aldi Stores"}, "area": "North Shore & Northern Beaches", "areaId": 5028, "areaWhereValue": "North Shore & Northern Beaches Sydney NSW", "automaticInclusion": false, "bulletPoints": [], "classification": {"id": "6043", "description": "Retail & Consumer Products"}, "companyName": "ALDI", "companyProfileStructuredDataId": 5197, "displayType": "standard", "listingDateDisplay": "14d ago", "location": "Sydney", "locationId": 1000, "locationWhereValue": "All Sydney NSW", "id": 59569036, "isPremium": false, "isStandOut": false, "jobLocation": {"label": "Mona Vale, Sydney NSW", "countryCode": "AU", "seoHierarchy": [{"contextualName": "Mona Vale NSW 2103"}, {"contextualName": "All Sydney NSW"}]}, "listingDate": "2022-12-27T22:51:48Z", "logo": {"id": "", "description": null}, "roleId": "retail-sales-assistant", "salary": "$27.66 per hour", "solMetadata": {"searchRequestToken": "b5678876-86f3-494f-9038-9fbd4d28643b", "token": "0~b5678876-86f3-494f-9038-9fbd4d28643b", "jobId": "59569036", "section": "MAIN", "sectionRank": 94, "jobAdType": "ORGANIC", "tags": {"mordor__flights": "mordor_123"}}, "subClassification": {"id": "6050", "description": "Retail Assistants"}, "suburb": "Mona Vale", "suburbId": 18945, "suburbWhereValue": "Mona Vale NSW 2103", "teaser": "Whether they\u2019re racing to fill shelves or scanning through customers, our Retail Assistants can do everything and anything.", "title": "Retail Assistant - Warriewood/Mona Vale Sydney (10- 30 hours p/w)", "tracking": "ewogICJ0b2tlbiI6ICI5ZTYyODZmYy0yNDE0LTlkODgtOWZjZi1kMDIxY2I4ZTY0NjVfMTQiCn0=", "workType": "Part Time", "isPrivateAdvertiser": false}, {"advertiser": {"id": "27493644", "description": "Aldi Stores"}, "automaticInclusion": false, "bulletPoints": [], "classification": {"id": "6043", "description": "Retail & Consumer Products"}, "companyName": "ALDI", "companyProfileStructuredDataId": 5197, "displayType": "standard", "listingDateDisplay": "6d ago", "location": "Bendigo, Goldfields & Macedon Ranges", "locationId": 5067, "locationWhereValue": "Bendigo, Goldfields & Macedon Ranges VIC", "id": 59619889, "isPremium": false, "isStandOut": false, "jobLocation": {"label": "Kangaroo Flat, Bendigo, Goldfields & Macedon Ranges VIC", "countryCode": "AU", "seoHierarchy": [{"contextualName": "Kangaroo Flat VIC 3555"}, {"contextualName": "Bendigo, Goldfields & Macedon Ranges VIC"}]}, "listingDate": "2023-01-05T09:08:14Z", "logo": {"id": "", "description": null}, "roleId": "retail-sales-assistant", "salary": "", "solMetadata": {"searchRequestToken": "b5678876-86f3-494f-9038-9fbd4d28643b", "token": "0~b5678876-86f3-494f-9038-9fbd4d28643b", "jobId": "59619889", "section": "MAIN", "sectionRank": 95, "jobAdType": "ORGANIC", "tags": {"mordor__flights": "mordor_123"}}, "subClassification": {"id": "6050", "description": "Retail Assistants"}, "suburb": "Kangaroo Flat", "suburbId": 12856, "suburbWhereValue": "Kangaroo Flat VIC 3555", "teaser": "Whether they\u2019re racing to fill shelves or scanning through customers, our Retail Assistants can do everything and anything.", "title": "Retail Assistant - Kangaroo Flat (Bendigo)", "tracking": "ewogICJ0b2tlbiI6ICI5ZTYyODZmYy0yNDE0LTlkODgtOWZjZi1kMDIxY2I4ZTY0NjVfMTUiCn0=", "workType": "Part Time", "isPrivateAdvertiser": false}, {"advertiser": {"id": "27493644", "description": "Aldi Stores"}, "automaticInclusion": false, "bulletPoints": [], "classification": {"id": "6043", "description": "Retail & Consumer Products"}, "companyName": "ALDI", "companyProfileStructuredDataId": 5197, "displayType": "standard", "listingDateDisplay": "5d ago", "location": "Newcastle, Maitland & Hunter", "locationId": 5045, "locationWhereValue": "Newcastle, Maitland & Hunter NSW", "id": 59628939, "isPremium": false, "isStandOut": false, "jobLocation": {"label": "Rutherford, Newcastle, Maitland & Hunter NSW", "countryCode": "AU", "seoHierarchy": [{"contextualName": "Rutherford NSW 2320"}, {"contextualName": "Newcastle, Maitland & Hunter NSW"}]}, "listingDate": "2023-01-06T06:01:06Z", "logo": {"id": "", "description": null}, "roleId": "retail-sales-assistant", "salary": "", "solMetadata": {"searchRequestToken": "b5678876-86f3-494f-9038-9fbd4d28643b", "token": "0~b5678876-86f3-494f-9038-9fbd4d28643b", "jobId": "59628939", "section": "MAIN", "sectionRank": 96, "jobAdType": "ORGANIC", "tags": {"mordor__flights": "mordor_123"}}, "subClassification": {"id": "6050", "description": "Retail Assistants"}, "suburb": "Rutherford", "suburbId": 12589, "suburbWhereValue": "Rutherford NSW 2320", "teaser": "Whether they\u2019re racing to fill shelves or scanning through customers, our Retail Assistants can do everything and anything.", "title": "Retail Assistant - Rutherford/ Maitland/ Green Hills", "tracking": "ewogICJ0b2tlbiI6ICI5ZTYyODZmYy0yNDE0LTlkODgtOWZjZi1kMDIxY2I4ZTY0NjVfMTYiCn0=", "workType": "Part Time", "isPrivateAdvertiser": false}, {"advertiser": {"id": "27493644", "description": "Aldi Stores"}, "area": "Fremantle & Southern Suburbs", "areaId": 5050, "areaWhereValue": "Fremantle & Southern Suburbs Perth WA", "automaticInclusion": false, "bulletPoints": [], "classification": {"id": "6092", "description": "Manufacturing, Transport & Logistics"}, "companyName": "ALDI", "companyProfileStructuredDataId": 5197, "displayType": "standard", "listingDateDisplay": "9d ago", "location": "Perth", "locationId": 1009, "locationWhereValue": "All Perth WA", "id": 59583102, "isPremium": false, "isStandOut": false, "jobLocation": {"label": "Jandakot, Perth WA", "countryCode": "AU", "seoHierarchy": [{"contextualName": "Jandakot WA 6164"}, {"contextualName": "All Perth WA"}]}, "listingDate": "2023-01-02T04:21:43Z", "logo": {"id": "", "description": null}, "roleId": "warehouse-picker", "salary": "", "solMetadata": {"searchRequestToken": "b5678876-86f3-494f-9038-9fbd4d28643b", "token": "0~b5678876-86f3-494f-9038-9fbd4d28643b", "jobId": "59583102", "section": "MAIN", "sectionRank": 97, "jobAdType": "ORGANIC", "tags": {"mordor__flights": "mordor_123"}}, "subClassification": {"id": "6108", "description": "Warehousing, Storage & Distribution"}, "suburb": "Jandakot", "suburbId": 23610, "suburbWhereValue": "Jandakot WA 6164", "teaser": "Our energetic Warehouse Pickers are responsible for accurately picking and dispatching goods, managing orders and controlling stock levels.", "title": "Warehouse Picker", "tracking": "ewogICJ0b2tlbiI6ICI5ZTYyODZmYy0yNDE0LTlkODgtOWZjZi1kMDIxY2I4ZTY0NjVfMTciCn0=", "workType": "Part Time", "isPrivateAdvertiser": false}, {"advertiser": {"id": "27493644", "description": "Aldi Stores"}, "automaticInclusion": false, "bulletPoints": [], "classification": {"id": "6043", "description": "Retail & Consumer Products"}, "companyName": "ALDI", "companyProfileStructuredDataId": 5197, "displayType": "standard", "listingDateDisplay": "7d ago", "location": "Yarra Valley & High Country", "locationId": 5065, "locationWhereValue": "Yarra Valley & High Country VIC", "id": 59598856, "isPremium": false, "isStandOut": false, "jobLocation": {"label": "Wodonga, Yarra Valley & High Country VIC", "countryCode": "AU", "seoHierarchy": [{"contextualName": "Wodonga VIC 3690"}, {"contextualName": "Yarra Valley & High Country VIC"}]}, "listingDate": "2023-01-03T22:01:27Z", "logo": {"id": "", "description": null}, "roleId": "retail-sales-assistant", "salary": "", "solMetadata": {"searchRequestToken": "b5678876-86f3-494f-9038-9fbd4d28643b", "token": "0~b5678876-86f3-494f-9038-9fbd4d28643b", "jobId": "59598856", "section": "MAIN", "sectionRank": 98, "jobAdType": "ORGANIC", "tags": {"mordor__flights": "mordor_123"}}, "subClassification": {"id": "6050", "description": "Retail Assistants"}, "suburb": "Wodonga", "suburbId": 10333, "suburbWhereValue": "Wodonga VIC 3690", "teaser": "Whether they\u2019re racing to fill shelves or scanning through customers, our Retail Assistants can do everything and anything.", "title": "Retail Assistant - Wodonga", "tracking": "ewogICJ0b2tlbiI6ICI5ZTYyODZmYy0yNDE0LTlkODgtOWZjZi1kMDIxY2I4ZTY0NjVfMTgiCn0=", "workType": "Part Time", "isPrivateAdvertiser": false}, {"advertiser": {"id": "27493644", "description": "Aldi Stores"}, "automaticInclusion": false, "bulletPoints": [], "classification": {"id": "6043", "description": "Retail & Consumer Products"}, "companyName": "ALDI", "companyProfileStructuredDataId": 5197, "displayType": "standard", "listingDateDisplay": "5d ago", "location": "Port Macquarie & Mid North Coast", "locationId": 5040, "locationWhereValue": "Port Macquarie & Mid North Coast NSW", "id": 59623083, "isPremium": false, "isStandOut": false, "jobLocation": {"label": "Taree, Port Macquarie & Mid North Coast NSW", "countryCode": "AU", "seoHierarchy": [{"contextualName": "Taree NSW 2430"}, {"contextualName": "Port Macquarie & Mid North Coast NSW"}]}, "listingDate": "2023-01-05T23:57:09Z", "logo": {"id": "", "description": null}, "roleId": "retail-sales-assistant", "salary": "", "solMetadata": {"searchRequestToken": "b5678876-86f3-494f-9038-9fbd4d28643b", "token": "0~b5678876-86f3-494f-9038-9fbd4d28643b", "jobId": "59623083", "section": "MAIN", "sectionRank": 99, "jobAdType": "ORGANIC", "tags": {"mordor__flights": "mordor_123"}}, "subClassification": {"id": "6050", "description": "Retail Assistants"}, "suburb": "Taree", "suburbId": 16498, "suburbWhereValue": "Taree NSW 2430", "teaser": "Whether they\u2019re racing to fill shelves or scanning through customers, our Retail Assistants can do everything and anything.", "title": "Retail Assistant Taree", "tracking": "ewogICJ0b2tlbiI6ICI5ZTYyODZmYy0yNDE0LTlkODgtOWZjZi1kMDIxY2I4ZTY0NjVfMTkiCn0=", "workType": "Part Time", "isPrivateAdvertiser": false}, {"advertiser": {"id": "27493644", "description": "Aldi Stores"}, "automaticInclusion": false, "bulletPoints": [], "classification": {"id": "6043", "description": "Retail & Consumer Products"}, "companyName": "ALDI", "companyProfileStructuredDataId": 5197, "displayType": "standard", "listingDateDisplay": "6d ago", "location": "Mildura & Murray", "locationId": 5074, "locationWhereValue": "Mildura & Murray VIC", "id": 59619893, "isPremium": false, "isStandOut": false, "jobLocation": {"label": "Swan Hill, Mildura & Murray VIC", "countryCode": "AU", "seoHierarchy": [{"contextualName": "Swan Hill VIC 3585"}, {"contextualName": "Mildura & Murray VIC"}]}, "listingDate": "2023-01-05T09:10:04Z", "logo": {"id": "", "description": null}, "roleId": "retail-sales-assistant", "salary": "", "solMetadata": {"searchRequestToken": "b5678876-86f3-494f-9038-9fbd4d28643b", "token": "0~b5678876-86f3-494f-9038-9fbd4d28643b", "jobId": "59619893", "section": "MAIN", "sectionRank": 100, "jobAdType": "ORGANIC", "tags": {"mordor__flights": "mordor_123"}}, "subClassification": {"id": "6050", "description": "Retail Assistants"}, "suburb": "Swan Hill", "suburbId": 16319, "suburbWhereValue": "Swan Hill VIC 3585", "teaser": "Whether they\u2019re racing to fill shelves or scanning through customers, our Retail Assistants can do everything and anything.", "title": "Retail Assistant - Swan Hill - 20 hours p/w", "tracking": "ewogICJ0b2tlbiI6ICI5ZTYyODZmYy0yNDE0LTlkODgtOWZjZi1kMDIxY2I4ZTY0NjVfMjAiCn0=", "workType": "Part Time", "isPrivateAdvertiser": false}], "title": "Jobs in All Australia", "totalCount": 417, "paginationParameters": {"seekSelectAllPages": true, "hadPremiumListings": false}, "info": {"timeTaken": 63, "source": "JobSearch-sm", "experiment": "mordor_123"}, "userQueryId": "a3f7e6f85be73fd8fe2e3d5ea92001b7-7335003", "sortMode": [{"isActive": true, "name": "Relevance", "value": "KeywordRelevance"}, {"isActive": false, "name": "Date", "value": "ListedDate"}], "solMetadata": {"requestToken": "b5678876-86f3-494f-9038-9fbd4d28643b", "token": "0~b5678876-86f3-494f-9038-9fbd4d28643b", "sortMode": "RELEVANCE", "locations": ["seek-3000"], "locationDistance": 50, "employer": "ALDI", "pageSize": 20, "pageNumber": 5, "totalJobCount": 417, "tags": {"mordor__flights": "mordor_123", "chalice-search-api:solId": "c00c353f-a376-4b96-b397-16e262dbd3d3"}}, "location": {"matched": true, "whereId": 3000, "type": "Country", "suburbType": "rural", "description": "All Australia", "stateDescription": "", "locationId": 3000, "locationDescription": "", "areaId": 0, "areaDescription": "", "suburbParentDescription": ""}, "canonicalCompany": {"id": "5197", "description": "ALDI"}, "companySuggestion": {"search": {"keywords": "ALDI"}, "count": "461"}, "joraCrossLink": {"canCrossLink": false}, "searchParams": {"sitekey": "AU-Main", "sourcesystem": "houston", "userqueryid": "a3f7e6f85be73fd8fe2e3d5ea92001b7-7335003", "userid": "5959404e-631e-45a1-bb3b-2ae481757cf6", "usersessionid": "5959404e-631e-45a1-bb3b-2ae481757cf6", "eventcapturesessionid": "5959404e-631e-45a1-bb3b-2ae481757cf6", "where": "All Australia", "page": "5", "seekselectallpages": "true", "companyname": "ALDI", "include": "seodata", "solid": "c00c353f-a376-4b96-b397-16e262dbd3d3"}}