{"data": [{"advertiser": {"id": "27493644", "description": "Aldi Stores"}, "automaticInclusion": false, "bulletPoints": [], "classification": {"id": "6043", "description": "Retail & Consumer Products"}, "companyName": "ALDI", "companyProfileStructuredDataId": 5197, "displayType": "standard", "listingDateDisplay": "5d ago", "location": "South West Coast VIC", "locationId": 5068, "locationWhereValue": "South West Coast VIC", "id": 59622368, "isPremium": false, "isStandOut": false, "jobLocation": {"label": "Belmont, South West Coast VIC", "countryCode": "AU", "seoHierarchy": [{"contextualName": "Belmont VIC 3216"}, {"contextualName": "South West Coast VIC"}]}, "listingDate": "2023-01-05T23:11:50Z", "logo": {"id": "", "description": null}, "roleId": "store-manager", "salary": "", "solMetadata": {"searchRequestToken": "d24aa2d0-a6f2-4f75-a4bf-5fdc51773959", "token": "0~d24aa2d0-a6f2-4f75-a4bf-5fdc51773959", "jobId": "59622368", "section": "MAIN", "sectionRank": 221, "jobAdType": "ORGANIC", "tags": {"mordor__flights": "mordor_123"}}, "subClassification": {"id": "6047", "description": "Management - Store"}, "suburb": "Belmont", "suburbId": 17353, "suburbWhereValue": "Belmont VIC 3216", "teaser": "From driving sales and controlling costs, to serving customers & training staff, our Duty Store Managers always lead from the front.", "title": "TC- Duty Store Manager Belmont, Highton/ Grovedale", "tracking": "ewogICJ0b2tlbiI6ICIxY2QzOTgxNy1jOWRkLTk2NmEtODYxNC0yODRmZGM5MzFhOGVfMSIKfQ==", "workType": "Part Time", "isPrivateAdvertiser": false}, {"advertiser": {"id": "27493644", "description": "Aldi Stores"}, "area": "Fremantle & Southern Suburbs", "areaId": 5050, "areaWhereValue": "Fremantle & Southern Suburbs Perth WA", "automaticInclusion": false, "bulletPoints": [], "classification": {"id": "6043", "description": "Retail & Consumer Products"}, "companyName": "ALDI", "companyProfileStructuredDataId": 5197, "displayType": "standard", "listingDateDisplay": "8d ago", "location": "Perth", "locationId": 1009, "locationWhereValue": "All Perth WA", "id": 59593341, "isPremium": false, "isStandOut": false, "jobLocation": {"label": "Cannington, Perth WA", "countryCode": "AU", "seoHierarchy": [{"contextualName": "Cannington WA 6107"}, {"contextualName": "All Perth WA"}]}, "listingDate": "2023-01-03T04:06:45Z", "logo": {"id": "", "description": null}, "roleId": "store-manager", "salary": "", "solMetadata": {"searchRequestToken": "d24aa2d0-a6f2-4f75-a4bf-5fdc51773959", "token": "0~d24aa2d0-a6f2-4f75-a4bf-5fdc51773959", "jobId": "59593341", "section": "MAIN", "sectionRank": 222, "jobAdType": "ORGANIC", "tags": {"mordor__flights": "mordor_123"}}, "subClassification": {"id": "6047", "description": "Management - Store"}, "suburb": "Cannington", "suburbId": 22506, "suburbWhereValue": "Cannington WA 6107", "teaser": "From driving sales and controlling costs, to serving customers & training staff, our Duty Store Managers always lead from the front.", "title": "Duty Store Manager - Cannington", "tracking": "ewogICJ0b2tlbiI6ICIxY2QzOTgxNy1jOWRkLTk2NmEtODYxNC0yODRmZGM5MzFhOGVfMiIKfQ==", "workType": "Part Time", "isPrivateAdvertiser": false}, {"advertiser": {"id": "27493644", "description": "Aldi Stores"}, "area": "Fremantle & Southern Suburbs", "areaId": 5050, "areaWhereValue": "Fremantle & Southern Suburbs Perth WA", "automaticInclusion": false, "bulletPoints": [], "classification": {"id": "6043", "description": "Retail & Consumer Products"}, "companyName": "ALDI", "companyProfileStructuredDataId": 5197, "displayType": "standard", "listingDateDisplay": "8d ago", "location": "Perth", "locationId": 1009, "locationWhereValue": "All Perth WA", "id": 59593390, "isPremium": false, "isStandOut": false, "jobLocation": {"label": "Willetton, Perth WA", "countryCode": "AU", "seoHierarchy": [{"contextualName": "Willetton WA 6155"}, {"contextualName": "All Perth WA"}]}, "listingDate": "2023-01-03T04:09:08Z", "logo": {"id": "", "description": null}, "roleId": "store-manager", "salary": "", "solMetadata": {"searchRequestToken": "d24aa2d0-a6f2-4f75-a4bf-5fdc51773959", "token": "0~d24aa2d0-a6f2-4f75-a4bf-5fdc51773959", "jobId": "59593390", "section": "MAIN", "sectionRank": 223, "jobAdType": "ORGANIC", "tags": {"mordor__flights": "mordor_123"}}, "subClassification": {"id": "6047", "description": "Management - Store"}, "suburb": "Willetton", "suburbId": 10181, "suburbWhereValue": "Willetton WA 6155", "teaser": "From driving sales and controlling costs, to serving customers & training staff, our Duty Store Managers always lead from the front.", "title": "Duty Store Manager - Willetton", "tracking": "ewogICJ0b2tlbiI6ICIxY2QzOTgxNy1jOWRkLTk2NmEtODYxNC0yODRmZGM5MzFhOGVfMyIKfQ==", "workType": "Part Time", "isPrivateAdvertiser": false}, {"advertiser": {"id": "27493644", "description": "Aldi Stores"}, "area": "Parramatta & Western Suburbs", "areaId": 5030, "areaWhereValue": "Parramatta & Western Suburbs Sydney NSW", "automaticInclusion": false, "bulletPoints": [], "classification": {"id": "6092", "description": "Manufacturing, Transport & Logistics"}, "companyName": "ALDI", "companyProfileStructuredDataId": 5197, "displayType": "standard", "listingDateDisplay": "22d ago", "location": "Sydney", "locationId": 1000, "locationWhereValue": "All Sydney NSW", "id": 59533804, "isPremium": false, "isStandOut": false, "jobLocation": {"label": "Minchinbury, Sydney NSW", "countryCode": "AU", "seoHierarchy": [{"contextualName": "Minchinbury NSW 2770"}, {"contextualName": "All Sydney NSW"}]}, "listingDate": "2022-12-20T13:01:09Z", "logo": {"id": "", "description": null}, "roleId": "warehouse-operator", "salary": "", "solMetadata": {"searchRequestToken": "d24aa2d0-a6f2-4f75-a4bf-5fdc51773959", "token": "0~d24aa2d0-a6f2-4f75-a4bf-5fdc51773959", "jobId": "59533804", "section": "MAIN", "sectionRank": 224, "jobAdType": "ORGANIC", "tags": {"mordor__flights": "mordor_123"}}, "subClassification": {"id": "6108", "description": "Warehousing, Storage & Distribution"}, "suburb": "Minchinbury", "suburbId": 18808, "suburbWhereValue": "Minchinbury NSW 2770", "teaser": "Our energetic Warehouse Pickers are responsible for accurately picking and dispatching goods, managing orders and controlling stock levels.", "title": "Warehouse Operator - 12pm Afternoon Shift", "tracking": "ewogICJ0b2tlbiI6ICIxY2QzOTgxNy1jOWRkLTk2NmEtODYxNC0yODRmZGM5MzFhOGVfNCIKfQ==", "workType": "Part Time", "isPrivateAdvertiser": false}, {"advertiser": {"id": "27493644", "description": "Aldi Stores"}, "area": "Bayside & South Eastern Suburbs", "areaId": 5070, "areaWhereValue": "Bayside & South Eastern Suburbs Melbourne VIC", "automaticInclusion": false, "bulletPoints": [], "classification": {"id": "6043", "description": "Retail & Consumer Products"}, "companyName": "ALDI", "companyProfileStructuredDataId": 5197, "displayType": "standard", "listingDateDisplay": "23d ago", "location": "Melbourne", "locationId": 1002, "locationWhereValue": "All Melbourne VIC", "id": 59518038, "isPremium": false, "isStandOut": false, "jobLocation": {"label": "Mentone, Melbourne VIC", "countryCode": "AU", "seoHierarchy": [{"contextualName": "Mentone VIC 3194"}, {"contextualName": "All Melbourne VIC"}]}, "listingDate": "2022-12-19T01:43:14Z", "logo": {"id": "", "description": null}, "roleId": "retail-sales-assistant", "salary": "", "solMetadata": {"searchRequestToken": "d24aa2d0-a6f2-4f75-a4bf-5fdc51773959", "token": "0~d24aa2d0-a6f2-4f75-a4bf-5fdc51773959", "jobId": "59518038", "section": "MAIN", "sectionRank": 225, "jobAdType": "ORGANIC", "tags": {"mordor__flights": "mordor_123"}}, "subClassification": {"id": "6050", "description": "Retail Assistants"}, "suburb": "Mentone", "suburbId": 18614, "suburbWhereValue": "Mentone VIC 3194", "teaser": "Whether they\u2019re racing to fill shelves or scanning through customers, our Retail Assistants can do everything and anything.", "title": "Retail Assistant - Mentone", "tracking": "ewogICJ0b2tlbiI6ICIxY2QzOTgxNy1jOWRkLTk2NmEtODYxNC0yODRmZGM5MzFhOGVfNSIKfQ==", "workType": "Part Time", "isPrivateAdvertiser": false}, {"advertiser": {"id": "27493644", "description": "Aldi Stores"}, "area": "Bayside & South Eastern Suburbs", "areaId": 5070, "areaWhereValue": "Bayside & South Eastern Suburbs Melbourne VIC", "automaticInclusion": false, "bulletPoints": [], "classification": {"id": "6043", "description": "Retail & Consumer Products"}, "companyName": "ALDI", "companyProfileStructuredDataId": 5197, "displayType": "standard", "listingDateDisplay": "23d ago", "location": "Melbourne", "locationId": 1002, "locationWhereValue": "All Melbourne VIC", "id": 59518072, "isPremium": false, "isStandOut": false, "jobLocation": {"label": "Moorabbin, Melbourne VIC", "countryCode": "AU", "seoHierarchy": [{"contextualName": "Moorabbin VIC 3189"}, {"contextualName": "All Melbourne VIC"}]}, "listingDate": "2022-12-19T01:45:07Z", "logo": {"id": "", "description": null}, "roleId": "retail-sales-assistant", "salary": "", "solMetadata": {"searchRequestToken": "d24aa2d0-a6f2-4f75-a4bf-5fdc51773959", "token": "0~d24aa2d0-a6f2-4f75-a4bf-5fdc51773959", "jobId": "59518072", "section": "MAIN", "sectionRank": 226, "jobAdType": "ORGANIC", "tags": {"mordor__flights": "mordor_123"}}, "subClassification": {"id": "6050", "description": "Retail Assistants"}, "suburb": "Moorabbin", "suburbId": 19061, "suburbWhereValue": "Moorabbin VIC 3189", "teaser": "Whether they\u2019re racing to fill shelves or scanning through customers, our Retail Assistants can do everything and anything.", "title": "Retail Assistant - Moorabbin", "tracking": "ewogICJ0b2tlbiI6ICIxY2QzOTgxNy1jOWRkLTk2NmEtODYxNC0yODRmZGM5MzFhOGVfNiIKfQ==", "workType": "Part Time", "isPrivateAdvertiser": false}, {"advertiser": {"id": "27493644", "description": "Aldi Stores"}, "area": "Western Suburbs", "areaId": 5073, "areaWhereValue": "Western Suburbs Melbourne VIC", "automaticInclusion": false, "bulletPoints": [], "classification": {"id": "6043", "description": "Retail & Consumer Products"}, "companyName": "ALDI", "companyProfileStructuredDataId": 5197, "displayType": "standard", "listingDateDisplay": "9d ago", "location": "Melbourne", "locationId": 1002, "locationWhereValue": "All Melbourne VIC", "id": 59583334, "isPremium": false, "isStandOut": false, "jobLocation": {"label": "Werribee, Melbourne VIC", "countryCode": "AU", "seoHierarchy": [{"contextualName": "Werribee VIC 3030"}, {"contextualName": "All Melbourne VIC"}]}, "listingDate": "2023-01-02T06:26:00Z", "logo": {"id": "", "description": null}, "roleId": "assistant-store-manager", "salary": "", "solMetadata": {"searchRequestToken": "d24aa2d0-a6f2-4f75-a4bf-5fdc51773959", "token": "0~d24aa2d0-a6f2-4f75-a4bf-5fdc51773959", "jobId": "59583334", "section": "MAIN", "sectionRank": 227, "jobAdType": "ORGANIC", "tags": {"mordor__flights": "mordor_123"}}, "subClassification": {"id": "6047", "description": "Management - Store"}, "suburb": "Werribee", "suburbId": 22084, "suburbWhereValue": "Werribee VIC 3030", "teaser": "Whether it\u2019s managing rosters or cleaning up a spill in aisle 3, our Assistant Store Managers always lead from the front.", "title": "Assistant Store Manager - Central/Werribee Plaza", "tracking": "ewogICJ0b2tlbiI6ICIxY2QzOTgxNy1jOWRkLTk2NmEtODYxNC0yODRmZGM5MzFhOGVfNyIKfQ==", "workType": "Full Time", "isPrivateAdvertiser": false}, {"advertiser": {"id": "27493644", "description": "Aldi Stores"}, "automaticInclusion": false, "bulletPoints": [], "classification": {"id": "6043", "description": "Retail & Consumer Products"}, "companyName": "ALDI", "companyProfileStructuredDataId": 5197, "displayType": "standard", "listingDateDisplay": "20d ago", "location": "Tamworth & North West NSW", "locationId": 5042, "locationWhereValue": "Tamworth & North West NSW", "id": 59554599, "isPremium": false, "isStandOut": false, "jobLocation": {"label": "Tamworth, Tamworth & North West NSW", "countryCode": "AU", "seoHierarchy": [{"contextualName": "Tamworth NSW 2340"}, {"contextualName": "Tamworth & North West NSW"}]}, "listingDate": "2022-12-22T05:47:14Z", "logo": {"id": "", "description": null}, "roleId": "retail-sales-assistant", "salary": "", "solMetadata": {"searchRequestToken": "d24aa2d0-a6f2-4f75-a4bf-5fdc51773959", "token": "0~d24aa2d0-a6f2-4f75-a4bf-5fdc51773959", "jobId": "59554599", "section": "MAIN", "sectionRank": 228, "jobAdType": "ORGANIC", "tags": {"mordor__flights": "mordor_123"}}, "subClassification": {"id": "6050", "description": "Retail Assistants"}, "suburb": "Tamworth", "suburbId": 16445, "suburbWhereValue": "Tamworth NSW 2340", "teaser": "Whether they\u2019re racing to fill shelves or scanning through customers, our Retail Assistants can do everything and anything.", "title": "Retail Assistant - Tamworth", "tracking": "ewogICJ0b2tlbiI6ICIxY2QzOTgxNy1jOWRkLTk2NmEtODYxNC0yODRmZGM5MzFhOGVfOCIKfQ==", "workType": "Part Time", "isPrivateAdvertiser": false}, {"advertiser": {"id": "27493644", "description": "Aldi Stores"}, "area": "South West & M5 Corridor", "areaId": 5033, "areaWhereValue": "South West & M5 Corridor Sydney NSW", "automaticInclusion": false, "bulletPoints": [], "classification": {"id": "6092", "description": "Manufacturing, Transport & Logistics"}, "companyName": "ALDI", "companyProfileStructuredDataId": 5197, "displayType": "standard", "listingDateDisplay": "19d ago", "location": "Sydney", "locationId": 1000, "locationWhereValue": "All Sydney NSW", "id": 59564427, "isPremium": false, "isStandOut": false, "jobLocation": {"label": "Prestons, Sydney NSW", "countryCode": "AU", "seoHierarchy": [{"contextualName": "Prestons NSW 2170"}, {"contextualName": "All Sydney NSW"}]}, "listingDate": "2022-12-23T13:01:11Z", "logo": {"id": "", "description": null}, "roleId": "transport-supervisor", "salary": "", "solMetadata": {"searchRequestToken": "d24aa2d0-a6f2-4f75-a4bf-5fdc51773959", "token": "0~d24aa2d0-a6f2-4f75-a4bf-5fdc51773959", "jobId": "59564427", "section": "MAIN", "sectionRank": 229, "jobAdType": "ORGANIC", "tags": {"mordor__flights": "mordor_123"}}, "subClassification": {"id": "6107", "description": "Team Leaders/Supervisors"}, "suburb": "Prestons", "suburbId": 12018, "suburbWhereValue": "Prestons NSW 2170", "teaser": "Based at Prestons DC, you will be responsible for balancing priorities, meeting deadlines and running the day to day operations of the transport area!", "title": "Assistant Transport Supervisor", "tracking": "ewogICJ0b2tlbiI6ICIxY2QzOTgxNy1jOWRkLTk2NmEtODYxNC0yODRmZGM5MzFhOGVfOSIKfQ==", "workType": "Full Time", "isPrivateAdvertiser": false}, {"advertiser": {"id": "27631710", "description": "ALDI Stores"}, "area": "Bayside & South Eastern Suburbs", "areaId": 5070, "areaWhereValue": "Bayside & South Eastern Suburbs Melbourne VIC", "automaticInclusion": false, "branding": {"id": "9b144343-530f-0eb7-306e-1e80f4e30aad", "assets": {"logo": {"strategies": {"jdpLogo": "https://bx-branding-gateway.cloud.seek.com.au/9b144343-530f-0eb7-306e-1e80f4e30aad/jdpLogo", "serpLogo": "https://bx-branding-gateway.cloud.seek.com.au/9b144343-530f-0eb7-306e-1e80f4e30aad/serpLogo"}}}}, "bulletPoints": ["Permanent Contract", "First class Trucks", "Immediate start and safe working environment"], "classification": {"id": "6092", "description": "Manufacturing, Transport & Logistics"}, "companyName": "ALDI", "companyProfileStructuredDataId": 5197, "displayType": "standout", "listingDateDisplay": "13d ago", "location": "Melbourne", "locationId": 1002, "locationWhereValue": "All Melbourne VIC", "id": 59575878, "isPremium": false, "isStandOut": true, "jobLocation": {"label": "Dandenong, Melbourne VIC", "countryCode": "AU", "seoHierarchy": [{"contextualName": "Dandenong VIC 3175"}, {"contextualName": "All Melbourne VIC"}]}, "listingDate": "2022-12-29T07:20:49Z", "logo": {"id": "", "description": null}, "roleId": "truckdriver", "salary": "$31 - $36 per hour", "solMetadata": {"searchRequestToken": "d24aa2d0-a6f2-4f75-a4bf-5fdc51773959", "token": "0~d24aa2d0-a6f2-4f75-a4bf-5fdc51773959", "jobId": "59575878", "section": "MAIN", "sectionRank": 230, "jobAdType": "ORGANIC", "tags": {"mordor__flights": "mordor_123"}}, "subClassification": {"id": "6111", "description": "Road Transport"}, "suburb": "Dandenong", "suburbId": 15079, "suburbWhereValue": "Dandenong VIC 3175", "teaser": "We are hiring Truck Drivers for our ALDI Distribution Centres across Australia!", "title": "Truck Driver", "tracking": "ewogICJ0b2tlbiI6ICIxY2QzOTgxNy1jOWRkLTk2NmEtODYxNC0yODRmZGM5MzFhOGVfMTAiCn0=", "workType": "Part Time", "isPrivateAdvertiser": false}, {"advertiser": {"id": "27493644", "description": "Aldi Stores"}, "automaticInclusion": false, "bulletPoints": [], "classification": {"id": "6043", "description": "Retail & Consumer Products"}, "companyName": "ALDI", "companyProfileStructuredDataId": 5197, "displayType": "standard", "listingDateDisplay": "6d ago", "location": "Mildura & Murray", "locationId": 5074, "locationWhereValue": "Mildura & Murray VIC", "id": 59619891, "isPremium": false, "isStandOut": false, "jobLocation": {"label": "Swan Hill, Mildura & Murray VIC", "countryCode": "AU", "seoHierarchy": [{"contextualName": "Swan Hill VIC 3585"}, {"contextualName": "Mildura & Murray VIC"}]}, "listingDate": "2023-01-05T09:09:07Z", "logo": {"id": "", "description": null}, "roleId": "assistant-store-manager", "salary": "", "solMetadata": {"searchRequestToken": "d24aa2d0-a6f2-4f75-a4bf-5fdc51773959", "token": "0~d24aa2d0-a6f2-4f75-a4bf-5fdc51773959", "jobId": "59619891", "section": "MAIN", "sectionRank": 231, "jobAdType": "ORGANIC", "tags": {"mordor__flights": "mordor_123"}}, "subClassification": {"id": "6047", "description": "Management - Store"}, "suburb": "Swan Hill", "suburbId": 16319, "suburbWhereValue": "Swan Hill VIC 3585", "teaser": "Whether it\u2019s managing rosters or cleaning up a spill in aisle 3, our Assistant Store Managers always lead from the front.", "title": "Assistant Store Manager - Swan Hill", "tracking": "ewogICJ0b2tlbiI6ICIxY2QzOTgxNy1jOWRkLTk2NmEtODYxNC0yODRmZGM5MzFhOGVfMTEiCn0=", "workType": "Full Time", "isPrivateAdvertiser": false}, {"advertiser": {"id": "27493644", "description": "Aldi Stores"}, "area": "Southern Suburbs & Sutherland Shire", "areaId": 5032, "areaWhereValue": "Southern Suburbs & Sutherland Shire Sydney NSW", "automaticInclusion": false, "bulletPoints": [], "classification": {"id": "6043", "description": "Retail & Consumer Products"}, "companyName": "ALDI", "companyProfileStructuredDataId": 5197, "displayType": "standard", "listingDateDisplay": "10d ago", "location": "Sydney", "locationId": 1000, "locationWhereValue": "All Sydney NSW", "id": 59581332, "isPremium": false, "isStandOut": false, "jobLocation": {"label": "Lakemba, Sydney NSW", "countryCode": "AU", "seoHierarchy": [{"contextualName": "Lakemba NSW 2195"}, {"contextualName": "All Sydney NSW"}]}, "listingDate": "2023-01-01T03:18:55Z", "logo": {"id": "", "description": null}, "roleId": "store-manager", "salary": "", "solMetadata": {"searchRequestToken": "d24aa2d0-a6f2-4f75-a4bf-5fdc51773959", "token": "0~d24aa2d0-a6f2-4f75-a4bf-5fdc51773959", "jobId": "59581332", "section": "MAIN", "sectionRank": 232, "jobAdType": "ORGANIC", "tags": {"mordor__flights": "mordor_123"}}, "subClassification": {"id": "6047", "description": "Management - Store"}, "suburb": "Lakemba", "suburbId": 13526, "suburbWhereValue": "Lakemba NSW 2195", "teaser": "From driving sales and controlling costs, to serving customers & training staff, our Duty Store Managers always lead from the front.", "title": "Duty Store Manager - Lakemba", "tracking": "ewogICJ0b2tlbiI6ICIxY2QzOTgxNy1jOWRkLTk2NmEtODYxNC0yODRmZGM5MzFhOGVfMTIiCn0=", "workType": "Part Time", "isPrivateAdvertiser": false}, {"advertiser": {"id": "27493644", "description": "Aldi Stores"}, "area": "Parramatta & Western Suburbs", "areaId": 5030, "areaWhereValue": "Parramatta & Western Suburbs Sydney NSW", "automaticInclusion": false, "bulletPoints": [], "classification": {"id": "6043", "description": "Retail & Consumer Products"}, "companyName": "ALDI", "companyProfileStructuredDataId": 5197, "displayType": "standard", "listingDateDisplay": "8d ago", "location": "Sydney", "locationId": 1000, "locationWhereValue": "All Sydney NSW", "id": 59584689, "isPremium": false, "isStandOut": false, "jobLocation": {"label": "Fairfield West, Sydney NSW", "countryCode": "AU", "seoHierarchy": [{"contextualName": "Fairfield West NSW 2165"}, {"contextualName": "All Sydney NSW"}]}, "listingDate": "2023-01-02T22:02:01Z", "logo": {"id": "", "description": null}, "roleId": "store-manager", "salary": "", "solMetadata": {"searchRequestToken": "d24aa2d0-a6f2-4f75-a4bf-5fdc51773959", "token": "0~d24aa2d0-a6f2-4f75-a4bf-5fdc51773959", "jobId": "59584689", "section": "MAIN", "sectionRank": 233, "jobAdType": "ORGANIC", "tags": {"mordor__flights": "mordor_123"}}, "subClassification": {"id": "6047", "description": "Management - Store"}, "suburb": "Fairfield West", "suburbId": 20236, "suburbWhereValue": "Fairfield West NSW 2165", "teaser": "From driving sales and controlling costs, to serving customers & training staff, our Duty Store Managers always lead from the front.", "title": "Duty Store Manager - Fairfield West", "tracking": "ewogICJ0b2tlbiI6ICIxY2QzOTgxNy1jOWRkLTk2NmEtODYxNC0yODRmZGM5MzFhOGVfMTMiCn0=", "workType": "Part Time", "isPrivateAdvertiser": false}, {"advertiser": {"id": "27493644", "description": "Aldi Stores"}, "area": "Southern Suburbs & Sutherland Shire", "areaId": 5032, "areaWhereValue": "Southern Suburbs & Sutherland Shire Sydney NSW", "automaticInclusion": false, "bulletPoints": [], "classification": {"id": "6043", "description": "Retail & Consumer Products"}, "companyName": "ALDI", "companyProfileStructuredDataId": 5197, "displayType": "standard", "listingDateDisplay": "12d ago", "location": "Sydney", "locationId": 1000, "locationWhereValue": "All Sydney NSW", "id": 59577301, "isPremium": false, "isStandOut": false, "jobLocation": {"label": "Lakemba, Sydney NSW", "countryCode": "AU", "seoHierarchy": [{"contextualName": "Lakemba NSW 2195"}, {"contextualName": "All Sydney NSW"}]}, "listingDate": "2022-12-29T22:55:23Z", "logo": {"id": "", "description": null}, "roleId": "assistant-store-manager", "salary": "", "solMetadata": {"searchRequestToken": "d24aa2d0-a6f2-4f75-a4bf-5fdc51773959", "token": "0~d24aa2d0-a6f2-4f75-a4bf-5fdc51773959", "jobId": "59577301", "section": "MAIN", "sectionRank": 234, "jobAdType": "ORGANIC", "tags": {"mordor__flights": "mordor_123"}}, "subClassification": {"id": "6047", "description": "Management - Store"}, "suburb": "Lakemba", "suburbId": 13526, "suburbWhereValue": "Lakemba NSW 2195", "teaser": "Whether it\u2019s managing rosters or cleaning up a spill in aisle 3, our Assistant Store Managers always lead from the front.", "title": "Assistant Store Manager - Lakemba", "tracking": "ewogICJ0b2tlbiI6ICIxY2QzOTgxNy1jOWRkLTk2NmEtODYxNC0yODRmZGM5MzFhOGVfMTQiCn0=", "workType": "Full Time", "isPrivateAdvertiser": false}, {"advertiser": {"id": "27493644", "description": "Aldi Stores"}, "area": "Northern Suburbs", "areaId": 5072, "areaWhereValue": "Northern Suburbs Melbourne VIC", "automaticInclusion": false, "bulletPoints": [], "classification": {"id": "6043", "description": "Retail & Consumer Products"}, "companyName": "ALDI", "companyProfileStructuredDataId": 5197, "displayType": "standard", "listingDateDisplay": "7d ago", "location": "Melbourne", "locationId": 1002, "locationWhereValue": "All Melbourne VIC", "id": 59603958, "isPremium": false, "isStandOut": false, "jobLocation": {"label": "Heidelberg West, Melbourne VIC", "countryCode": "AU", "seoHierarchy": [{"contextualName": "Heidelberg West VIC 3081"}, {"contextualName": "All Melbourne VIC"}]}, "listingDate": "2023-01-04T02:48:13Z", "logo": {"id": "", "description": null}, "roleId": "store-manager", "salary": "", "solMetadata": {"searchRequestToken": "d24aa2d0-a6f2-4f75-a4bf-5fdc51773959", "token": "0~d24aa2d0-a6f2-4f75-a4bf-5fdc51773959", "jobId": "59603958", "section": "MAIN", "sectionRank": 235, "jobAdType": "ORGANIC", "tags": {"mordor__flights": "mordor_123"}}, "subClassification": {"id": "6047", "description": "Management - Store"}, "suburb": "Heidelberg West", "suburbId": 23159, "suburbWhereValue": "Heidelberg West VIC 3081", "teaser": "From driving sales and controlling costs, to serving customers & training staff, our Shift Managers always lead from the front.", "title": "Duty Store Manager - Heidelberg West/ Northland/ Preston  South", "tracking": "ewogICJ0b2tlbiI6ICIxY2QzOTgxNy1jOWRkLTk2NmEtODYxNC0yODRmZGM5MzFhOGVfMTUiCn0=", "workType": "Part Time", "isPrivateAdvertiser": false}, {"advertiser": {"id": "27493644", "description": "Aldi Stores"}, "automaticInclusion": false, "bulletPoints": [], "classification": {"id": "6043", "description": "Retail & Consumer Products"}, "companyName": "ALDI", "companyProfileStructuredDataId": 5197, "displayType": "standard", "listingDateDisplay": "13d ago", "location": "Blue Mountains & Central West", "locationId": 5025, "locationWhereValue": "Blue Mountains & Central West NSW", "id": 59572949, "isPremium": false, "isStandOut": false, "jobLocation": {"label": "Orange, Blue Mountains & Central West NSW", "countryCode": "AU", "seoHierarchy": [{"contextualName": "Orange NSW 2800"}, {"contextualName": "Blue Mountains & Central West NSW"}]}, "listingDate": "2022-12-28T22:00:58Z", "logo": {"id": "", "description": null}, "roleId": "retail-sales-assistant", "salary": "", "solMetadata": {"searchRequestToken": "d24aa2d0-a6f2-4f75-a4bf-5fdc51773959", "token": "0~d24aa2d0-a6f2-4f75-a4bf-5fdc51773959", "jobId": "59572949", "section": "MAIN", "sectionRank": 236, "jobAdType": "ORGANIC", "tags": {"mordor__flights": "mordor_123"}}, "subClassification": {"id": "6050", "description": "Retail Assistants"}, "suburb": "Orange", "suburbId": 24250, "suburbWhereValue": "Orange NSW 2800", "teaser": "Whether they\u2019re racing to fill shelves or scanning through customers, our Retail Assistants can do everything and anything.", "title": "Retail Assistant - ALDI Recruitment Event - Orange", "tracking": "ewogICJ0b2tlbiI6ICIxY2QzOTgxNy1jOWRkLTk2NmEtODYxNC0yODRmZGM5MzFhOGVfMTYiCn0=", "workType": "Part Time", "isPrivateAdvertiser": false}, {"advertiser": {"id": "27493644", "description": "Aldi Stores"}, "area": "Bayside & South Eastern Suburbs", "areaId": 5070, "areaWhereValue": "Bayside & South Eastern Suburbs Melbourne VIC", "automaticInclusion": false, "bulletPoints": [], "classification": {"id": "6043", "description": "Retail & Consumer Products"}, "companyName": "ALDI", "companyProfileStructuredDataId": 5197, "displayType": "standard", "listingDateDisplay": "8d ago", "location": "Melbourne", "locationId": 1002, "locationWhereValue": "All Melbourne VIC", "id": 59594073, "isPremium": false, "isStandOut": false, "jobLocation": {"label": "Cheltenham, Melbourne VIC", "countryCode": "AU", "seoHierarchy": [{"contextualName": "Cheltenham VIC 3192"}, {"contextualName": "All Melbourne VIC"}]}, "listingDate": "2023-01-03T04:32:54Z", "logo": {"id": "", "description": null}, "roleId": "store-manager", "salary": "", "solMetadata": {"searchRequestToken": "d24aa2d0-a6f2-4f75-a4bf-5fdc51773959", "token": "0~d24aa2d0-a6f2-4f75-a4bf-5fdc51773959", "jobId": "59594073", "section": "MAIN", "sectionRank": 237, "jobAdType": "ORGANIC", "tags": {"mordor__flights": "mordor_123"}}, "subClassification": {"id": "6047", "description": "Management - Store"}, "suburb": "Cheltenham", "suburbId": 22829, "suburbWhereValue": "Cheltenham VIC 3192", "teaser": "From driving sales and controlling costs, to serving customers & training staff, our Duty Store Managers always lead from the front.", "title": "ALDI Southland - Duty Store Manager", "tracking": "ewogICJ0b2tlbiI6ICIxY2QzOTgxNy1jOWRkLTk2NmEtODYxNC0yODRmZGM5MzFhOGVfMTciCn0=", "workType": "Part Time", "isPrivateAdvertiser": false}, {"advertiser": {"id": "27493644", "description": "Aldi Stores"}, "area": "Parramatta & Western Suburbs", "areaId": 5030, "areaWhereValue": "Parramatta & Western Suburbs Sydney NSW", "automaticInclusion": false, "bulletPoints": [], "classification": {"id": "1200", "description": "Accounting"}, "companyName": "ALDI", "companyProfileStructuredDataId": 5197, "displayType": "standard", "listingDateDisplay": "14d ago", "location": "Sydney", "locationId": 1000, "locationWhereValue": "All Sydney NSW", "id": 59569184, "isPremium": false, "isStandOut": false, "jobLocation": {"label": "Minchinbury, Sydney NSW", "countryCode": "AU", "seoHierarchy": [{"contextualName": "Minchinbury NSW 2770"}, {"contextualName": "All Sydney NSW"}]}, "listingDate": "2022-12-27T23:18:38Z", "logo": {"id": "", "description": null}, "roleId": "payroll-officer", "salary": "$90,000 - $100,000 including super", "solMetadata": {"searchRequestToken": "d24aa2d0-a6f2-4f75-a4bf-5fdc51773959", "token": "0~d24aa2d0-a6f2-4f75-a4bf-5fdc51773959", "jobId": "59569184", "section": "MAIN", "sectionRank": 238, "jobAdType": "ORGANIC", "tags": {"mordor__flights": "mordor_123"}}, "subClassification": {"id": "1468", "description": "Payroll"}, "suburb": "Minchinbury", "suburbId": 18808, "suburbWhereValue": "Minchinbury NSW 2770", "teaser": "A new and exciting opportunity for a Payroll Officer has become available within our Systems and Analytics team on a 12 month fixed term contract.", "title": "Payroll Officer (Projects)", "tracking": "ewogICJ0b2tlbiI6ICIxY2QzOTgxNy1jOWRkLTk2NmEtODYxNC0yODRmZGM5MzFhOGVfMTgiCn0=", "workType": "Contract/Temp", "isPrivateAdvertiser": false}, {"advertiser": {"id": "27493644", "description": "Aldi Stores"}, "area": "Western Suburbs", "areaId": 5073, "areaWhereValue": "Western Suburbs Melbourne VIC", "automaticInclusion": false, "bulletPoints": [], "classification": {"id": "6043", "description": "Retail & Consumer Products"}, "companyName": "ALDI", "companyProfileStructuredDataId": 5197, "displayType": "standard", "listingDateDisplay": "8d ago", "location": "Melbourne", "locationId": 1002, "locationWhereValue": "All Melbourne VIC", "id": 59596996, "isPremium": false, "isStandOut": false, "jobLocation": {"label": "Altona Meadows, Melbourne VIC", "countryCode": "AU", "seoHierarchy": [{"contextualName": "Altona Meadows VIC 3028"}, {"contextualName": "All Melbourne VIC"}]}, "listingDate": "2023-01-03T08:29:40Z", "logo": {"id": "", "description": null}, "roleId": "store-manager", "salary": "", "solMetadata": {"searchRequestToken": "d24aa2d0-a6f2-4f75-a4bf-5fdc51773959", "token": "0~d24aa2d0-a6f2-4f75-a4bf-5fdc51773959", "jobId": "59596996", "section": "MAIN", "sectionRank": 239, "jobAdType": "ORGANIC", "tags": {"mordor__flights": "mordor_123"}}, "subClassification": {"id": "6047", "description": "Management - Store"}, "suburb": "Altona Meadows", "suburbId": 11181, "suburbWhereValue": "Altona Meadows VIC 3028", "teaser": "From driving sales and controlling costs, to serving customers & training staff, our Duty Store Managers always lead from the front.", "title": "Duty Store Manager - Altona Meadows", "tracking": "ewogICJ0b2tlbiI6ICIxY2QzOTgxNy1jOWRkLTk2NmEtODYxNC0yODRmZGM5MzFhOGVfMTkiCn0=", "workType": "Part Time", "isPrivateAdvertiser": false}, {"advertiser": {"id": "27493644", "description": "Aldi Stores"}, "automaticInclusion": false, "bulletPoints": [], "classification": {"id": "6043", "description": "Retail & Consumer Products"}, "companyName": "ALDI", "companyProfileStructuredDataId": 5197, "displayType": "standard", "listingDateDisplay": "6d ago", "location": "Ballarat & Central Highlands", "locationId": 5076, "locationWhereValue": "Ballarat & Central Highlands VIC", "id": 59613475, "isPremium": false, "isStandOut": false, "jobLocation": {"label": "Ballarat, Ballarat & Central Highlands VIC", "countryCode": "AU", "seoHierarchy": [{"contextualName": "Ballarat VIC 3350"}, {"contextualName": "Ballarat & Central Highlands VIC"}]}, "listingDate": "2023-01-05T00:51:47Z", "logo": {"id": "", "description": null}, "roleId": "store-manager", "salary": "", "solMetadata": {"searchRequestToken": "d24aa2d0-a6f2-4f75-a4bf-5fdc51773959", "token": "0~d24aa2d0-a6f2-4f75-a4bf-5fdc51773959", "jobId": "59613475", "section": "MAIN", "sectionRank": 240, "jobAdType": "ORGANIC", "tags": {"mordor__flights": "mordor_123"}}, "subClassification": {"id": "6047", "description": "Management - Store"}, "suburb": "Ballarat", "suburbId": 16986, "suburbWhereValue": "Ballarat VIC 3350", "teaser": "From driving sales and controlling costs, to serving customers & training staff, our Duty Store Managers always lead from the front.", "title": "Duty Store Manager - Ballarat", "tracking": "ewogICJ0b2tlbiI6ICIxY2QzOTgxNy1jOWRkLTk2NmEtODYxNC0yODRmZGM5MzFhOGVfMjAiCn0=", "workType": "Part Time", "isPrivateAdvertiser": false}], "title": "Jobs in All Australia", "totalCount": 417, "paginationParameters": {"seekSelectAllPages": true, "hadPremiumListings": false}, "info": {"timeTaken": 52, "source": "JobSearch-sm", "experiment": "mordor_123"}, "userQueryId": "a3f7e6f85be73fd8fe2e3d5ea92001b7-7335003", "sortMode": [{"isActive": true, "name": "Relevance", "value": "KeywordRelevance"}, {"isActive": false, "name": "Date", "value": "ListedDate"}], "solMetadata": {"requestToken": "d24aa2d0-a6f2-4f75-a4bf-5fdc51773959", "token": "0~d24aa2d0-a6f2-4f75-a4bf-5fdc51773959", "sortMode": "RELEVANCE", "locations": ["seek-3000"], "locationDistance": 50, "employer": "ALDI", "pageSize": 20, "pageNumber": 12, "totalJobCount": 417, "tags": {"mordor__flights": "mordor_123", "chalice-search-api:solId": "c00c353f-a376-4b96-b397-16e262dbd3d3"}}, "location": {"matched": true, "whereId": 3000, "type": "Country", "suburbType": "rural", "description": "All Australia", "stateDescription": "", "locationId": 3000, "locationDescription": "", "areaId": 0, "areaDescription": "", "suburbParentDescription": ""}, "canonicalCompany": {"id": "5197", "description": "ALDI"}, "companySuggestion": {"search": {"keywords": "ALDI"}, "count": "461"}, "joraCrossLink": {"canCrossLink": false}, "searchParams": {"sitekey": "AU-Main", "sourcesystem": "houston", "userqueryid": "a3f7e6f85be73fd8fe2e3d5ea92001b7-7335003", "userid": "5959404e-631e-45a1-bb3b-2ae481757cf6", "usersessionid": "5959404e-631e-45a1-bb3b-2ae481757cf6", "eventcapturesessionid": "5959404e-631e-45a1-bb3b-2ae481757cf6", "where": "All Australia", "page": "12", "seekselectallpages": "true", "companyname": "ALDI", "include": "seodata", "solid": "c00c353f-a376-4b96-b397-16e262dbd3d3"}}